image,class,group,Gray_dark,Gray_abs,B_dark,B_abs,G_dark,G_abs,R_dark,R_abs,S_dark,S_abs,V_dark,V_abs,L_dark,L_abs,a_dark,a_abs,b_dark,b_abs
China_Drone_000035.jpg,alligator crack,damage,0.004928381875422374,0.096260033954738,0.004911898992895878,0.09492492047009181,0.004862450345316389,0.09652376007516195,0.0051096935832138325,0.09607872224694655,0.016861988824605646,0.022746377886564802,0.0051096935832138325,0.09607872224694655,0.005274522408478794,0.09604575648189355,0.026949512930821342,0.03946002076843198,0.054673721340388004,0.0866340305592642
China_Drone_000035.jpg,alligator crack,control,0.0033789909179317277,0.08981522688687797,0.003444922448037713,0.08694720532726763,0.0033295422703522393,0.09042509354035834,0.0032965765052992467,0.08928777464603009,0.00822495838072162,0.016120259110913318,0.0032965765052992467,0.08928777464603009,0.0034284395655112166,0.08899108276055316,0.02333976165751867,0.03974022977138242,0.07425538578186554,0.12441279730999358
China_Drone_000035.jpg,longitudinal crack,damage,0.08472686733556299,0.2692307692307692,0.08138238573021182,0.26031215161649945,0.08639910813823858,0.27201783723522854,0.08305462653288741,0.26477146042363436,0.010590858416945374,0.04069119286510591,0.08305462653288741,0.26477146042363436,0.08472686733556299,0.26477146042363436,0.10758082497212931,0.10758082497212931,0.0,0.17837235228539577
China_Drone_000035.jpg,longitudinal crack,control,0.013377926421404682,0.22408026755852842,0.014492753623188406,0.21516164994425863,0.013935340022296544,0.22630992196209587,0.013377926421404682,0.2229654403567447,0.0,0.00947603121516165,0.013377926421404682,0.2229654403567447,0.01282051282051282,0.21683389074693424,0.002229654403567447,0.010033444816053512,0.023411371237458192,0.19063545150501673
China_Drone_000209.jpg,longitudinal crack,damage,0.06916076845298282,0.41577350859453993,0.09221435793731042,0.42002022244691606,0.06875631951466127,0.4171890798786653,0.06531850353892821,0.41739130434782606,0.5271991911021233,0.6050556117290192,0.09140546006066734,0.421840242669363,0.0634984833164813,0.4097067745197169,0.029726996966632963,0.06936299292214358,0.012740141557128413,0.13063700707785642
China_Drone_000209.jpg,longitudinal crack,control,0.005460060667340748,0.010111223458038422,0.008695652173913044,0.01435793731041456,0.0058645096056622855,0.010515672396359959,0.006875631951466127,0.012335692618806876,0.1672396359959555,0.344994944388271,0.008695652173913044,0.01435793731041456,0.004853387259858443,0.008897876643073812,0.025884732052578362,0.05055611729019211,0.015369059656218402,0.03498483316481294
China_Drone_000209.jpg,transverse crack,damage,0.0499359795134443,0.058898847631242,0.04865556978233035,0.06017925736235595,0.052496798975672214,0.06274007682458387,0.0499359795134443,0.06017925736235595,0.030729833546734954,0.1088348271446863,0.04865556978233035,0.06017925736235595,0.046094750320102434,0.05441741357234315,0.0,0.003201024327784891,0.0,0.0
China_Drone_000209.jpg,transverse crack,control,0.006402048655569782,0.03265044814340589,0.0076824583866837385,0.027528809218950064,0.0076824583866837385,0.03713188220230474,0.006402048655569782,0.030089628681177975,0.03393085787451985,0.1382842509603073,0.0076824583866837385,0.027528809218950064,0.006402048655569782,0.026248399487836107,0.028169014084507043,0.040973111395646605,0.0076824583866837385,0.012804097311139564
China_Drone_000211.jpg,transverse crack,damage,0.23867924528301887,0.33584905660377357,0.16226415094339622,0.1792452830188679,0.2481132075471698,0.3433962264150943,0.2179245283018868,0.33867924528301885,0.27264150943396226,0.5216981132075472,0.15660377358490565,0.17547169811320754,0.24150943396226415,0.33962264150943394,0.0,0.10471698113207548,0.04622641509433962,0.04622641509433962
China_Drone_000211.jpg,transverse crack,control,0.09622641509433963,0.20660377358490567,0.024528301886792454,0.04905660377358491,0.1009433962264151,0.2169811320754717,0.11320754716981132,0.22830188679245284,0.2811320754716981,0.44150943396226416,0.017924528301886792,0.04245283018867924,0.09716981132075472,0.2037735849056604,0.052830188679245285,0.052830188679245285,0.0,0.0
China_Drone_000211.jpg,longitudinal crack,damage,0.09565217391304348,0.1426086956521739,0.034782608695652174,0.035652173913043476,0.09652173913043478,0.15043478260869564,0.10434782608695652,0.15,0.004347826086956522,0.04521739130434783,0.03391304347826087,0.034782608695652174,0.0817391304347826,0.12434782608695652,0.00608695652173913,0.00608695652173913,0.0,0.0
China_Drone_000211.jpg,longitudinal crack,control,0.01565217391304348,0.05608695652173913,0.0,0.0004347826086956522,0.01608695652173913,0.05652173913043478,0.02043478260869565,0.06217391304347826,0.009565217391304347,0.06652173913043478,0.0,0.0004347826086956522,0.010434782608695653,0.03782608695652174,0.025217391304347827,0.025217391304347827,0.0,0.0
China_Drone_000228.jpg,transverse crack,damage,0.07100591715976332,0.07333691949076565,0.07064730141653218,0.07297830374753451,0.07172314864622557,0.07423345884884347,0.07100591715976332,0.07333691949076565,0.08642639411870182,0.20387305002689618,0.07064730141653218,0.07297830374753451,0.09503317195624889,0.10274341043571812,0.02689618074233459,0.038730500268961805,0.011117088040164964,0.04303388918773534
China_Drone_000228.jpg,transverse crack,control,0.0032275416890801506,0.0037654653039268424,0.0032275416890801506,0.0039447731755424065,0.0032275416890801506,0.0039447731755424065,0.0037654653039268424,0.004303388918773534,0.02689618074233459,0.044468352160659856,0.0032275416890801506,0.0037654653039268424,0.009324009324009324,0.012551551013089475,0.0,0.0,0.0,0.0007172314864622557
China_Drone_000228.jpg,transverse crack,damage,0.10059171597633136,0.10443786982248521,0.10088757396449705,0.10502958579881656,0.10029585798816568,0.10414201183431952,0.09881656804733728,0.10295857988165681,0.05118343195266272,0.21627218934911244,0.10088757396449705,0.10502958579881656,0.12633136094674557,0.13816568047337277,0.03905325443786982,0.05621301775147929,0.0073964497041420114,0.034023668639053255
China_Drone_000228.jpg,transverse crack,control,0.013905325443786982,0.022189349112426034,0.014497041420118343,0.023076923076923078,0.014201183431952662,0.022485207100591716,0.013905325443786982,0.022189349112426034,0.0,0.0363905325443787,0.014201183431952662,0.022485207100591716,0.03609467455621302,0.05414201183431953,0.0,0.0,0.0,0.0
China_Drone_000230.jpg,longitudinal crack,damage,0.00025687130747495504,0.022176556212004452,0.0001712475383166367,0.022433427519479406,0.0001712475383166367,0.021834061135371178,0.0004281188457915917,0.022176556212004452,0.033478893740902474,0.13314496104118503,0.0001712475383166367,0.02226217998116277,0.0005137426149499101,0.019436595598938265,0.0,0.0,0.03416388389416902,0.0863087593115849
China_Drone_000230.jpg,longitudinal crack,control,0.003168079458857779,0.05719667779775666,0.003168079458857779,0.0569398064902817,0.0033393269971744156,0.0583097867968148,0.002911208151382824,0.057367925336073294,0.062419727716414075,0.1889716585324086,0.002996831920541142,0.05771042041270657,0.0025687130747495505,0.044438736193167225,8.562376915831835e-05,0.0032537032280160975,0.07423580786026202,0.21474441304906242
China_Drone_000230.jpg,longitudinal crack,damage,0.003103124774482211,0.01710326910586707,0.0034639532366313053,0.016958937721007435,0.003103124774482211,0.016886772028577614,0.0028144620047629355,0.016742440643717976,0.04712419715667172,0.1300425777585336,0.002670130619903298,0.016814606336147796,0.0025257992350436603,0.01335065309951649,0.0,0.00043299415457891317,0.09331024031175579,0.16590892689615358
China_Drone_000230.jpg,longitudinal crack,control,0.009453705708306271,0.027783791585480264,0.008587717399148445,0.027062134661182072,0.010103196940174641,0.029010608356787183,0.009092877246157177,0.02662914050660316,0.026412643429313706,0.09857833585913257,0.009165042938586996,0.02735079743090135,0.0073609006278415245,0.020639388034928194,0.00014433138485963774,0.0003608284621490943,0.04012412499097929,0.13076423468283177
China_Drone_000297.jpg,transverse crack,damage,0.005988023952095809,0.006736526946107785,0.005988023952095809,0.007110778443113772,0.0031187624750499,0.003493013972055888,0.003243512974051896,0.0036177644710578844,0.0,0.000124750499001996,0.003243512974051896,0.0036177644710578844,0.0042415169660678645,0.004615768463073852,0.000998003992015968,0.007859281437125748,0.0,0.0
China_Drone_000297.jpg,transverse crack,control,0.02557385229540918,0.07896706586826348,0.01971057884231537,0.0654940119760479,0.014845309381237525,0.059880239520958084,0.0155938123752495,0.05775948103792415,0.024825349301397206,0.11002994011976049,0.015469061876247504,0.06037924151696607,0.026821357285429143,0.0753493013972056,0.018338323353293412,0.029316367265469063,0.03418163672654691,0.09106786427145709
China_Drone_000308.jpg,longitudinal crack,damage,0.1163003663003663,0.5316442816442817,0.042836792836792835,0.340964590964591,0.0405982905982906,0.341982091982092,0.040293040293040296,0.3413715913715914,0.000407000407000407,0.04934879934879935,0.039987789987789985,0.34106634106634104,0.1052096052096052,0.5062067562067563,0.015364265364265365,0.02614977614977615,0.000407000407000407,0.03886853886853887
China_Drone_000308.jpg,longitudinal crack,control,0.007020757020757021,0.009361009361009361,0.000814000814000814,0.000814000814000814,0.000407000407000407,0.0005087505087505087,0.00030525030525030525,0.00030525030525030525,0.0,0.007326007326007326,0.00030525030525030525,0.00030525030525030525,0.005901505901505902,0.007529507529507529,0.0011192511192511193,0.0011192511192511193,0.00010175010175010175,0.008750508750508751
China_Drone_000308.jpg,longitudinal crack,damage,0.1356971474273527,0.6041055718475073,0.08291122367368702,0.4357948991380076,0.08175597618412868,0.4384608548831423,0.08335554963120946,0.43774993335110635,0.0001777303830089754,0.014129565449213543,0.08344441482271395,0.43810539411712435,0.12752154980893984,0.5808228916733316,0.011374744512574425,0.017595307917888565,0.002221629787612192,0.03847862792144317
China_Drone_000308.jpg,longitudinal crack,control,0.029769839154003375,0.048342664178441304,0.005331911490269262,0.015373678130276371,0.005509641873278237,0.015373678130276371,0.006664889362836577,0.015995734470807786,0.0027548209366391185,0.007731271660890429,0.006487158979827602,0.01581800408779881,0.027015018217364257,0.04292188749666755,0.0057762374477917,0.01386296987470008,0.005331911490269262,0.006398293788323114
China_Drone_000474.jpg,longitudinal crack,damage,0.028474903474903474,0.25128700128700127,0.03812741312741313,0.24774774774774774,0.029601029601029602,0.2520913770913771,0.02702702702702703,0.2516087516087516,0.14462676962676962,0.27364864864864863,0.03314028314028314,0.25096525096525096,0.028153153153153154,0.2401866151866152,0.004826254826254826,0.03362290862290862,0.002413127413127413,0.011422136422136422
China_Drone_000474.jpg,longitudinal crack,control,0.00032175032175032174,0.001287001287001287,0.0006435006435006435,0.0016087516087516086,0.00016087516087516087,0.0014478764478764478,0.0017696267696267697,0.0027348777348777348,0.0694980694980695,0.11068211068211069,0.0006435006435006435,0.0014478764478764478,0.00016087516087516087,0.0006435006435006435,0.0074002574002574005,0.017535392535392536,0.0,0.0
China_Drone_000474.jpg,longitudinal crack,damage,0.05883720930232558,0.06302325581395349,0.05930232558139535,0.06186046511627907,0.05976744186046511,0.0641860465116279,0.05976744186046511,0.06255813953488372,0.0,0.02558139534883721,0.05930232558139535,0.06186046511627907,0.050465116279069765,0.0527906976744186,0.01,0.01,0.0,0.0
China_Drone_000474.jpg,longitudinal crack,control,0.00046511627906976747,0.0006976744186046512,0.00046511627906976747,0.0006976744186046512,0.00046511627906976747,0.0006976744186046512,0.00023255813953488373,0.0006976744186046512,0.07186046511627907,0.07534883720930233,0.00046511627906976747,0.0006976744186046512,0.00046511627906976747,0.0006976744186046512,0.0,0.0011627906976744186,0.0,0.0
China_Drone_000474.jpg,alligator crack,damage,0.049239222316145394,0.051775147928994084,0.04775993237531699,0.049873203719357564,0.04966187658495351,0.05198647506339814,0.047337278106508875,0.04966187658495351,0.05409974640743871,0.13736263736263737,0.04860524091293322,0.05114116652578191,0.044167371090448014,0.0452240067624683,0.0,0.00042265426880811494,0.0,0.0
China_Drone_000474.jpg,alligator crack,control,0.0031699070160608623,0.0033812341504649195,0.00422654268808115,0.005283178360101437,0.0027472527472527475,0.0031699070160608623,0.0033812341504649195,0.0038038884192730348,0.17011834319526628,0.20646661031276417,0.004015215553677092,0.0048605240912933225,0.00253592561284869,0.0027472527472527475,0.0,0.0,0.0,0.0
China_Drone_000474.jpg,alligator crack,damage,0.034373586612392586,0.06775214834916328,0.03591135232926278,0.06974219810040705,0.034735413839891455,0.06883763003165988,0.03482587064676617,0.0683853459972863,0.08331071913161466,0.14626865671641792,0.034916327453640886,0.0683853459972863,0.029760289461782,0.06123925825418363,0.0,0.007779285391225689,0.0,0.0
China_Drone_000474.jpg,alligator crack,control,0.004975124378109453,0.04206241519674356,0.004794210764360018,0.04206241519674356,0.00506558118498417,0.04224332881049299,0.004522840343735866,0.041429217548620535,0.07806422433288104,0.14274084124830394,0.004794210764360018,0.04188150158299412,0.004070556309362279,0.0391677973767526,0.0,0.003165988240615106,0.0,0.0
China_Drone_000525.jpg,transverse crack,damage,0.03256633883837447,0.0398033030246799,0.027834477639636295,0.0358136945629987,0.03191686769344962,0.03896826869549082,0.03479309704954537,0.04230840601224717,0.032287994061978104,0.16348116533679719,0.029411764705882353,0.037205418444980515,0.038040452774169606,0.04444238263128595,0.011783262200779365,0.04574132492113565,0.07366858415290406,0.08452403043236222
China_Drone_000525.jpg,transverse crack,control,0.02922620152161811,0.03850436073483021,0.022360363703841157,0.03098905177212841,0.028576730376693265,0.037576544813509,0.03210243087771386,0.042122842827982926,0.051215438856930785,0.1269252180367415,0.028391167192429023,0.03683429207645203,0.03395806272035628,0.042030061235850805,0.017628502505102988,0.06327704583410651,0.04221562442011505,0.05427723139729078
China_Drone_000525.jpg,transverse crack,damage,0.007528011204481793,0.012955182072829132,0.00857843137254902,0.014180672268907563,0.007878151260504201,0.013480392156862746,0.007352941176470588,0.01365546218487395,0.15808823529411764,0.40913865546218486,0.008928571428571428,0.014180672268907563,0.012780112044817927,0.0196078431372549,0.06547619047619048,0.09943977591036414,0.0822829131652661,0.14688375350140057
China_Drone_000525.jpg,transverse crack,control,0.0031512605042016808,0.004026610644257703,0.002976190476190476,0.003676470588235294,0.0031512605042016808,0.004026610644257703,0.0031512605042016808,0.004376750700280112,0.16736694677871147,0.2914915966386555,0.0028011204481792717,0.003851540616246499,0.00507703081232493,0.0063025210084033615,0.004551820728291317,0.04114145658263305,0.04446778711484594,0.1053921568627451
China_Drone_000590.jpg,longitudinal crack,damage,0.07489481065918653,0.09495091164095372,0.07671809256661992,0.097054698457223,0.07685834502103787,0.09691444600280505,0.07166900420757363,0.09382889200561009,0.10855539971949509,0.18653576437587657,0.07671809256661992,0.097054698457223,0.07573632538569425,0.09200561009817672,0.008134642356241234,0.020476858345021037,0.0,0.0
China_Drone_000590.jpg,longitudinal crack,control,0.008415147265077139,0.025105189340813464,0.008274894810659187,0.025385694249649367,0.00785413744740533,0.024964936886395513,0.008695652173913044,0.02608695652173913,0.027489481065918652,0.0753155680224404,0.008274894810659187,0.025385694249649367,0.007152875175315568,0.020476858345021037,0.0,0.0,0.0,0.0
China_Drone_000692.jpg,transverse crack,damage,0.005326806795277857,0.005326806795277857,0.005326806795277857,0.005326806795277857,0.0056147422977253095,0.0056147422977253095,0.005470774546501584,0.005470774546501584,0.0,0.0,0.005758710048949035,0.005758710048949035,0.004463000287935503,0.004463000287935503,0.0,0.0,0.0,0.0
China_Drone_000692.jpg,transverse crack,control,0.00028793550244745177,0.00028793550244745177,0.00028793550244745177,0.00028793550244745177,0.00028793550244745177,0.00028793550244745177,0.00028793550244745177,0.00028793550244745177,0.0,0.019147710912755543,0.00028793550244745177,0.00028793550244745177,0.00028793550244745177,0.00028793550244745177,0.006910452058738843,0.020299452922545348,0.0008638065073423554,0.01468471062482004
China_Drone_000743.jpg,transverse crack,damage,0.0,0.027848639455782313,0.0,0.032525510204081634,0.0,0.0274234693877551,0.0,0.02848639455782313,0.0,0.0,0.0,0.027210884353741496,0.0,0.025510204081632654,0.0,0.0,0.0,0.0
China_Drone_000743.jpg,transverse crack,control,0.006164965986394558,0.06398809523809523,0.008928571428571428,0.06909013605442177,0.007227891156462585,0.0663265306122449,0.005952380952380952,0.06292517006802721,0.00233843537414966,0.022108843537414966,0.005952380952380952,0.06207482993197279,0.00701530612244898,0.06292517006802721,0.011054421768707483,0.01764455782312925,0.00021258503401360543,0.019345238095238096
China_Drone_000785.jpg,longitudinal crack,damage,0.014269406392694063,0.023972602739726026,0.01569634703196347,0.024257990867579907,0.014554794520547944,0.02454337899543379,0.013984018264840182,0.02454337899543379,0.016837899543378994,0.05850456621004566,0.013984018264840182,0.02454337899543379,0.014840182648401826,0.024257990867579907,0.0,0.0,0.059931506849315065,0.125
China_Drone_000785.jpg,longitudinal crack,control,0.0008561643835616438,0.010844748858447488,0.0017123287671232876,0.010559360730593607,0.0008561643835616438,0.01113013698630137,0.0008561643835616438,0.010273972602739725,0.0410958904109589,0.1295662100456621,0.0008561643835616438,0.010273972602739725,0.0008561643835616438,0.010273972602739725,0.0,0.0,0.05736301369863014,0.10473744292237443
China_Drone_000790.jpg,transverse crack,damage,0.004366206944348187,0.01212835262318941,0.0036211795689236955,0.011556587428096196,0.00434888072631506,0.012093700187123154,0.004885993485342019,0.012630812946150115,0.012925358652713286,0.03342227458590339,0.004885993485342019,0.012630812946150115,0.00549241111650149,0.011469956337930557,0.0046434264328782315,0.013167925705177073,0.005267170282070829,0.012942684870746414
China_Drone_000790.jpg,transverse crack,control,0.002564280268902904,0.009477441264120867,0.000831658465590131,0.008819044978862014,0.0028241735393998196,0.009737334534617784,0.002702890013167926,0.009771986970684038,0.06823064661445699,0.1610991752720216,0.002685563795134798,0.009720008316584657,0.0031013930279298633,0.00892300228706078,0.039226557627001175,0.09169034583131194,0.05708988841915587,0.14037701850440085
China_Drone_000823.jpg,transverse crack,damage,0.017619252256123763,0.017619252256123763,0.01675977653631285,0.01675977653631285,0.015685431886549205,0.015685431886549205,0.012462397937258273,0.012462397937258273,0.0,0.0010743446497636442,0.012462397937258273,0.012462397937258273,0.01633003867640739,0.01633003867640739,0.0,0.0010743446497636442,0.002793296089385475,0.002793296089385475
China_Drone_000823.jpg,transverse crack,control,0.10034379028792437,0.15449076063601203,0.1005586592178771,0.1476149548775247,0.09346798452943704,0.1557799742157284,0.0812204555221315,0.11860764933390631,0.042973785990545764,0.13235926085088096,0.07713794585302965,0.1192522561237645,0.10421143102707349,0.16437473141383757,0.035668242372152985,0.061452513966480445,0.02943704340352385,0.07606360120326601
China_Drone_000823.jpg,longitudinal crack,damage,0.009906759906759906,0.015151515151515152,0.008158508158508158,0.013403263403263404,0.011072261072261072,0.016317016317016316,0.004079254079254079,0.008158508158508158,0.01048951048951049,0.0168997668997669,0.004662004662004662,0.008158508158508158,0.01048951048951049,0.015734265734265736,0.0,0.027972027972027972,0.0,0.0
China_Drone_000823.jpg,longitudinal crack,control,0.08041958041958042,0.16142191142191142,0.10023310023310024,0.17016317016317017,0.07983682983682984,0.17016317016317017,0.07284382284382285,0.12762237762237763,0.041375291375291376,0.09032634032634032,0.07284382284382285,0.12762237762237763,0.08333333333333333,0.16433566433566432,0.023310023310023312,0.03671328671328671,0.0,0.014568764568764568
China_Drone_000823.jpg,alligator crack,damage,0.009838709677419354,0.009838709677419354,0.01,0.01,0.01032258064516129,0.01032258064516129,0.005161290322580645,0.005161290322580645,0.0,0.0,0.005161290322580645,0.005161290322580645,0.009838709677419354,0.009838709677419354,0.0,0.0,0.0,0.0
China_Drone_000823.jpg,alligator crack,control,0.0,0.0,0.0,0.0,0.0,0.0,0.0,0.0,0.0,0.0,0.0,0.0,0.0,0.0,0.0,0.0,0.0,0.0
China_Drone_000823.jpg,longitudinal crack,damage,0.0050217609641781055,0.0050217609641781055,0.0036826247070639436,0.0036826247070639436,0.005356545028456646,0.005356545028456646,0.0016739203213927017,0.0016739203213927017,0.0,0.0006695681285570807,0.0016739203213927017,0.0016739203213927017,0.0050217609641781055,0.0050217609641781055,0.0,0.0,0.0,0.0
China_Drone_000823.jpg,longitudinal crack,control,0.0033478406427854034,0.0033478406427854034,0.0036826247070639436,0.0036826247070639436,0.004017408771342484,0.004017408771342484,0.0013391362571141614,0.0013391362571141614,0.0,0.0,0.0013391362571141614,0.0013391362571141614,0.0033478406427854034,0.0033478406427854034,0.0,0.0,0.0,0.0
China_Drone_000823.jpg,longitudinal crack,damage,0.00391304347826087,0.004347826086956522,0.004782608695652174,0.004782608695652174,0.004347826086956522,0.004782608695652174,0.0026086956521739132,0.0026086956521739132,0.0,0.0004347826086956522,0.0026086956521739132,0.0026086956521739132,0.00391304347826087,0.00391304347826087,0.0,0.0,0.0,0.0
China_Drone_000823.jpg,longitudinal crack,control,0.03173913043478261,0.07173913043478261,0.04173913043478261,0.06695652173913043,0.025652173913043478,0.09,0.025217391304347827,0.03826086956521739,0.011739130434782608,0.027391304347826086,0.025217391304347827,0.03826086956521739,0.029130434782608697,0.07,0.0004347826086956522,0.0004347826086956522,0.0,0.003043478260869565
China_Drone_000826.jpg,longitudinal crack,damage,0.014823717948717948,0.034054487179487176,0.013922275641025642,0.03395432692307692,0.015024038461538462,0.034254807692307696,0.015024038461538462,0.034254807692307696,0.0,0.0011017628205128205,0.015024038461538462,0.034254807692307696,0.012419871794871794,0.027243589743589744,0.005108173076923077,0.005108173076923077,0.0,0.0
China_Drone_000826.jpg,longitudinal crack,control,0.0033052884615384615,0.020232371794871796,0.003205128205128205,0.020833333333333332,0.003405448717948718,0.020232371794871796,0.003405448717948718,0.020532852564102564,0.0,0.00030048076923076925,0.003405448717948718,0.020532852564102564,0.0023036858974358975,0.015024038461538462,0.0,0.0,0.0,0.0
China_Drone_001040.jpg,transverse crack,damage,0.1126152073732719,0.11866359447004608,0.11347926267281105,0.11981566820276497,0.11491935483870967,0.12211981566820276,0.1126152073732719,0.11866359447004608,0.11290322580645161,0.2059331797235023,0.11347926267281105,0.11981566820276497,0.11002304147465437,0.11578341013824885,0.02476958525345622,0.043202764976958526,0.01152073732718894,0.01152073732718894
China_Drone_001040.jpg,transverse crack,control,0.05040322580645161,0.07805299539170507,0.0538594470046083,0.08064516129032258,0.048963133640553,0.0771889400921659,0.05414746543778802,0.08611751152073732,0.1396889400921659,0.2880184331797235,0.05501152073732719,0.08064516129032258,0.04925115207373272,0.0699884792626728,0.004320276497695853,0.08093317972350231,0.0,0.0
China_Drone_001040.jpg,transverse crack,damage,0.04867511520737327,0.05289938556067588,0.04742703533026114,0.05174731182795699,0.04819508448540707,0.05309139784946237,0.04867511520737327,0.05424347158218126,0.10435867895545314,0.2658410138248848,0.04742703533026114,0.05174731182795699,0.04406682027649769,0.0478110599078341,0.019873271889400922,0.02054531490015361,0.017665130568356373,0.017665130568356373
China_Drone_001040.jpg,transverse crack,control,0.0034562211981566822,0.007200460829493088,0.0036482334869431645,0.007104454685099846,0.004032258064516129,0.007968509984639017,0.004224270353302612,0.008832565284178187,0.14036098310291859,0.2844662058371736,0.0036482334869431645,0.007104454685099846,0.0025921658986175116,0.005568356374807988,0.00825652841781874,0.027745775729646698,0.018625192012288787,0.018625192012288787
China_Drone_001040.jpg,transverse crack,damage,0.09881584320130665,0.10330747243772968,0.09595753368721928,0.1037158023683136,0.09963250306247448,0.10412413229889751,0.10289914250714577,0.10779910167415271,0.07758268681094324,0.19436504695794202,0.09636586361780318,0.10412413229889751,0.09595753368721928,0.09759085340955492,0.016333197223356473,0.06533278889342589,0.02449979583503471,0.02449979583503471
China_Drone_001040.jpg,transverse crack,control,0.057982850142915474,0.08534095549203756,0.06410779910167415,0.09064924458962842,0.06124948958758677,0.08860759493670886,0.05553287055941201,0.08452429563086974,0.08983258472846059,0.28664761126990607,0.05920783993466721,0.08574928542262147,0.05471621069824418,0.08003266639444671,0.0,0.011841567986933442,0.0008166598611678236,0.0008166598611678236
China_Drone_001040.jpg,longitudinal crack,damage,0.05067015364498202,0.3566525008172605,0.06472703497875122,0.34619156587119976,0.05328538738149722,0.36351748937561296,0.049689440993788817,0.35599869238313175,0.2889833278849297,0.32461588754494936,0.06341941811049362,0.34880679960771493,0.04707420725727362,0.34978751225890814,0.005230467473030402,0.038901601830663615,0.005230467473030402,0.005230467473030402
China_Drone_001040.jpg,longitudinal crack,control,0.006538084341288003,0.008826413860738803,0.006211180124223602,0.009480222294867604,0.006211180124223602,0.009480222294867604,0.005557371690094802,0.008499509643674403,0.05786204642039882,0.14024190912062764,0.006211180124223602,0.009153318077803204,0.0049035632559660015,0.007191892775416803,0.005557371690094802,0.02353710362863681,0.004576659038901602,0.004576659038901602
China_Drone_001041.jpg,alligator crack,damage,0.09986102838991463,0.16398649990073458,0.04390013897161008,0.0669049037125273,0.10025809013301569,0.1646813579511614,0.10020845741512806,0.1648054397458805,0.17339189994044074,0.328121897955132,0.10008437562040898,0.16535139964264442,0.09234167162993845,0.1525709747865793,0.030970815961882073,0.036628945801072066,0.011514790549930515,0.04806928727417113
China_Drone_001041.jpg,alligator crack,control,0.0385646217986897,0.05794619813380981,0.0066756005558864405,0.008164582092515386,0.039433194361723246,0.0585666071074052,0.03908576533650983,0.058889219773674804,0.1344550327575938,0.26647806233869364,0.03906094897756601,0.05876513797895573,0.03600853682747667,0.05149394480841771,0.019604923565614454,0.025213420686916815,0.0029779630732578916,0.026230891403613264
China_Drone_001041.jpg,longitudinal crack,damage,0.07980364656381486,0.1282608695652174,0.032889200561009815,0.044249649368863955,0.08022440392706873,0.12980364656381488,0.07980364656381486,0.12924263674614306,0.12896213183730715,0.31809256661991586,0.07994389901823282,0.12952314165497897,0.07370266479663394,0.11318373071528752,0.015778401122019635,0.03127629733520337,0.028962131837307153,0.05659186535764376
China_Drone_001041.jpg,longitudinal crack,control,0.0864656381486676,0.16760168302945302,0.038218793828892005,0.0788218793828892,0.08976157082748948,0.17124824684431977,0.08478260869565217,0.16654978962131836,0.10932678821879382,0.26654978962131837,0.08513323983169706,0.16774193548387098,0.091164095371669,0.1703366058906031,0.03155680224403927,0.06360448807854137,0.07272089761570827,0.10483870967741936
China_Drone_001057.jpg,transverse crack,damage,0.104328165374677,0.11611757105943152,0.0872093023255814,0.09253875968992248,0.10626614987080103,0.11837855297157623,0.08672480620155039,0.0917312661498708,0.0,0.03601421188630491,0.08640180878552972,0.0917312661498708,0.104812661498708,0.11531007751937984,0.021479328165374678,0.11272609819121447,0.0355297157622739,0.0687984496124031
China_Drone_001057.jpg,transverse crack,control,0.24773901808785528,0.4481589147286822,0.2018733850129199,0.3422157622739018,0.2451550387596899,0.4471899224806202,0.20251937984496124,0.3456072351421189,0.05749354005167959,0.1726421188630491,0.2023578811369509,0.34463824289405687,0.24628552971576229,0.44137596899224807,0.17296511627906977,0.2969961240310077,0.08753229974160207,0.2454780361757106
China_Drone_001198.jpg,longitudinal crack,damage,0.017107046070460704,0.03599254742547425,0.016260162601626018,0.03514566395663957,0.0168529810298103,0.03599254742547425,0.01753048780487805,0.03573848238482385,0.18174119241192413,0.31080623306233063,0.0168529810298103,0.035823170731707314,0.017107046070460704,0.03480691056910569,0.013550135501355014,0.015413279132791328,0.03184281842818428,0.08816056910569106
China_Drone_001198.jpg,longitudinal crack,control,0.0040650406504065045,0.02599932249322493,0.004403794037940379,0.02455962059620596,0.004149728997289973,0.026507452574525744,0.004149728997289973,0.02633807588075881,0.11619241192411923,0.25474254742547425,0.004149728997289973,0.026676829268292682,0.004149728997289973,0.02464430894308943,0.006012872628726287,0.0075372628726287265,0.02108739837398374,0.0953590785907859
China_Drone_001327.jpg,alligator crack,damage,0.006455399061032864,0.03282472613458529,0.006651017214397496,0.03302034428794992,0.006259780907668232,0.03243348982785602,0.006729264475743349,0.03337245696400626,0.10582942097026604,0.2254694835680751,0.006181533646322379,0.032316118935837246,0.005672926447574335,0.02773865414710485,0.00242566510172144,0.002777777777777778,0.006142410015649452,0.04597026604068857
China_Drone_001327.jpg,alligator crack,control,0.004303599374021909,0.031103286384976527,0.005164319248826291,0.03161189358372457,0.004420970266040688,0.030985915492957747,0.004342723004694835,0.03125978090766823,0.14651799687010955,0.3193270735524257,0.004460093896713615,0.031025039123630672,0.004029733959311424,0.02773865414710485,0.0021517996870109544,0.0023082942097026604,0.006025039123630673,0.06122848200312989
China_Drone_001368.jpg,alligator crack,damage,0.04938271604938271,0.08869395711500974,0.051332033788174136,0.08836907082521117,0.049707602339181284,0.08999350227420402,0.048408057179987,0.08869395711500974,0.07407407407407407,0.2508122157244964,0.04873294346978557,0.08836907082521117,0.06692657569850552,0.12313190383365821,0.028589993502274202,0.028589993502274202,0.0,0.021442495126705652
China_Drone_001368.jpg,alligator crack,control,0.03573749187784275,0.05198180636777128,0.03378817413905133,0.049707602339181284,0.036062378167641324,0.051332033788174136,0.03476283300844704,0.05230669265756985,0.11630929174788823,0.36712150747238464,0.03541260558804418,0.05230669265756985,0.04256010396361273,0.0682261208576998,0.05588044184535412,0.06042884990253411,0.004548408057179987,0.043209876543209874
China_Drone_001368.jpg,transverse crack,damage,0.010390982740401549,0.06093694963015146,0.010743219443466009,0.060232476224022544,0.010390982740401549,0.06146530468474815,0.010743219443466009,0.06076083127861923,0.09369496301514618,0.24498062698133147,0.010567101091933779,0.06164142303628038,0.019725255371609723,0.08594575554772807,0.021134202183867558,0.021134202183867558,0.0,0.04737583656216978
China_Drone_001368.jpg,transverse crack,control,0.005988023952095809,0.07995773159563227,0.005459668897499119,0.0783726664318422,0.005811905600563579,0.07978161324410003,0.006164142303628038,0.08013384994716449,0.07890102148643889,0.2652342374075379,0.005811905600563579,0.07995773159563227,0.01514617823177175,0.10021134202183868,0.013913349771046144,0.013913349771046144,0.0,0.04596688974991194
China_Drone_001406.jpg,transverse crack,damage,0.04570446735395189,0.05890034364261169,0.045154639175257735,0.058487972508591064,0.04618556701030928,0.05993127147766323,0.04542955326460481,0.05862542955326461,0.0006185567010309278,0.030171821305841923,0.0452233676975945,0.05862542955326461,0.04666666666666667,0.05903780068728522,0.015395189003436427,0.045154639175257735,0.026804123711340205,0.02810996563573883
China_Drone_001406.jpg,transverse crack,control,0.029140893470790376,0.039037800687285226,0.029003436426116837,0.038625429553264604,0.029209621993127148,0.039037800687285226,0.02907216494845361,0.03869415807560137,0.0,0.006941580756013746,0.02907216494845361,0.038625429553264604,0.027628865979381443,0.035876288659793816,0.01147766323024055,0.015189003436426117,0.0,0.0
China_Drone_001473.jpg,transverse crack,damage,0.021646516983304546,0.022337363270005756,0.021070811744386873,0.021761658031088083,0.022682786413356363,0.02337363270005757,0.0204951065054692,0.021301093839953943,0.0009211283822682787,0.004375359815774324,0.02072538860103627,0.02141623488773748,0.02003454231433506,0.0204951065054692,0.0,0.0,0.02026482440990213,0.03223949337938975
China_Drone_001473.jpg,transverse crack,control,0.19124928036845135,0.29798503166378815,0.1927461139896373,0.29902130109383995,0.19170984455958548,0.2987910189982729,0.1910189982728843,0.29971214738054114,0.04317789291882556,0.2171560161197467,0.19286125503742085,0.30063327576280946,0.190097869890616,0.2937248128957973,0.0008059873344847438,0.0011514104778353484,0.13126079447322972,0.22982153137593553
China_Drone_001501.jpg,transverse crack,damage,0.017878605769230768,0.017878605769230768,0.01817908653846154,0.01817908653846154,0.01817908653846154,0.01817908653846154,0.018780048076923076,0.018780048076923076,0.0,0.001953125,0.01893028846153846,0.01893028846153846,0.030949519230769232,0.030949519230769232,0.0,0.0,0.0013521634615384615,0.009314903846153846
China_Drone_001501.jpg,transverse crack,control,0.0811298076923077,0.14483173076923078,0.0809795673076923,0.14603365384615385,0.083984375,0.14738581730769232,0.0811298076923077,0.1484375,0.033203125,0.14122596153846154,0.08128004807692307,0.1485877403846154,0.11328125,0.20252403846153846,0.006310096153846154,0.022686298076923076,0.08713942307692307,0.19756610576923078
China_Drone_001669.jpg,longitudinal crack,damage,0.011629852744310576,0.011629852744310576,0.011462516733601071,0.011462516733601071,0.012048192771084338,0.012048192771084338,0.002928380187416332,0.002928380187416332,0.0020917001338688086,0.0051874163319946456,0.002928380187416332,0.002928380187416332,0.012215528781793841,0.012215528781793841,0.0009203480589022757,0.0009203480589022757,0.02677376171352075,0.03304886211512718
China_Drone_001669.jpg,longitudinal crack,control,0.0018406961178045514,0.0024263721552878178,0.0018406961178045514,0.0024263721552878178,0.0020917001338688086,0.0025100401606425703,0.0004183400267737617,0.0006693440428380187,0.0005856760374832664,0.0014223560910307897,0.0004183400267737617,0.0006693440428380187,0.0018406961178045514,0.0024263721552878178,8.366800535475234e-05,8.366800535475234e-05,0.006609772423025435,0.006609772423025435
China_Drone_001708.jpg,transverse crack,damage,0.00936157151626765,0.010589318600368325,0.013351749539594844,0.013812154696132596,0.009975445058317987,0.011049723756906077,0.008133824432166974,0.009975445058317987,0.06108041743400859,0.10006138735420503,0.008287292817679558,0.009668508287292817,0.008901166359729895,0.009975445058317987,0.025168815224063844,0.0403621853898097,0.01810926949048496,0.04910988336402701
China_Drone_001708.jpg,transverse crack,control,0.0,0.0,0.0,0.0,0.0,0.0,0.0,0.0,0.0,0.015346838551258441,0.0,0.0,0.0,0.0,0.0,0.009208103130755065,0.003376304481276857,0.004143646408839779
China_Drone_001824.jpg,transverse crack,damage,0.013427541943474834,0.01714333971399617,0.013033442179934691,0.01683368989978606,0.013455691926584844,0.017227789663326203,0.013962391622565027,0.017847089291746426,0.0012948992230604661,0.03969147618511429,0.013314942011034793,0.017284089629546223,0.013511991892804864,0.016355140186915886,0.001688998986600608,0.017509289494426303,0.023280036031978382,0.02465938520436888
China_Drone_001824.jpg,transverse crack,control,0.0037157977705213376,0.007375295574822655,0.0025616484630109223,0.0062492962504222494,0.0041661975002815,0.007825695304582818,0.00427879743272154,0.007966445220132868,0.0,0.029641932214840672,0.0025616484630109223,0.0063900461659723,0.0041661975002815,0.006755995946402432,8.44499493300304e-05,0.011119243328454003,0.01883233870059678,0.01928273843035694
China_Drone_001846.jpg,longitudinal crack,damage,0.10369257191927866,0.12365822241305281,0.10218978102189781,0.1215113782739373,0.10669815371404036,0.1275225418634607,0.09982825246887075,0.11957921854873337,0.011378273937312151,0.017174753112924,0.10218978102189781,0.1215113782739373,0.10648346930012881,0.12408759124087591,0.007084585659081151,0.008802060970373551,0.0,0.0
China_Drone_001846.jpg,longitudinal crack,control,0.008158007728638901,0.02511807642765135,0.008372692142550452,0.026835551738943753,0.0072992700729927005,0.024259338772005153,0.010734220695577501,0.03198797767282095,0.005152425933877201,0.053671103477887505,0.008372692142550452,0.026835551738943753,0.007084585659081151,0.020180334907685702,0.037784456848432804,0.056032632030914555,0.010948905109489052,0.010948905109489052
China_Drone_001888.jpg,longitudinal crack,damage,0.08196062675773402,0.21052631578947367,0.08115709120128566,0.206910405785456,0.08035355564483729,0.20891924467657694,0.08115709120128566,0.2125351546805946,0.03133788670148654,0.21695460024106067,0.08075532342306146,0.21052631578947367,0.07553234230614704,0.19164323021293692,0.0004017677782241864,0.0004017677782241864,0.0,0.021695460024106068
China_Drone_001888.jpg,longitudinal crack,control,0.002008838891120932,0.002008838891120932,0.002812374447569305,0.002812374447569305,0.002008838891120932,0.002008838891120932,0.0024106066693451184,0.0024106066693451184,0.24467657693852954,0.44475693049417436,0.002008838891120932,0.002008838891120932,0.002008838891120932,0.002008838891120932,0.010847730012053034,0.010847730012053034,0.0,0.0
China_Drone_001888.jpg,longitudinal crack,damage,0.10721247563352826,0.31072124756335284,0.10838206627680312,0.3200779727095517,0.10682261208576999,0.3091617933723197,0.10682261208576999,0.30409356725146197,0.21208576998050682,0.3953216374269006,0.10760233918128655,0.30955165692007797,0.10136452241715399,0.28109161793372317,0.011306042884990253,0.011306042884990253,0.0,0.01091617933723197
China_Drone_001888.jpg,longitudinal crack,control,0.0011695906432748538,0.0011695906432748538,0.0035087719298245615,0.0035087719298245615,0.0011695906432748538,0.0011695906432748538,0.0011695906432748538,0.0011695906432748538,0.24366471734892786,0.43703703703703706,0.0027290448343079924,0.0027290448343079924,0.0011695906432748538,0.0011695906432748538,0.01091617933723197,0.026510721247563353,0.014035087719298246,0.014035087719298246
China_Drone_001888.jpg,transverse crack,damage,0.07312883435582822,0.3192638036809816,0.07312883435582822,0.31607361963190184,0.07239263803680981,0.3212269938650307,0.0758282208588957,0.3234355828220859,0.16171779141104295,0.31533742331288345,0.07263803680981595,0.31754601226993867,0.06576687116564417,0.29717791411042943,0.038773006134969326,0.04024539877300613,0.006380368098159509,0.022085889570552148
China_Drone_001888.jpg,transverse crack,control,0.018650306748466256,0.16098159509202453,0.01987730061349693,0.16245398773006134,0.020368098159509202,0.16319018404907976,0.017914110429447853,0.16098159509202453,0.16858895705521473,0.3374233128834356,0.019386503067484663,0.1614723926380368,0.016196319018404907,0.1438036809815951,0.04343558282208589,0.04392638036809816,0.0,0.10797546012269939
China_Drone_002093.jpg,transverse crack,damage,0.008640379228614523,0.023141564318034907,0.009006679594914888,0.023335488041370395,0.008683473389355743,0.023076923076923078,0.008683473389355743,0.023529411764705882,0.0039862098685628095,0.029217840982546865,0.009243697478991597,0.023507864684335272,0.00795087265675501,0.017991812109459167,0.0367808661926309,0.05742296918767507,0.0407455289808231,0.0760180995475113
China_Drone_002093.jpg,transverse crack,control,0.0033613445378151263,0.012454212454212455,0.0035121741004093946,0.012497306614953674,0.0034044386985563457,0.012626589097177333,0.003339797457444516,0.012712777418659772,0.0019176901529842705,0.017280758457229047,0.0036414565826330533,0.012583494936436113,0.0026071967248437835,0.008661926308985133,0.02697694462400345,0.04081017022193493,0.01771170006464124,0.058931264813617754
China_MotorBike_000017.jpg,transverse crack,damage,0.0,0.0,0.0,0.0,0.0,0.0,0.0,0.0,0.0,0.03827160493827161,0.0,0.0,0.0,0.0,0.0,0.0,0.0,0.0
China_MotorBike_000017.jpg,transverse crack,control,0.0,0.0,0.0,0.0,0.0,0.0,0.0,0.0,0.0,0.0,0.0,0.0,0.0,0.0,0.0,0.0,0.0,0.0
China_MotorBike_000067.jpg,longitudinal crack,damage,0.06313131313131314,0.06313131313131314,0.06313131313131314,0.06313131313131314,0.06313131313131314,0.06313131313131314,0.06313131313131314,0.06313131313131314,0.0,0.012626262626262626,0.06313131313131314,0.06313131313131314,0.06818181818181818,0.06818181818181818,0.08080808080808081,0.08585858585858586,0.0,0.08333333333333333
China_MotorBike_000067.jpg,longitudinal crack,control,0.0,0.0,0.0,0.0,0.0,0.0,0.0,0.0,0.0,0.09595959595959595,0.0,0.0,0.0,0.0,0.07828282828282829,0.13383838383838384,0.0,0.17424242424242425
China_MotorBike_000083.jpg,longitudinal crack,damage,6.127450980392157e-05,0.007169117647058823,6.127450980392157e-05,0.007230392156862745,6.127450980392157e-05,0.007230392156862745,6.127450980392157e-05,0.007169117647058823,6.127450980392157e-05,0.01053921568627451,6.127450980392157e-05,0.007169117647058823,0.0004901960784313725,0.004595588235294118,0.0,0.007475490196078432,6.127450980392157e-05,6.127450980392157e-05
China_MotorBike_000083.jpg,longitudinal crack,control,0.0003676470588235294,0.005024509803921569,0.0003676470588235294,0.004901960784313725,0.0003676470588235294,0.005024509803921569,0.0003676470588235294,0.005024509803921569,6.127450980392157e-05,0.006678921568627451,0.0003676470588235294,0.005024509803921569,0.0004901960784313725,0.0026348039215686276,0.0036151960784313727,0.0036151960784313727,0.0,0.0
China_MotorBike_000094.jpg,longitudinal crack,damage,0.03964194373401535,0.04124040920716113,0.04124040920716113,0.04283887468030691,0.0399616368286445,0.04156010230179028,0.039322250639386186,0.04092071611253197,0.02237851662404092,0.19597186700767263,0.039322250639386186,0.04092071611253197,0.04060102301790281,0.04219948849104859,0.0041560102301790285,0.034526854219948847,0.0,0.036125319693094626
China_MotorBike_000094.jpg,longitudinal crack,control,0.021739130434782608,0.03740409207161125,0.02589514066496164,0.04092071611253197,0.020460358056265986,0.03644501278772379,0.021419437340153454,0.03740409207161125,0.08631713554987212,0.37148337595907927,0.020460358056265986,0.03580562659846547,0.03580562659846547,0.053069053708439895,0.03292838874680307,0.03804347826086957,0.007033248081841432,0.04411764705882353
China_MotorBike_000094.jpg,longitudinal crack,damage,0.036533387456870306,0.04221635883905013,0.037091536431905825,0.042825248629997974,0.036431905825045664,0.04196265475948853,0.036431905825045664,0.04216561802313781,0.10488126649076517,0.24533184493606658,0.03622894256139639,0.041708950679926936,0.040389689466206614,0.046478587375685,0.0028414856910899127,0.012380759082606049,0.0036025979297747107,0.017251877410188757
China_MotorBike_000094.jpg,longitudinal crack,control,0.006190379541303024,0.01116297950071037,0.006241120357215344,0.011315201948447332,0.006241120357215344,0.011061497868885732,0.006139638725390704,0.011416683580271971,0.11066571950476964,0.1782524862999797,0.006190379541303024,0.011416683580271971,0.008575197889182058,0.014258169271361884,0.004414450984371828,0.008981124416480617,0.0010148163182463973,0.01177186929165821
China_MotorBike_000129.jpg,longitudinal crack,damage,0.0002050524934383202,0.0006561679790026247,0.00024606299212598425,0.0006971784776902887,0.0002050524934383202,0.0006561679790026247,0.0002050524934383202,0.0006561679790026247,0.0016404199475065617,0.04625984251968504,0.0002050524934383202,0.0006561679790026247,0.0005741469816272966,0.0008202099737532808,0.00213254593175853,0.007874015748031496,0.003567913385826772,0.018495734908136482
China_MotorBike_000129.jpg,longitudinal crack,control,0.0,0.0008202099737532808,0.0,0.000943241469816273,0.0,0.000943241469816273,0.0,0.0008202099737532808,0.0006561679790026247,0.020874343832020997,0.0,0.0008202099737532808,4.101049868766404e-05,0.0006151574803149606,0.0008202099737532808,0.004347112860892389,0.0,0.0
China_MotorBike_000172.jpg,longitudinal crack,damage,0.0064788941368480926,0.008852840080120676,0.007022923415514726,0.008877568683696432,0.006577808551151116,0.009025940305150968,0.006355251118969312,0.008976483097999456,0.02371473082915008,0.0654813422686021,0.006379979722545068,0.009001211701575211,0.010707485348302381,0.01374910358812038,0.004772620490120923,0.01021291327678726,0.002843789411211949,0.011548257869878087
China_MotorBike_000172.jpg,longitudinal crack,control,0.0017062736467271693,0.003560918914908875,0.0023986745468483396,0.003560918914908875,0.001632087835999901,0.0036598333292118994,0.0015084448181211206,0.004104948193575509,0.12418704715744702,0.2686268206434383,0.001582630628848389,0.0040802195899997526,0.0037340191399391678,0.006627265758302628,0.05850787606023888,0.1208239570711442,0.06560498528648087,0.13380647394841613
China_MotorBike_000172.jpg,alligator crack,damage,0.007995588640749932,0.007995588640749932,0.007995588640749932,0.007995588640749932,0.007857733664185277,0.007857733664185277,0.0075820237110559695,0.0075820237110559695,0.07347670250896057,0.22208436724565755,0.0075820237110559695,0.0075820237110559695,0.01033912324234905,0.01033912324234905,0.0,0.029363110008271298,0.0,0.0
China_MotorBike_000172.jpg,alligator crack,control,0.0009649848359525779,0.023297491039426525,0.0037220843672456576,0.007168458781362007,0.0009649848359525779,0.02384891094568514,0.0011028398125172319,0.02743314033636614,0.23655913978494625,0.5004135649296939,0.0013785497656465398,0.02633030052384891,0.0034463744141163496,0.02839812517231872,0.10421836228287841,0.20595533498759305,0.09829059829059829,0.22304935208161014
China_MotorBike_000239.jpg,transverse crack,damage,0.03230769230769231,0.038461538461538464,0.03230769230769231,0.038461538461538464,0.03230769230769231,0.038461538461538464,0.03307692307692308,0.03923076923076923,0.0,0.02923076923076923,0.03307692307692308,0.03923076923076923,0.03230769230769231,0.036153846153846154,0.0,0.0,0.0,0.0
China_MotorBike_000239.jpg,transverse crack,control,0.0015384615384615385,0.013846153846153847,0.0015384615384615385,0.013846153846153847,0.0015384615384615385,0.013846153846153847,0.0015384615384615385,0.013846153846153847,0.003076923076923077,0.04692307692307692,0.0015384615384615385,0.013846153846153847,0.002307692307692308,0.013076923076923076,0.0,0.0,0.0,0.0
China_MotorBike_000239.jpg,transverse crack,damage,0.0017650639074863056,0.018867924528301886,0.001704199634814364,0.018928788800973827,0.0017650639074863056,0.018867924528301886,0.001704199634814364,0.01856360316494218,0.005782105903834449,0.04856968959220937,0.001704199634814364,0.01856360316494218,0.0019476567255021302,0.014607425441265977,0.010590383444917834,0.026597687157638467,0.0,0.00772976262933658
China_MotorBike_000239.jpg,transverse crack,control,0.001399878271454656,0.021180766889835667,0.0013390139987827145,0.021119902617163726,0.001399878271454656,0.021059038344491784,0.001399878271454656,0.021424223980523432,0.003530127814972611,0.042848447961046865,0.001399878271454656,0.021424223980523432,0.0018259281801582471,0.01631162507608034,0.004443091905051735,0.013937918441874619,0.0,0.0
China_MotorBike_000239.jpg,transverse crack,damage,0.0005471956224350205,0.003283173734610123,0.0005471956224350205,0.003283173734610123,0.0004103967168262654,0.003419972640218878,0.0005471956224350205,0.003283173734610123,0.006429548563611491,0.038577291381668946,0.0005471956224350205,0.003283173734610123,0.0006839945280437756,0.0027359781121751026,0.003967168262653899,0.022571819425444596,0.0,0.0
China_MotorBike_000239.jpg,transverse crack,control,0.0015047879616963064,0.0028727770177838577,0.0016415868673050615,0.003146374829001368,0.0016415868673050615,0.003009575923392613,0.0016415868673050615,0.003146374829001368,0.00013679890560875513,0.019288645690834473,0.0016415868673050615,0.003146374829001368,0.0016415868673050615,0.002325581395348837,0.0,0.01573187414500684,0.0,0.00533515731874145
China_MotorBike_000255.jpg,longitudinal crack,damage,0.006983135070019576,0.008375997590724289,0.007077247402499624,0.008413642523716307,0.007133714801987653,0.008451287456708327,0.006550218340611353,0.007961903327812077,0.011218190031621745,0.05018069567836169,0.006606685740099383,0.008018370727300106,0.00986297244390905,0.01136876976358982,0.010747628369221503,0.050425387742809816,0.006813732871555489,0.02237991266375546
China_MotorBike_000255.jpg,longitudinal crack,control,0.010333534106309291,0.014135672338503238,0.0103523565728053,0.014079204939015209,0.010314711639813281,0.014173317271495256,0.010239421773829242,0.014041560006023189,0.0014681523866887517,0.0150391507303117,0.010239421773829242,0.014041560006023189,0.013872157807559102,0.017843698238217135,0.0032939316368016864,0.010107664508357175,0.0,0.0
China_MotorBike_000265.jpg,transverse crack,damage,0.0035853522695627957,0.013993316624895571,0.0037593984962406013,0.014097744360902255,0.003654970760233918,0.01392369813422445,0.0035505430242272346,0.013993316624895571,0.0032720690615427456,0.04932470064049011,0.0035505430242272346,0.013993316624895571,0.003968253968253968,0.011730715678084098,0.003376496797549429,0.019910888331940962,0.0007658033973823447,0.0029587858535226955
China_MotorBike_000265.jpg,transverse crack,control,0.0032720690615427456,0.01830966304650515,0.003341687552213868,0.018379281537176273,0.0032720690615427456,0.018344472291840712,0.0032720690615427456,0.018379281537176273,0.006787802840434419,0.03714146477304372,0.0032720690615427456,0.018379281537176273,0.0032372598162071844,0.014759120022277916,0.005082149818991924,0.011104149262043998,0.0,0.0007309941520467836
China_MotorBike_000480.jpg,longitudinal crack,damage,0.0053475935828877,0.028342245989304814,0.0053475935828877,0.028342245989304814,0.0053475935828877,0.02807486631016043,0.0053475935828877,0.0286096256684492,0.0,0.00026737967914438503,0.0053475935828877,0.0286096256684492,0.0042780748663101605,0.01818181818181818,0.0,0.0,0.0,0.0
China_MotorBike_000480.jpg,longitudinal crack,control,0.0021390374331550803,0.0032085561497326204,0.0021390374331550803,0.0032085561497326204,0.0021390374331550803,0.0032085561497326204,0.0021390374331550803,0.0032085561497326204,0.0,0.0,0.0021390374331550803,0.0032085561497326204,0.0018716577540106951,0.0018716577540106951,0.0,0.0,0.0,0.0
China_MotorBike_000480.jpg,alligator crack,damage,0.013943112102621304,0.02739046910826052,0.01369523455413026,0.02689471401127843,0.014067050876866828,0.027452438495383282,0.013881142715498543,0.027266530334014997,0.006692693809258227,0.07225630538513975,0.013881142715498543,0.027328499721137756,0.015306438619322054,0.02472578546198178,0.008427836648695545,0.030860754787135156,0.001053479581086943,0.03668587717667472
China_MotorBike_000480.jpg,alligator crack,control,0.0009915101939641817,0.0027266530334014998,0.001053479581086943,0.002788622420524261,0.0011154489682097045,0.0027266530334014998,0.001053479581086943,0.0029125611947697838,0.04071388733965421,0.12759496808576562,0.001053479581086943,0.0029125611947697838,0.0013013571295779885,0.0023548367106649313,0.015430377393567578,0.0521162545702423,0.008117989713081737,0.04381235669579228
China_MotorBike_000480.jpg,alligator crack,damage,0.011416986769099444,0.027528809218950064,0.011416986769099444,0.027528809218950064,0.011310285958173282,0.0274221084080239,0.010776781903542467,0.02667520273154076,0.028702518139137857,0.15087494664959453,0.010776781903542467,0.02667520273154076,0.013124199743918053,0.026461801109688432,0.010243277848911651,0.050789586000853607,0.003094323516858728,0.03478446436192915
China_MotorBike_000480.jpg,alligator crack,control,0.006828851899274435,0.017285531370038413,0.006935552710200597,0.017285531370038413,0.006935552710200597,0.017392232180964574,0.006722151088348271,0.017285531370038413,0.0,0.03937259923175416,0.006722151088348271,0.017285531370038413,0.007789159197609902,0.015578318395219804,0.0019206145966709346,0.010029876227059326,0.0,0.00810926163038839
China_MotorBike_000549.jpg,longitudinal crack,damage,0.0034059945504087193,0.005960490463215259,0.0034059945504087193,0.00591791553133515,0.0034059945504087193,0.005960490463215259,0.0034059945504087193,0.005875340599455041,0.009153610354223433,0.02333106267029973,0.0034059945504087193,0.005875340599455041,0.004002043596730245,0.004981267029972752,0.005960490463215259,0.009621934604904632,0.0026396457765667574,0.01634877384196185
China_MotorBike_000549.jpg,longitudinal crack,control,0.0004257493188010899,0.0017029972752043597,0.0004257493188010899,0.0017029972752043597,0.0004257493188010899,0.0017029972752043597,0.0004257493188010899,0.0017029972752043597,0.0004257493188010899,0.015284400544959128,0.0004257493188010899,0.0017029972752043597,0.0006386239782016349,0.0011495231607629428,4.257493188010899e-05,0.012133855585831063,0.0027247956403269754,0.005364441416893733
China_MotorBike_000549.jpg,longitudinal crack,damage,0.0,0.0,0.0,0.0,0.0,0.0,0.0,0.0,0.044143823424706304,0.0886436454254183,0.0,0.0,0.0,0.0,0.0,0.006051975792096832,0.006407974368102528,0.007831968672125312
China_MotorBike_000549.jpg,longitudinal crack,control,0.0,0.000355998576005696,0.0,0.000355998576005696,0.0,0.000355998576005696,0.0,0.000355998576005696,0.0,0.009611961552153792,0.0,0.000355998576005696,0.0,0.0,0.0,0.0,0.0,0.0
China_MotorBike_000549.jpg,longitudinal crack,damage,0.0,0.0,0.0,0.0,0.0,0.0,0.0,0.0,0.0,0.0,0.0,0.0,0.0,0.0,0.0,0.0,0.0,0.0
China_MotorBike_000549.jpg,longitudinal crack,control,0.0,0.0,0.0,0.0,0.0,0.0,0.0,0.0,0.0,0.0009775171065493646,0.0,0.0,0.0,0.0,0.0,0.0004887585532746823,0.0035842293906810036,0.0035842293906810036
China_MotorBike_000553.jpg,longitudinal crack,damage,0.012171052631578947,0.042023026315789476,0.012088815789473684,0.04177631578947368,0.012171052631578947,0.04194078947368421,0.01225328947368421,0.0421875,0.0,0.008141447368421052,0.012088815789473684,0.04169407894736842,0.012911184210526316,0.03404605263157895,0.0001644736842105263,0.0001644736842105263,0.00041118421052631577,0.0027138157894736844
China_MotorBike_000553.jpg,longitudinal crack,control,0.0037828947368421053,0.029029605263157895,0.003700657894736842,0.028782894736842105,0.003618421052631579,0.02894736842105263,0.0037828947368421053,0.029029605263157895,0.0,0.017763157894736842,0.0038651315789473683,0.028865131578947368,0.003700657894736842,0.02212171052631579,0.0002467105263157895,0.02919407894736842,0.00041118421052631577,0.0027138157894736844
China_MotorBike_000553.jpg,alligator crack,damage,0.00836197021764032,0.014919816723940436,0.008190148911798397,0.01486254295532646,0.008333333333333333,0.014776632302405498,0.008390607101947308,0.01497709049255441,0.01927262313860252,0.047995418098510885,0.00836197021764032,0.014948453608247423,0.008390607101947308,0.012743413516609393,0.008190148911798397,0.008190148911798397,0.02388316151202749,0.06944444444444445
China_MotorBike_000553.jpg,alligator crack,control,0.0024054982817869417,0.01211340206185567,0.002577319587628866,0.012313860252004582,0.0023482245131729667,0.01211340206185567,0.0024054982817869417,0.012170675830469645,0.0014032073310423826,0.009936998854524627,0.002376861397479954,0.012084765177548683,0.0025486827033218786,0.010108820160366553,0.0004868270332187858,0.0004868270332187858,0.008906071019473081,0.021334478808705613
China_MotorBike_000553.jpg,alligator crack,damage,0.026509572901325478,0.05743740795287187,0.026509572901325478,0.05280875236692615,0.026930359772775088,0.05785819482432148,0.026509572901325478,0.0584893751314959,0.008626130864717021,0.09152114454029034,0.027140753208499895,0.05891016200294551,0.025457605722701452,0.04313065432358511,0.030296654744371977,0.03050704818009678,0.019356196086682095,0.13843888070692195
China_MotorBike_000553.jpg,alligator crack,control,0.006732589943193772,0.00820534399326741,0.0071533768146433835,0.008415737428992216,0.006732589943193772,0.00820534399326741,0.006311803071744161,0.007784557121817799,0.009678098043341047,0.04165790027351147,0.006942983378918578,0.00820534399326741,0.007994950557542605,0.009046917736166631,0.0012623606143488324,0.0018935409215232485,0.001683147485798443,0.009467704607616242
China_MotorBike_000567.jpg,longitudinal crack,damage,0.007833333333333333,0.031,0.007833333333333333,0.031,0.0075,0.030666666666666665,0.007666666666666666,0.031,0.0025,0.0125,0.007666666666666666,0.030666666666666665,0.008666666666666666,0.0255,0.0095,0.036,0.013,0.013
China_MotorBike_000567.jpg,longitudinal crack,control,0.004666666666666667,0.041833333333333333,0.004666666666666667,0.04083333333333333,0.005,0.04133333333333333,0.004833333333333334,0.041833333333333333,0.0008333333333333334,0.014833333333333334,0.004666666666666667,0.041666666666666664,0.006,0.033166666666666664,0.024333333333333332,0.058333333333333334,0.0015,0.007166666666666667
China_MotorBike_000567.jpg,pothole,damage,0.011904761904761904,0.03968253968253968,0.011904761904761904,0.03968253968253968,0.011904761904761904,0.03968253968253968,0.011904761904761904,0.03968253968253968,0.0,0.01984126984126984,0.015873015873015872,0.04365079365079365,0.01984126984126984,0.047619047619047616,0.0,0.051587301587301584,0.031746031746031744,0.031746031746031744
China_MotorBike_000567.jpg,pothole,control,0.0,0.015873015873015872,0.003968253968253968,0.01984126984126984,0.003968253968253968,0.01984126984126984,0.0,0.015873015873015872,0.003968253968253968,0.003968253968253968,0.0,0.015873015873015872,0.003968253968253968,0.01984126984126984,0.0,0.007936507936507936,0.07539682539682539,0.10317460317460317
China_MotorBike_000567.jpg,alligator crack,damage,0.007751937984496124,0.13357185450208706,0.007453786523553965,0.12701252236135957,0.007751937984496124,0.13327370304114491,0.007453786523553965,0.13595706618962433,0.0,0.021168753726893263,0.007453786523553965,0.13595706618962433,0.008348240906380441,0.12254025044722719,0.0029815146094215863,0.006261180679785331,0.020274299344066785,0.09600477042337507
China_MotorBike_000567.jpg,alligator crack,control,0.0,0.0,0.0,0.0,0.0,0.0,0.0,0.0,0.0,0.010435301132975552,0.0,0.0,0.0,0.0,0.0026833631484794273,0.004770423375074538,0.012224209898628503,0.022957662492546212
China_MotorBike_000600.jpg,longitudinal crack,damage,0.0002554278416347382,0.004086845466155811,0.0002554278416347382,0.0038314176245210726,0.0002554278416347382,0.0038314176245210726,0.0002554278416347382,0.004086845466155811,0.0015325670498084292,0.005108556832694764,0.0002554278416347382,0.004086845466155811,0.0007662835249042146,0.0015325670498084292,0.0,0.0,0.0007662835249042146,0.001277139208173691
China_MotorBike_000600.jpg,longitudinal crack,control,0.0,0.006896551724137931,0.0,0.006896551724137931,0.0,0.006896551724137931,0.0,0.006896551724137931,0.0,0.0,0.0,0.006896551724137931,0.0,0.005874840357598978,0.0,0.0,0.0,0.0
China_MotorBike_000600.jpg,transverse crack,damage,0.0006858710562414266,0.003429355281207133,0.0006858710562414266,0.003429355281207133,0.0006858710562414266,0.003429355281207133,0.0006858710562414266,0.003429355281207133,0.0,0.0006858710562414266,0.0006858710562414266,0.003429355281207133,0.0006858710562414266,0.0027434842249657062,0.0,0.0,0.0,0.0
China_MotorBike_000600.jpg,transverse crack,control,0.0,0.006172839506172839,0.0,0.006172839506172839,0.0,0.006858710562414266,0.0,0.006172839506172839,0.0,0.00205761316872428,0.0,0.006172839506172839,0.0,0.004801097393689987,0.0,0.0,0.0,0.0
China_MotorBike_000600.jpg,longitudinal crack,damage,0.0,0.001838235294117647,0.0,0.001838235294117647,0.0,0.001838235294117647,0.0,0.001838235294117647,0.0,0.0,0.0,0.001838235294117647,0.0,0.0009191176470588235,0.0,0.0,0.0,0.0
China_MotorBike_000600.jpg,longitudinal crack,control,0.0,0.0055147058823529415,0.0,0.0055147058823529415,0.0,0.0055147058823529415,0.0,0.0055147058823529415,0.0,0.0,0.0,0.0055147058823529415,0.0,0.0055147058823529415,0.0,0.0,0.0,0.0
China_MotorBike_000600.jpg,longitudinal crack,damage,0.0012987012987012987,0.010324675324675325,0.0012337662337662339,0.010064935064935065,0.0012337662337662339,0.010194805194805194,0.0013636363636363637,0.01038961038961039,0.006818181818181818,0.06233766233766234,0.0013636363636363637,0.01038961038961039,0.0016233766233766235,0.007272727272727273,0.011558441558441558,0.04006493506493507,0.004480519480519481,0.01883116883116883
China_MotorBike_000600.jpg,longitudinal crack,control,0.0003246753246753247,0.011558441558441558,0.0003896103896103896,0.011753246753246753,0.0003896103896103896,0.011623376623376624,0.0003896103896103896,0.011493506493506493,0.026103896103896105,0.10032467532467533,0.0003896103896103896,0.011493506493506493,0.0005194805194805195,0.008181818181818182,0.016623376623376623,0.03935064935064935,0.006623376623376623,0.02922077922077922
China_MotorBike_000607.jpg,longitudinal crack,damage,0.0012658227848101266,0.006047819971870605,0.0012658227848101266,0.006047819971870605,0.0012658227848101266,0.00590717299578059,0.0015471167369901547,0.006469760900140647,0.00028129395218002813,0.03319268635724332,0.0015471167369901547,0.006469760900140647,0.001969057665260197,0.005063291139240506,0.0,0.017721518987341773,0.0,0.0
China_MotorBike_000607.jpg,longitudinal crack,control,0.0,0.002953586497890295,0.0,0.002953586497890295,0.0,0.002953586497890295,0.0,0.002953586497890295,0.00028129395218002813,0.01350210970464135,0.0,0.002953586497890295,0.0,0.002109704641350211,0.0005625879043600563,0.013361462728551337,0.0,0.0
China_MotorBike_000647.jpg,transverse crack,damage,0.0037362637362637363,0.012307692307692308,0.0035164835164835165,0.012087912087912088,0.0037362637362637363,0.012527472527472527,0.0037362637362637363,0.012307692307692308,0.0,0.014725274725274726,0.0037362637362637363,0.012307692307692308,0.004835164835164835,0.01054945054945055,0.0,0.00021978021978021978,0.0,0.0
China_MotorBike_000647.jpg,transverse crack,control,0.00043956043956043956,0.014065934065934066,0.00043956043956043956,0.013846153846153847,0.00043956043956043956,0.013846153846153847,0.00043956043956043956,0.013846153846153847,0.0032967032967032967,0.05054945054945055,0.00043956043956043956,0.013846153846153847,0.00043956043956043956,0.00901098901098901,0.002857142857142857,0.02791208791208791,0.0,0.0
China_MotorBike_000647.jpg,longitudinal crack,damage,0.03611111111111111,0.03611111111111111,0.03263888888888889,0.03263888888888889,0.03680555555555556,0.03680555555555556,0.035416666666666666,0.035416666666666666,0.0006944444444444445,0.04513888888888889,0.035416666666666666,0.035416666666666666,0.029166666666666667,0.029166666666666667,0.0,0.010416666666666666,0.0006944444444444445,0.11388888888888889
China_MotorBike_000647.jpg,longitudinal crack,control,0.0,0.0125,0.0,0.013194444444444444,0.0,0.013194444444444444,0.0,0.0125,0.0,0.0,0.0,0.0125,0.0,0.005555555555555556,0.0,0.0,0.0,0.0
China_MotorBike_000658.jpg,longitudinal crack,damage,0.007227891156462585,0.013180272108843538,0.011904761904761904,0.0195578231292517,0.007227891156462585,0.013180272108843538,0.007227891156462585,0.013180272108843538,0.0012755102040816326,0.10246598639455783,0.007227891156462585,0.013180272108843538,0.010629251700680272,0.013605442176870748,0.006802721088435374,0.044642857142857144,0.020833333333333332,0.06377551020408163
China_MotorBike_000658.jpg,longitudinal crack,control,0.00042517006802721087,0.002976190476190476,0.0012755102040816326,0.006377551020408163,0.00042517006802721087,0.002976190476190476,0.00042517006802721087,0.002976190476190476,0.005952380952380952,0.0195578231292517,0.00042517006802721087,0.002976190476190476,0.0017006802721088435,0.003826530612244898,0.0017006802721088435,0.0017006802721088435,0.012329931972789115,0.0233843537414966
China_MotorBike_000658.jpg,longitudinal crack,damage,0.013970877607241243,0.016922471467926012,0.007149416240325331,0.012659058113603568,0.01443001443001443,0.017316017316017316,0.013839695657877476,0.01672569854388036,0.1847697756788666,0.4019414928505838,0.013642922733831825,0.01652892561983471,0.01528269710087892,0.01757838121474485,0.11819493637675456,0.240981240981241,0.1292798110979929,0.34586120949757315
China_MotorBike_000658.jpg,longitudinal crack,control,0.003935458480913027,0.006034369670733307,0.0009182736455463728,0.006362324544142726,0.004132231404958678,0.006296733569460842,0.003279548734094189,0.005312868949232586,0.20057720057720058,0.39321789321789324,0.0034107306834579563,0.005444050898596353,0.00452577725304998,0.006231142594778958,0.1180637544273908,0.23593073593073594,0.1685032139577594,0.3564869473960383
China_MotorBike_000658.jpg,transverse crack,damage,0.008045977011494253,0.020977011494252875,0.011494252873563218,0.028160919540229885,0.008045977011494253,0.020977011494252875,0.008333333333333333,0.021264367816091954,0.005172413793103448,0.10057471264367816,0.008333333333333333,0.021264367816091954,0.011781609195402299,0.021264367816091954,0.0,0.0008620689655172414,0.0,0.0
China_MotorBike_000658.jpg,transverse crack,control,0.0028735632183908046,0.01954022988505747,0.004885057471264368,0.028160919540229885,0.0028735632183908046,0.01954022988505747,0.0028735632183908046,0.01954022988505747,0.003160919540229885,0.08017241379310344,0.0028735632183908046,0.01954022988505747,0.005172413793103448,0.016666666666666666,0.0,0.0,0.0,0.0
China_MotorBike_000658.jpg,longitudinal crack,damage,0.0021216407355021216,0.022277227722772276,0.0031824611032531826,0.028995756718528994,0.0021216407355021216,0.021923620933521924,0.0022984441301272984,0.022454031117397456,0.0021216407355021216,0.06417963224893918,0.0022984441301272984,0.022454031117397456,0.0031824611032531826,0.01661951909476662,0.0012376237623762376,0.0031824611032531826,0.0010608203677510608,0.01714992927864215
China_MotorBike_000658.jpg,longitudinal crack,control,0.0021216407355021216,0.026874115983026876,0.0031824611032531826,0.03341584158415842,0.0021216407355021216,0.026874115983026876,0.0021216407355021216,0.026874115983026876,0.0001768033946251768,0.01927157001414427,0.0021216407355021216,0.026874115983026876,0.003536067892503536,0.020155586987270154,0.0,0.0,0.0,0.0
China_MotorBike_000658.jpg,longitudinal crack,damage,0.0035063113604488078,0.004908835904628331,0.0024544179523141654,0.005960729312762973,0.0035063113604488078,0.004908835904628331,0.0038569424964936885,0.005259467040673212,0.056451612903225805,0.11079943899018233,0.0038569424964936885,0.005259467040673212,0.004207573632538569,0.004908835904628331,0.056451612903225805,0.10448807854137447,0.07012622720897616,0.1241234221598878
China_MotorBike_000658.jpg,longitudinal crack,control,0.0003506311360448808,0.0007012622720897616,0.0,0.0021037868162692847,0.0003506311360448808,0.0007012622720897616,0.0007012622720897616,0.0010518934081346423,0.05820476858345021,0.2966339410939691,0.0007012622720897616,0.0010518934081346423,0.0007012622720897616,0.0010518934081346423,0.05539971949509116,0.23842917251051893,0.05504908835904628,0.3180224403927069
China_MotorBike_000658.jpg,longitudinal crack,damage,0.0014005602240896359,0.0014005602240896359,0.0021008403361344537,0.0028011204481792717,0.0014005602240896359,0.0014005602240896359,0.0014005602240896359,0.0014005602240896359,0.0,0.0007002801120448179,0.0014005602240896359,0.0014005602240896359,0.0014005602240896359,0.0014005602240896359,0.0,0.0,0.0,0.0
China_MotorBike_000658.jpg,longitudinal crack,control,0.0,0.0,0.0,0.0,0.0,0.0,0.0,0.0,0.12394957983193278,0.30392156862745096,0.0,0.0,0.0,0.0,0.062324929971988796,0.1561624649859944,0.03361344537815126,0.2535014005602241
China_MotorBike_000658.jpg,longitudinal crack,damage,0.0062146892655367235,0.0062146892655367235,0.008192090395480226,0.008192090395480226,0.0062146892655367235,0.0062146892655367235,0.0062146892655367235,0.0062146892655367235,0.0,0.020903954802259886,0.0062146892655367235,0.0062146892655367235,0.007344632768361582,0.007344632768361582,0.0,0.0039548022598870055,0.021468926553672316,0.021468926553672316
China_MotorBike_000658.jpg,longitudinal crack,control,0.0002824858757062147,0.0014124293785310734,0.0011299435028248588,0.002824858757062147,0.0002824858757062147,0.0014124293785310734,0.0002824858757062147,0.0014124293785310734,0.03389830508474576,0.11836158192090396,0.0002824858757062147,0.0014124293785310734,0.0019774011299435027,0.002824858757062147,0.0,0.0031073446327683617,0.02231638418079096,0.053954802259887004
China_MotorBike_000675.jpg,longitudinal crack,damage,0.00019293845263360988,0.007717538105344395,0.00019293845263360988,0.007717538105344395,0.00019293845263360988,0.007717538105344395,0.00019293845263360988,0.007717538105344395,0.0,0.00038587690526721975,0.00019293845263360988,0.007717538105344395,0.00019293845263360988,0.007042253521126761,0.0,0.0,0.0,0.0
China_MotorBike_000675.jpg,longitudinal crack,control,9.646922631680494e-05,0.0038587690526721975,9.646922631680494e-05,0.0038587690526721975,9.646922631680494e-05,0.0038587690526721975,9.646922631680494e-05,0.0038587690526721975,0.0,0.0002894076789504148,9.646922631680494e-05,0.0038587690526721975,0.0002894076789504148,0.0027976075631873432,0.0,0.0,0.0,0.0
China_MotorBike_000788.jpg,longitudinal crack,damage,0.012684694730972957,0.014078617228882075,0.012684694730972957,0.014078617228882075,0.012684694730972957,0.014078617228882075,0.012684694730972957,0.014078617228882075,0.0,0.0027878449958182324,0.012684694730972957,0.014078617228882075,0.013102871480345692,0.01379983272930025,0.0,0.0,0.0,0.0
China_MotorBike_000788.jpg,longitudinal crack,control,0.0008363534987454698,0.0019514914970727628,0.0008363534987454698,0.0019514914970727628,0.0008363534987454698,0.0019514914970727628,0.0008363534987454698,0.0019514914970727628,0.0,0.0,0.0008363534987454698,0.0019514914970727628,0.0008363534987454698,0.0018120992472818512,0.0,0.0,0.0,0.0
China_MotorBike_000788.jpg,longitudinal crack,damage,0.009259259259259259,0.019753086419753086,0.009259259259259259,0.019753086419753086,0.009259259259259259,0.019753086419753086,0.009259259259259259,0.019753086419753086,0.0,0.0006172839506172839,0.009259259259259259,0.019753086419753086,0.010493827160493827,0.017901234567901235,0.0,0.0,0.0,0.0
China_MotorBike_000788.jpg,longitudinal crack,control,0.008024691358024692,0.014197530864197531,0.008024691358024692,0.014197530864197531,0.006790123456790123,0.013580246913580247,0.008024691358024692,0.014197530864197531,0.0,0.001851851851851852,0.008024691358024692,0.014197530864197531,0.008024691358024692,0.012962962962962963,0.0,0.0,0.0,0.0
China_MotorBike_000788.jpg,longitudinal crack,damage,0.010857142857142857,0.04542857142857143,0.011428571428571429,0.04542857142857143,0.011714285714285714,0.047142857142857146,0.010571428571428572,0.047714285714285716,0.027428571428571427,0.16285714285714287,0.010571428571428572,0.046857142857142854,0.016,0.04371428571428571,0.03542857142857143,0.198,0.016285714285714285,0.01742857142857143
China_MotorBike_000788.jpg,longitudinal crack,control,0.005142857142857143,0.010285714285714285,0.0054285714285714284,0.010571428571428572,0.004571428571428572,0.010285714285714285,0.005142857142857143,0.01,0.0034285714285714284,0.029142857142857144,0.005142857142857143,0.01,0.006285714285714286,0.008857142857142857,0.0,0.012857142857142857,0.004285714285714286,0.013714285714285714
China_MotorBike_000788.jpg,longitudinal crack,damage,0.011755485893416929,0.024294670846394983,0.004506269592476489,0.019984326018808778,0.011363636363636364,0.02390282131661442,0.009600313479623824,0.022139498432601882,0.10246865203761756,0.2378526645768025,0.009796238244514107,0.02233542319749216,0.012343260188087775,0.0219435736677116,0.06426332288401254,0.13675548589341693,0.09502351097178684,0.195141065830721
China_MotorBike_000788.jpg,longitudinal crack,control,0.006269592476489028,0.007053291536050157,0.001959247648902821,0.006269592476489028,0.0066614420062695925,0.007445141065830721,0.006073667711598746,0.006857366771159875,0.21865203761755486,0.4057601880877743,0.006269592476489028,0.007053291536050157,0.0066614420062695925,0.0072492163009404385,0.09482758620689655,0.18789184952978055,0.17633228840125392,0.38224921630094044
China_MotorBike_000788.jpg,longitudinal crack,damage,0.021435950413223142,0.02634297520661157,0.012138429752066115,0.025051652892561983,0.02246900826446281,0.02737603305785124,0.021177685950413222,0.026084710743801653,0.19602272727272727,0.43414256198347106,0.020919421487603305,0.025826446280991736,0.021435950413223142,0.024793388429752067,0.06818181818181818,0.2453512396694215,0.17897727272727273,0.4181301652892562
China_MotorBike_000788.jpg,longitudinal crack,control,0.0046487603305785125,0.005681818181818182,0.0023243801652892563,0.007231404958677686,0.0046487603305785125,0.005423553719008265,0.005165289256198347,0.006198347107438017,0.14669421487603307,0.3525309917355372,0.005165289256198347,0.006198347107438017,0.004132231404958678,0.00490702479338843,0.07205578512396695,0.1608987603305785,0.11828512396694214,0.29261363636363635
China_MotorBike_000788.jpg,longitudinal crack,damage,0.011965811965811967,0.029249762583095917,0.012535612535612535,0.02962962962962963,0.011965811965811967,0.029344729344729346,0.01120607787274454,0.028679962013295347,0.0024691358024691358,0.07359924026590693,0.011396011396011397,0.02858499525166192,0.01396011396011396,0.02621082621082621,0.004748338081671415,0.01899335232668566,0.05982905982905983,0.06467236467236467
China_MotorBike_000788.jpg,longitudinal crack,control,0.003703703703703704,0.015384615384615385,0.003703703703703704,0.015384615384615385,0.003703703703703704,0.015384615384615385,0.003703703703703704,0.01557454890788224,0.0,0.016714150047483382,0.003703703703703704,0.01557454890788224,0.003798670465337132,0.011870845204178538,0.0,0.011301044634377968,0.0,0.0
China_MotorBike_000794.jpg,transverse crack,damage,0.0010660980810234541,0.0021321961620469083,0.0010660980810234541,0.0021321961620469083,0.0010660980810234541,0.0021321961620469083,0.0010660980810234541,0.0021321961620469083,0.0,0.0042643923240938165,0.0010660980810234541,0.0021321961620469083,0.0013326226012793177,0.0021321961620469083,0.0,0.0,0.0,0.0
China_MotorBike_000794.jpg,transverse crack,control,0.0,0.0018656716417910447,0.0,0.0018656716417910447,0.0,0.0018656716417910447,0.0,0.0018656716417910447,0.0,0.0007995735607675906,0.0,0.0018656716417910447,0.0,0.0007995735607675906,0.0,0.0,0.0,0.0
China_MotorBike_000794.jpg,longitudinal crack,damage,0.00261437908496732,0.004575163398692811,0.00261437908496732,0.004575163398692811,0.00261437908496732,0.004575163398692811,0.00261437908496732,0.004575163398692811,0.0,0.015032679738562092,0.00261437908496732,0.004575163398692811,0.00261437908496732,0.0032679738562091504,0.024183006535947713,0.024183006535947713,0.0,0.12679738562091503
China_MotorBike_000794.jpg,longitudinal crack,control,0.0,0.0032679738562091504,0.0,0.0032679738562091504,0.0,0.0032679738562091504,0.0,0.0032679738562091504,0.00065359477124183,0.00130718954248366,0.0,0.0032679738562091504,0.0,0.00065359477124183,0.0,0.0,0.0,0.0
China_MotorBike_000824.jpg,transverse crack,damage,0.002937720329024677,0.014336075205640423,0.002937720329024677,0.014336075205640423,0.002937720329024677,0.014336075205640423,0.002937720329024677,0.014336075205640423,0.0,0.0025851938895417154,0.002937720329024677,0.014336075205640423,0.0036427732079905993,0.011045828437132785,0.0,0.0,0.0,0.0
China_MotorBike_000824.jpg,transverse crack,control,0.0008225616921269095,0.018566392479435957,0.0008225616921269095,0.018566392479435957,0.0008225616921269095,0.018331374853113983,0.0008225616921269095,0.018331374853113983,0.0,0.003290246768507638,0.0008225616921269095,0.018331374853113983,0.0010575793184488837,0.011868390129259694,0.0,0.0,0.0,0.0
China_MotorBike_000824.jpg,transverse crack,damage,0.006588855421686747,0.01016566265060241,0.006400602409638554,0.009977409638554216,0.006588855421686747,0.01016566265060241,0.006400602409638554,0.009977409638554216,0.0,0.018072289156626505,0.006400602409638554,0.009977409638554216,0.006588855421686747,0.008659638554216868,0.006400602409638554,0.01430722891566265,0.00018825301204819278,0.03125
China_MotorBike_000824.jpg,transverse crack,control,0.0026355421686746986,0.006400602409638554,0.0028237951807228916,0.006588855421686747,0.0026355421686746986,0.006400602409638554,0.0026355421686746986,0.006400602409638554,0.00018825301204819278,0.0062123493975903615,0.0026355421686746986,0.006400602409638554,0.002259036144578313,0.004141566265060241,0.0011295180722891566,0.002447289156626506,0.0,0.001694277108433735
China_MotorBike_000824.jpg,transverse crack,damage,0.004150943396226415,0.007924528301886792,0.0037735849056603774,0.007547169811320755,0.004150943396226415,0.007924528301886792,0.004150943396226415,0.007924528301886792,0.0,0.019622641509433963,0.004150943396226415,0.007924528301886792,0.0033962264150943396,0.0060377358490566035,0.0,0.0,0.0,0.04981132075471698
China_MotorBike_000824.jpg,transverse crack,control,0.0015094339622641509,0.009811320754716982,0.0015094339622641509,0.009811320754716982,0.0015094339622641509,0.009433962264150943,0.0015094339622641509,0.009811320754716982,0.0,0.0033962264150943396,0.0015094339622641509,0.009811320754716982,0.0015094339622641509,0.0060377358490566035,0.0,0.0,0.0,0.0
China_MotorBike_000824.jpg,transverse crack,damage,0.0,0.0005285412262156448,0.0,0.0005285412262156448,0.0,0.0005285412262156448,0.0,0.0005285412262156448,0.0047568710359408035,0.03382663847780127,0.0,0.0005285412262156448,0.0,0.0005285412262156448,0.0,0.007928118393234672,0.0,0.0
China_MotorBike_000824.jpg,transverse crack,control,0.0010570824524312897,0.0010570824524312897,0.0010570824524312897,0.0010570824524312897,0.0010570824524312897,0.0010570824524312897,0.0010570824524312897,0.0010570824524312897,0.0,0.021670190274841437,0.0010570824524312897,0.0010570824524312897,0.0010570824524312897,0.0010570824524312897,0.0,0.010570824524312896,0.0,0.0
China_MotorBike_000853.jpg,longitudinal crack,damage,0.0,0.00016244314489928524,0.0,0.00016244314489928524,0.0,0.00016244314489928524,0.0,0.0003248862897985705,0.0,0.02794022092267706,0.0,0.0003248862897985705,0.0,0.00016244314489928524,0.015432098765432098,0.015432098765432098,0.0,0.018356075373619232
China_MotorBike_000853.jpg,longitudinal crack,control,0.0,0.0011371020142949967,0.0,0.0011371020142949967,0.0,0.0011371020142949967,0.0,0.0011371020142949967,0.0,0.0024366471734892786,0.0,0.0011371020142949967,0.0,0.0009746588693957114,0.0,0.0,0.0,0.0
China_MotorBike_000855.jpg,transverse crack,damage,0.0020325203252032522,0.003048780487804878,0.0020325203252032522,0.003048780487804878,0.0020325203252032522,0.003048780487804878,0.002540650406504065,0.003556910569105691,0.012703252032520325,0.04522357723577236,0.002540650406504065,0.003556910569105691,0.003048780487804878,0.003556910569105691,0.008638211382113821,0.022357723577235773,0.011178861788617886,0.03556910569105691
China_MotorBike_000855.jpg,transverse crack,control,0.0,0.0010162601626016261,0.0,0.0010162601626016261,0.0,0.0010162601626016261,0.0,0.0005081300813008131,0.007621951219512195,0.09959349593495935,0.0,0.0005081300813008131,0.0,0.0005081300813008131,0.029471544715447155,0.11382113821138211,0.003556910569105691,0.05386178861788618
China_MotorBike_000866.jpg,transverse crack,damage,0.00031216832115876883,0.008865580320909033,0.00031216832115876883,0.008865580320909033,0.00031216832115876883,0.008865580320909033,0.00031216832115876883,0.008865580320909033,0.0,0.001061372291939814,0.00031216832115876883,0.008865580320909033,0.0005619029780857839,0.004682524817381532,0.0,0.0,0.0,0.0
China_MotorBike_000866.jpg,transverse crack,control,6.243366423175376e-05,0.011487794218642692,6.243366423175376e-05,0.011487794218642692,6.243366423175376e-05,0.011487794218642692,6.243366423175376e-05,0.011487794218642692,0.0,0.00031216832115876883,6.243366423175376e-05,0.011487794218642692,6.243366423175376e-05,0.0053692951239308236,0.0,0.0,0.0,0.0
China_MotorBike_000866.jpg,transverse crack,damage,0.00025031289111389235,0.006132665832290363,0.00025031289111389235,0.006132665832290363,0.00025031289111389235,0.006132665832290363,0.00025031289111389235,0.006132665832290363,0.0,0.0005006257822277847,0.00025031289111389235,0.006132665832290363,0.0003754693366708385,0.003504380475594493,0.0,0.0,0.0,0.0
China_MotorBike_000866.jpg,transverse crack,control,0.0,0.009011264080100126,0.0,0.00888610763454318,0.0,0.009011264080100126,0.0,0.009011264080100126,0.0,0.00012515644555694618,0.0,0.009011264080100126,0.0,0.005256570713391739,0.0,0.0,0.00025031289111389235,0.00025031289111389235
China_MotorBike_001014.jpg,longitudinal crack,damage,0.0007450980392156863,0.009215686274509804,0.0007450980392156863,0.009215686274509804,0.0007450980392156863,0.009215686274509804,0.0007450980392156863,0.009215686274509804,0.0,0.0006666666666666666,0.0007450980392156863,0.009215686274509804,0.000980392156862745,0.007019607843137255,0.0,0.0,0.0,0.0
China_MotorBike_001014.jpg,longitudinal crack,control,0.00011764705882352942,0.006352941176470588,0.00011764705882352942,0.006352941176470588,0.00011764705882352942,0.006352941176470588,0.00011764705882352942,0.006352941176470588,0.0,7.843137254901961e-05,0.00011764705882352942,0.006352941176470588,0.00023529411764705883,0.0037647058823529413,0.0,0.0,0.0,0.0
China_MotorBike_001025.jpg,transverse crack,damage,0.011221042471042471,0.013392857142857142,0.01278957528957529,0.015685328185328185,0.011341698841698842,0.013513513513513514,0.01097972972972973,0.013030888030888031,0.08976833976833977,0.2886100386100386,0.0111003861003861,0.013151544401544401,0.013634169884169885,0.016650579150579152,0.04995173745173745,0.09616312741312741,0.032818532818532815,0.14671814671814673
China_MotorBike_001025.jpg,transverse crack,control,0.0009652509652509653,0.003499034749034749,0.001085907335907336,0.0037403474903474902,0.0009652509652509653,0.003499034749034749,0.0009652509652509653,0.0033783783783783786,0.060328185328185326,0.12150096525096525,0.0009652509652509653,0.0033783783783783786,0.002171814671814672,0.00542953667953668,0.003861003861003861,0.003861003861003861,0.0032577220077220077,0.006274131274131274
China_MotorBike_001096.jpg,longitudinal crack,damage,0.0024813895781637717,0.05955334987593052,0.0024813895781637717,0.05893300248138958,0.0024813895781637717,0.05893300248138958,0.0024813895781637717,0.06141439205955335,0.0,0.11600496277915633,0.0024813895781637717,0.06141439205955335,0.0024813895781637717,0.05148883374689826,0.0,0.02481389578163772,0.0,0.0
China_MotorBike_001096.jpg,longitudinal crack,control,0.0,0.10173697270471464,0.0,0.09987593052109181,0.0,0.10235732009925558,0.0,0.10173697270471464,0.0,0.013027295285359801,0.0,0.10173697270471464,0.0,0.08684863523573201,0.0,0.00620347394540943,0.0,0.0
China_MotorBike_001096.jpg,alligator crack,damage,0.0002306805074971165,0.043906189926951174,0.0002306805074971165,0.04379084967320261,0.0002691272587466359,0.043867743175701655,0.0002306805074971165,0.04382929642445214,0.0021530180699730873,0.033487120338331414,0.0002306805074971165,0.04382929642445214,0.000461361014994233,0.0380238369857747,0.0004998077662437524,0.03071895424836601,0.0,0.0010765090349865436
China_MotorBike_001096.jpg,alligator crack,control,0.005728565936178393,0.056093810073048825,0.0013456362937331796,0.0540561322568243,0.005690119184928874,0.05617070357554787,0.005959246443675509,0.05655517108804306,0.0776239907727797,0.20184544405997693,0.005959246443675509,0.056439830834294505,0.005805459438677432,0.05186466743560169,0.06151480199923107,0.12072279892349097,0.07474048442906574,0.1922337562475971
China_MotorBike_001241.jpg,longitudinal crack,damage,0.10625,0.10625,0.10625,0.10625,0.10625,0.10625,0.10625,0.10625,0.0,0.06875,0.10625,0.10625,0.11875,0.11875,0.0,0.0,0.0,0.0
China_MotorBike_001241.jpg,longitudinal crack,control,0.003125,0.003125,0.003125,0.003125,0.003125,0.003125,0.003125,0.003125,0.0,0.1,0.003125,0.003125,0.00625,0.00625,0.0,0.0,0.0,0.0
China_MotorBike_001241.jpg,transverse crack,damage,0.03853046594982079,0.04032258064516129,0.03853046594982079,0.04121863799283154,0.03942652329749104,0.04121863799283154,0.03853046594982079,0.04032258064516129,0.00985663082437276,0.1953405017921147,0.03853046594982079,0.04032258064516129,0.042114695340501794,0.047491039426523295,0.022401433691756272,0.022401433691756272,0.0,0.05465949820788531
China_MotorBike_001241.jpg,transverse crack,control,0.06541218637992832,0.06810035842293907,0.06362007168458782,0.06899641577060932,0.06541218637992832,0.06810035842293907,0.06630824372759857,0.06899641577060932,0.18996415770609318,0.38799283154121866,0.06630824372759857,0.06899641577060932,0.07437275985663082,0.07885304659498207,0.005376344086021506,0.011648745519713262,0.011648745519713262,0.14874551971326164
China_MotorBike_001241.jpg,transverse crack,damage,0.0539906103286385,0.05835010060362173,0.0539906103286385,0.05835010060362173,0.05365526492287056,0.05835010060362173,0.05365526492287056,0.05801475519785379,0.1301140174379611,0.2505030181086519,0.05432595573440644,0.05868544600938967,0.060026827632461435,0.06841046277665996,0.001676727028839705,0.001676727028839705,0.008718980549966466,0.011066398390342052
China_MotorBike_001241.jpg,transverse crack,control,0.09892689470154259,0.10160965794768612,0.09725016767270288,0.10026827632461435,0.09959758551307847,0.10261569416498995,0.1006036217303823,0.10328638497652583,0.12810194500335345,0.4869215291750503,0.09926224010731052,0.102280348759222,0.1267605633802817,0.13447350771294433,0.0030181086519114686,0.028169014084507043,0.13480885311871227,0.14118041582830315
China_MotorBike_001241.jpg,longitudinal crack,damage,0.10840173829068082,0.1178174794785128,0.10743602124577499,0.1158860453887011,0.10912602607436021,0.11926605504587157,0.1067117334620956,0.1158860453887011,0.1269917914051183,0.4080154514727185,0.1067117334620956,0.11636890391115404,0.11202317720907774,0.12264606470304201,0.0036214389183969096,0.064461612747465,0.00024142926122646064,0.007001448575567359
China_MotorBike_001241.jpg,longitudinal crack,control,0.0521487204249155,0.06856591018831483,0.05577015934331241,0.07267020762916465,0.05239014968614196,0.06880733944954129,0.05118300338000966,0.06735876388218252,0.16610333172380493,0.3809753742153549,0.05118300338000966,0.06760019314340898,0.07025591501690005,0.08788025108643167,0.002655721873491067,0.00772573635924674,0.0036214389183969096,0.020280057943022695
China_MotorBike_001241.jpg,longitudinal crack,damage,0.05523066926575698,0.06432748538011696,0.05490578297595841,0.06302794022092267,0.05458089668615984,0.06335282651072124,0.05523066926575698,0.06465237166991553,0.0682261208576998,0.2290448343079922,0.05523066926575698,0.0649772579597141,0.05847953216374269,0.06920077972709551,0.000649772579597141,0.000649772579597141,0.0016244314489928524,0.029889538661468484
China_MotorBike_001241.jpg,longitudinal crack,control,0.029889538661468484,0.09291747888239116,0.030864197530864196,0.09486679662118258,0.030214424951267055,0.0935672514619883,0.030864197530864196,0.09421702404158544,0.02079272254710851,0.0912930474333983,0.030864197530864196,0.09389213775178687,0.05263157894736842,0.1276803118908382,0.0,0.0,0.0009746588693957114,0.0009746588693957114
China_MotorBike_001241.jpg,longitudinal crack,damage,0.031031031031031032,0.031031031031031032,0.03053053053053053,0.03053053053053053,0.031031031031031032,0.031031031031031032,0.031031031031031032,0.031031031031031032,0.04504504504504504,0.2502502502502503,0.031031031031031032,0.031031031031031032,0.03203203203203203,0.03203203203203203,0.0025025025025025025,0.0025025025025025025,0.0,0.026526526526526525
China_MotorBike_001241.jpg,longitudinal crack,control,0.04154154154154154,0.08358358358358359,0.04254254254254254,0.08558558558558559,0.04104104104104104,0.08308308308308308,0.042042042042042045,0.08408408408408409,0.0980980980980981,0.22772772772772773,0.042042042042042045,0.08408408408408409,0.06356356356356356,0.11561561561561562,0.0,0.0,0.0,0.0
China_MotorBike_001246.jpg,pothole,damage,0.05405405405405406,0.05689900426742532,0.05263157894736842,0.05547652916073969,0.05405405405405406,0.05689900426742532,0.05547652916073969,0.05832147937411095,0.0,0.08819345661450925,0.05547652916073969,0.05832147937411095,0.05405405405405406,0.05689900426742532,0.0,0.2716927453769559,0.0,0.08250355618776671
China_MotorBike_001246.jpg,pothole,control,0.0,0.001422475106685633,0.0,0.001422475106685633,0.001422475106685633,0.002844950213371266,0.0,0.001422475106685633,0.0,0.001422475106685633,0.0,0.001422475106685633,0.001422475106685633,0.001422475106685633,0.0,0.16642958748221906,0.0,0.0
China_MotorBike_001246.jpg,longitudinal crack,damage,0.003367003367003367,0.004208754208754209,0.003367003367003367,0.004208754208754209,0.003367003367003367,0.004208754208754209,0.003367003367003367,0.004208754208754209,0.0,0.0025252525252525255,0.003367003367003367,0.004208754208754209,0.003367003367003367,0.003367003367003367,0.0,0.0,0.0,0.010942760942760943
China_MotorBike_001246.jpg,longitudinal crack,control,0.0,0.0,0.0,0.0,0.0,0.0,0.0,0.0,0.0,0.0,0.0,0.0,0.0,0.0,0.0,0.0,0.0,0.0
China_MotorBike_001246.jpg,transverse crack,damage,0.02377717391304348,0.02377717391304348,0.02309782608695652,0.02309782608695652,0.02309782608695652,0.02309782608695652,0.024456521739130436,0.024456521739130436,0.0,0.010869565217391304,0.024456521739130436,0.024456521739130436,0.02377717391304348,0.02377717391304348,0.0020380434782608695,0.021739130434782608,0.0,0.0
China_MotorBike_001246.jpg,transverse crack,control,0.0,0.0006793478260869565,0.0,0.0006793478260869565,0.0,0.0006793478260869565,0.0,0.0006793478260869565,0.0,0.0,0.0,0.0006793478260869565,0.0,0.0,0.0006793478260869565,0.012907608695652174,0.0,0.0
China_MotorBike_001246.jpg,transverse crack,damage,0.005811905600563579,0.018140190207819654,0.005988023952095809,0.018492426910884114,0.005899964776329694,0.018140190207819654,0.005811905600563579,0.018316308559351884,0.0,0.015410355759070096,0.005811905600563579,0.018316308559351884,0.005988023952095809,0.01514617823177175,0.006252201479394153,0.022190912293060937,0.0,0.03355054596688975
China_MotorBike_001246.jpg,transverse crack,control,0.0025537160972173303,0.01734765762592462,0.0024656569214512153,0.01769989432898908,0.0025537160972173303,0.017259598450158505,0.0024656569214512153,0.017435716801690735,8.805917576611483e-05,0.00818950334624868,0.0024656569214512153,0.017435716801690735,0.0028178936245156746,0.01329693554068334,0.013032758013384995,0.02060584712927087,0.0,0.029764001408946812
China_MotorBike_001259.jpg,longitudinal crack,damage,0.009109730848861283,0.03395445134575569,0.009109730848861283,0.03395445134575569,0.009109730848861283,0.03436853002070393,0.010351966873706004,0.034782608695652174,0.0,0.033126293995859216,0.010351966873706004,0.034782608695652174,0.009523809523809525,0.02774327122153209,0.0,0.038923395445134575,0.0,0.0
China_MotorBike_001259.jpg,longitudinal crack,control,0.0008281573498964803,0.02443064182194617,0.0008281573498964803,0.02443064182194617,0.0008281573498964803,0.02443064182194617,0.0008281573498964803,0.02401656314699793,0.0,0.0,0.0008281573498964803,0.02401656314699793,0.0008281573498964803,0.020703933747412008,0.0,0.0,0.0,0.0
China_MotorBike_001277.jpg,transverse crack,damage,0.10858585858585859,0.1388888888888889,0.10808080808080808,0.1388888888888889,0.1101010101010101,0.1393939393939394,0.1095959595959596,0.1414141414141414,0.17020202020202022,0.48434343434343435,0.1095959595959596,0.1414141414141414,0.10909090909090909,0.13585858585858585,0.027777777777777776,0.05202020202020202,0.007575757575757576,0.14696969696969697
China_MotorBike_001277.jpg,transverse crack,control,0.005555555555555556,0.02070707070707071,0.005555555555555556,0.02070707070707071,0.005555555555555556,0.02070707070707071,0.005555555555555556,0.021212121212121213,0.01717171717171717,0.08737373737373737,0.005555555555555556,0.021212121212121213,0.005555555555555556,0.019696969696969695,0.0,0.0015151515151515152,0.0,0.0
China_MotorBike_001277.jpg,transverse crack,damage,0.024825174825174826,0.04527972027972028,0.0243006993006993,0.04484265734265734,0.024737762237762237,0.04484265734265734,0.024213286713286715,0.044580419580419584,0.10410839160839161,0.2592657342657343,0.024213286713286715,0.044580419580419584,0.02403846153846154,0.04213286713286713,0.006293706293706294,0.025786713286713288,8.741258741258741e-05,0.013898601398601398
China_MotorBike_001277.jpg,transverse crack,control,0.006293706293706294,0.016258741258741258,0.006468531468531468,0.016520979020979022,0.0062062937062937066,0.016171328671328672,0.006381118881118881,0.016258741258741258,0.04536713286713287,0.10043706293706293,0.006381118881118881,0.016258741258741258,0.006993006993006993,0.015909090909090907,0.0005244755244755245,0.004458041958041958,0.0,0.001048951048951049
China_MotorBike_001277.jpg,longitudinal crack,damage,0.019230769230769232,0.019230769230769232,0.019230769230769232,0.019230769230769232,0.020512820512820513,0.020512820512820513,0.019230769230769232,0.019230769230769232,0.11923076923076924,0.2064102564102564,0.019230769230769232,0.019230769230769232,0.015384615384615385,0.015384615384615385,0.020512820512820513,0.028205128205128206,0.0,0.0
China_MotorBike_001277.jpg,longitudinal crack,control,0.00641025641025641,0.00641025641025641,0.00641025641025641,0.010256410256410256,0.00641025641025641,0.00641025641025641,0.0038461538461538464,0.008974358974358974,0.29743589743589743,0.5423076923076923,0.0038461538461538464,0.008974358974358974,0.00641025641025641,0.00641025641025641,0.05897435897435897,0.1282051282051282,0.0,0.07307692307692308
China_MotorBike_001277.jpg,longitudinal crack,damage,0.03633217993079585,0.08131487889273356,0.03633217993079585,0.08131487889273356,0.03633217993079585,0.08131487889273356,0.03633217993079585,0.08131487889273356,0.07439446366782007,0.29411764705882354,0.03633217993079585,0.08131487889273356,0.03633217993079585,0.07958477508650519,0.010380622837370242,0.010380622837370242,0.010380622837370242,0.03806228373702422
China_MotorBike_001277.jpg,longitudinal crack,control,0.0,0.0017301038062283738,0.0,0.0017301038062283738,0.0,0.0,0.0,0.0017301038062283738,0.06401384083044982,0.43944636678200694,0.0,0.0017301038062283738,0.0,0.0,0.0,0.0,0.0,0.06055363321799308
China_MotorBike_001339.jpg,longitudinal crack,damage,0.0,0.0076367389060887515,0.0,0.0076367389060887515,0.0,0.0076367389060887515,0.0,0.0076367389060887515,0.00030959752321981426,0.009287925696594427,0.0,0.0076367389060887515,0.00010319917440660474,0.0038183694530443757,0.0,0.0,0.0,0.0
China_MotorBike_001339.jpg,longitudinal crack,control,0.0,0.007430340557275541,0.0,0.007430340557275541,0.0,0.007430340557275541,0.0,0.007430340557275541,0.0005159958720330237,0.005159958720330237,0.0,0.007430340557275541,0.0,0.0041279669762641896,0.0,0.0,0.0,0.0
China_MotorBike_001339.jpg,transverse crack,damage,0.0,0.006313131313131313,0.0,0.006313131313131313,0.0,0.006313131313131313,0.0,0.005892255892255892,0.007154882154882155,0.09911616161616162,0.0,0.005892255892255892,0.00021043771043771043,0.00484006734006734,0.0,0.008207070707070708,0.0,0.0
China_MotorBike_001339.jpg,transverse crack,control,0.00021043771043771043,0.007786195286195286,0.00021043771043771043,0.007786195286195286,0.00021043771043771043,0.007786195286195286,0.00021043771043771043,0.007786195286195286,0.005471380471380472,0.04734848484848485,0.00021043771043771043,0.007786195286195286,0.00021043771043771043,0.004208754208754209,0.0,0.0,0.0,0.0
China_MotorBike_001497.jpg,longitudinal crack,damage,0.007241379310344828,0.028275862068965516,0.007241379310344828,0.028275862068965516,0.007241379310344828,0.028620689655172414,0.007241379310344828,0.02724137931034483,0.0,0.034482758620689655,0.007241379310344828,0.02724137931034483,0.007241379310344828,0.022413793103448276,0.0,0.043448275862068966,0.0,0.0
China_MotorBike_001497.jpg,longitudinal crack,control,0.0010344827586206897,0.024482758620689656,0.0010344827586206897,0.024482758620689656,0.0010344827586206897,0.024482758620689656,0.0010344827586206897,0.024482758620689656,0.0,0.0,0.0010344827586206897,0.024482758620689656,0.0010344827586206897,0.020689655172413793,0.0,0.0,0.0,0.0
China_MotorBike_001497.jpg,longitudinal crack,damage,0.0013503086419753086,0.0036651234567901233,0.0013503086419753086,0.0036651234567901233,0.0013503086419753086,0.0036651234567901233,0.0013503086419753086,0.0036651234567901233,0.0,0.0005787037037037037,0.0013503086419753086,0.0036651234567901233,0.001736111111111111,0.003279320987654321,0.0,0.0009645061728395061,0.0,0.0
China_MotorBike_001497.jpg,longitudinal crack,control,0.0013503086419753086,0.005208333333333333,0.0013503086419753086,0.005208333333333333,0.0013503086419753086,0.005401234567901234,0.0013503086419753086,0.005208333333333333,0.0009645061728395061,0.05922067901234568,0.0013503086419753086,0.005208333333333333,0.0013503086419753086,0.004243827160493827,0.005401234567901234,0.07677469135802469,0.0,0.0
China_MotorBike_001558.jpg,longitudinal crack,damage,0.002383676582761251,0.004004576659038902,0.0030511060259344014,0.0043859649122807015,0.002288329519450801,0.003909229595728452,0.002479023646071701,0.0043859649122807015,0.040903890160183067,0.11317696414950419,0.002479023646071701,0.0043859649122807015,0.002955758962623951,0.004481311975591152,0.02345537757437071,0.026411136536994662,0.019260106788710908,0.07131960335621663
China_MotorBike_001558.jpg,longitudinal crack,control,0.0008581235697940503,0.02345537757437071,0.0008581235697940503,0.009153318077803204,0.0008581235697940503,0.020594965675057208,0.0007627765064836003,0.03289473684210526,0.057208237986270026,0.1433066361556064,0.0007627765064836003,0.02803203661327231,0.0008581235697940503,0.019736842105263157,0.004862700228832952,0.036136536994660566,0.03842486651411137,0.11041189931350115
China_MotorBike_001558.jpg,longitudinal crack,damage,0.016148325358851676,0.017344497607655503,0.016148325358851676,0.017344497607655503,0.01674641148325359,0.017942583732057416,0.016148325358851676,0.017344497607655503,0.030502392344497607,0.03708133971291866,0.016148325358851676,0.017344497607655503,0.017344497607655503,0.01854066985645933,0.0,0.0023923444976076554,0.04904306220095694,0.04904306220095694
China_MotorBike_001558.jpg,longitudinal crack,control,0.0011961722488038277,0.0011961722488038277,0.0011961722488038277,0.0011961722488038277,0.0011961722488038277,0.0011961722488038277,0.0011961722488038277,0.0011961722488038277,0.0,0.03409090909090909,0.0011961722488038277,0.0011961722488038277,0.0011961722488038277,0.0011961722488038277,0.0,0.005980861244019139,0.03229665071770335,0.03229665071770335
China_MotorBike_001558.jpg,longitudinal crack,damage,0.028333333333333332,0.03166666666666667,0.027564102564102563,0.03076923076923077,0.028589743589743588,0.03192307692307692,0.02794871794871795,0.03128205128205128,0.04987179487179487,0.13705128205128206,0.02794871794871795,0.03128205128205128,0.030256410256410255,0.03333333333333333,0.04987179487179487,0.06935897435897435,0.026923076923076925,0.08115384615384616
China_MotorBike_001558.jpg,longitudinal crack,control,0.0028205128205128207,0.0039743589743589745,0.0028205128205128207,0.0039743589743589745,0.002948717948717949,0.0041025641025641026,0.0028205128205128207,0.0039743589743589745,0.014487179487179487,0.039615384615384615,0.0028205128205128207,0.0039743589743589745,0.002948717948717949,0.0041025641025641026,0.005128205128205128,0.011923076923076923,0.004743589743589744,0.014358974358974359
China_MotorBike_001558.jpg,longitudinal crack,damage,0.057191878753217046,0.07406348298541607,0.05690591935945096,0.07377752359164999,0.05747783814698313,0.0742064626822991,0.05762081784386617,0.0742064626822991,0.0087217615098656,0.04818415784958536,0.057763797540749215,0.07434944237918216,0.06090935087217615,0.07606519874177867,0.009579639691163854,0.017872462110380325,0.0,0.01043751787246211
China_MotorBike_001558.jpg,longitudinal crack,control,0.005862167572204747,0.009722619388046897,0.006005147269087789,0.010008578781812983,0.006005147269087789,0.00986559908492994,0.005719187875321705,0.00929368029739777,0.024878467257649414,0.07535030025736346,0.005719187875321705,0.00929368029739777,0.006148126965970832,0.009436659994280812,0.01043751787246211,0.034458106948813266,0.002430654847011724,0.020732056048041177
China_MotorBike_001559.jpg,alligator crack,damage,0.005334307636097917,0.021288515406162466,0.0019729630982827915,0.01897454634027524,0.005577883327243941,0.021495554743636586,0.006004140786749482,0.02194616977225673,0.06147850444525636,0.16479113384484229,0.005943246863962977,0.021885275849470223,0.005967604433077579,0.01740348313238339,0.042735355011569845,0.09182803556205091,0.05957861405431738,0.14990865911582024
China_MotorBike_001559.jpg,alligator crack,control,0.00021921812203142126,0.0019729630982827915,0.00010960906101571063,0.0020582145901838996,0.00026793326026062597,0.0020338570210692974,0.00018268176835951772,0.0019242479600535866,0.035221044939715014,0.11113140908537328,0.0001948605529168189,0.001936426744610888,0.00024357569114602363,0.0010839118255998052,0.03379612714651078,0.06949214468396055,0.03965412251857264,0.11659968335160151
China_MotorBike_001620.jpg,longitudinal crack,damage,0.00045582047685834503,0.0031907433380084153,0.00045582047685834503,0.003050490883590463,0.00045582047685834503,0.003120617110799439,0.0003155680224403927,0.002699859747545582,0.021669004207573634,0.0679172510518934,0.00045582047685834503,0.0032258064516129032,0.0005259467040673212,0.0029803646563814866,0.004242636746143057,0.008485273492286114,0.005820476858345021,0.03569424964936886
China_MotorBike_001620.jpg,longitudinal crack,control,0.0005610098176718093,0.002138849929873773,0.0005610098176718093,0.0021037868162692847,0.0005259467040673212,0.0020687237026647967,0.0002454417952314166,0.0016129032258064516,0.009396914446002805,0.02314165497896213,0.0005259467040673212,0.002138849929873773,0.0006311360448807854,0.0019985974754558205,0.004242636746143057,0.004242636746143057,0.002138849929873773,0.025350631136044882
China_MotorBike_001620.jpg,longitudinal crack,damage,0.0035414725069897483,0.005405405405405406,0.0035414725069897483,0.00534327430879155,0.0035414725069897483,0.005405405405405406,0.0028580304442373406,0.004287045666356011,0.0,0.018266542404473438,0.0035414725069897483,0.005405405405405406,0.0038521279900590247,0.00521901211556384,0.0019881950916433677,0.0019881950916433677,0.0,0.011556383970177074
China_MotorBike_001620.jpg,longitudinal crack,control,0.0004349176762969866,0.0036036036036036037,0.0004349176762969866,0.0035414725069897483,0.0003727865796831314,0.0035414725069897483,0.00031065548306927616,0.003168685927306617,0.012985399192295743,0.025225225225225224,0.0003727865796831314,0.003479341410375893,0.0004970487729108419,0.0033550792171481826,0.0016775396085740913,0.0016775396085740913,0.0,0.024417520969245106
China_MotorBike_001662.jpg,longitudinal crack,damage,0.0,0.006342494714587738,0.0,0.004228329809725159,0.0,0.006342494714587738,0.0,0.006342494714587738,0.0,0.0,0.0,0.006342494714587738,0.0,0.0021141649048625794,0.0,0.0,0.0,0.0
China_MotorBike_001662.jpg,longitudinal crack,control,0.0,0.012684989429175475,0.0,0.012684989429175475,0.0,0.012684989429175475,0.0,0.012684989429175475,0.0,0.0,0.0,0.012684989429175475,0.0,0.010570824524312896,0.0,0.0,0.0,0.0
China_MotorBike_001662.jpg,longitudinal crack,damage,0.0,0.0060790273556231,0.0,0.0060790273556231,0.0,0.0060790273556231,0.0,0.0060790273556231,0.0,0.017857142857142856,0.0,0.0060790273556231,0.0,0.004939209726443769,0.0,0.0,0.0,0.0
China_MotorBike_001662.jpg,longitudinal crack,control,0.0,0.008738601823708206,0.0,0.008738601823708206,0.0,0.00911854103343465,0.0,0.008738601823708206,0.0,0.0,0.0,0.008738601823708206,0.0,0.007218844984802432,0.0,0.0,0.0,0.0
China_MotorBike_001662.jpg,transverse crack,damage,0.0,0.0,0.0,0.0,0.0,0.0,0.0,0.0,0.0,0.013217391304347827,0.0,0.0,0.0,0.0,0.0,0.01982608695652174,0.0,0.0
China_MotorBike_001662.jpg,transverse crack,control,0.034782608695652174,0.035130434782608695,0.03304347826086956,0.033391304347826084,0.034782608695652174,0.035130434782608695,0.034434782608695653,0.034782608695652174,0.0076521739130434785,0.07165217391304347,0.034434782608695653,0.034782608695652174,0.03895652173913043,0.03930434782608696,0.017043478260869566,0.07234782608695652,0.008347826086956521,0.05321739130434783
China_MotorBike_001662.jpg,transverse crack,damage,0.001095690284879474,0.002191380569758948,0.001095690284879474,0.002191380569758948,0.001095690284879474,0.002191380569758948,0.001095690284879474,0.002191380569758948,0.0,0.01375700024348673,0.001095690284879474,0.002191380569758948,0.002556610664718773,0.003287070854638422,0.0,0.017774531288044803,0.0,0.0
China_MotorBike_001662.jpg,transverse crack,control,0.0006087168249330412,0.0009739469198928658,0.0006087168249330412,0.0009739469198928658,0.0006087168249330412,0.0009739469198928658,0.0006087168249330412,0.0009739469198928658,0.0052349646944241535,0.023739956172388606,0.0006087168249330412,0.0009739469198928658,0.001582663744825907,0.0019478938397857316,0.00012174336498660823,0.02544436328220112,0.0007304601899196494,0.0056001947893839785
China_MotorBike_001662.jpg,longitudinal crack,damage,0.0007911392405063291,0.007120253164556962,0.0007911392405063291,0.007120253164556962,0.0,0.006329113924050633,0.0007911392405063291,0.007120253164556962,0.0007911392405063291,0.11708860759493671,0.0007911392405063291,0.007120253164556962,0.0031645569620253164,0.00949367088607595,0.0015822784810126582,0.14319620253164558,0.0,0.0
China_MotorBike_001662.jpg,longitudinal crack,control,0.0,0.00949367088607595,0.0,0.00949367088607595,0.0,0.00949367088607595,0.0,0.010284810126582278,0.0,0.014240506329113924,0.0,0.010284810126582278,0.0,0.007911392405063292,0.0015822784810126582,0.0015822784810126582,0.0,0.0
China_MotorBike_001662.jpg,transverse crack,damage,0.010810810810810811,0.017069701280227598,0.010526315789473684,0.017069701280227598,0.010810810810810811,0.017069701280227598,0.00995732574679943,0.016500711237553343,0.0,0.03584637268847795,0.00995732574679943,0.016500711237553343,0.017354196301564723,0.023613086770981506,0.0,0.023044096728307255,0.0,0.0
China_MotorBike_001662.jpg,transverse crack,control,0.0,0.0034139402560455193,0.0,0.0034139402560455193,0.0,0.0034139402560455193,0.0,0.0034139402560455193,0.0,0.0005689900426742532,0.0,0.0034139402560455193,0.0008534850640113798,0.0034139402560455193,0.0,0.0008534850640113798,0.0,0.0
China_MotorBike_001794.jpg,pothole,damage,0.00918000918000918,0.012096012096012096,0.008748008748008749,0.011691011691011692,0.009288009288009288,0.012231012231012231,0.009045009045009045,0.011907011907011907,0.021708021708021708,0.12646812646812647,0.009045009045009045,0.011907011907011907,0.010287010287010286,0.011664011664011664,0.015066015066015065,0.05022005022005022,0.002052002052002052,0.059643059643059645
China_MotorBike_001794.jpg,pothole,control,0.000108000108000108,0.003726003726003726,0.000108000108000108,0.003726003726003726,0.000108000108000108,0.003672003672003672,0.000162000162000162,0.00378000378000378,0.005967005967005967,0.039933039933039934,0.000162000162000162,0.00378000378000378,0.000216000216000216,0.002133002133002133,0.014013014013014012,0.03626103626103626,0.0,0.0
China_MotorBike_001814.jpg,alligator crack,damage,0.010815428799941833,0.021739920747446104,0.003035590940487876,0.016468535281928237,0.011197149816410368,0.02223070491147708,0.013251172428836297,0.024357436288944632,0.10041080452248519,0.2746210055622205,0.013251172428836297,0.024393790671465444,0.010942669138764679,0.019140582397207985,0.08028865379721525,0.17308321518159014,0.10179227105827608,0.2658050678009234
China_MotorBike_001814.jpg,alligator crack,control,0.0009997455193223542,0.025484422147089833,0.0009997455193223542,0.025484422147089833,0.0009997455193223542,0.025484422147089833,0.0009997455193223542,0.025466244955829425,0.0,0.000945213945541135,0.0009997455193223542,0.025466244955829425,0.0013269349620096702,0.019322354309812047,0.0,0.0,0.0,0.0
China_MotorBike_001814.jpg,longitudinal crack,damage,0.0011072725662148995,0.002059526973159713,0.0011294180175391974,0.002081672424484011,0.0011737089201877935,0.002103817875808309,0.0010408362122420055,0.001970945167862521,0.0,0.009079635042962176,0.0010629816635663034,0.001993090619186819,0.0015501815927008592,0.002059526973159713,0.0015944724953494552,0.0026574541589157587,0.0028789086721587387,0.008548144211179024
China_MotorBike_001814.jpg,longitudinal crack,control,0.0009301089556205156,0.012312870936309683,0.0009301089556205156,0.012312870936309683,0.0009301089556205156,0.01233501638763398,0.0009079635042962175,0.012312870936309683,0.0,0.0007086544423775356,0.0009079635042962175,0.012312870936309683,0.0010629816635663034,0.0088138896270706,0.0,0.0,0.0,0.0
China_MotorBike_001920.jpg,longitudinal crack,damage,0.0006832298136645962,0.010124223602484472,0.0006832298136645962,0.010124223602484472,0.0006832298136645962,0.010124223602484472,0.0006832298136645962,0.010186335403726708,0.0,0.010062111801242236,0.0006832298136645962,0.010186335403726708,0.0009316770186335404,0.007080745341614907,0.0,0.0,0.0,0.0
China_MotorBike_001920.jpg,longitudinal crack,control,0.0004347826086956522,0.004347826086956522,0.0004347826086956522,0.004347826086956522,0.0004347826086956522,0.004347826086956522,0.0004347826086956522,0.004347826086956522,0.0,0.0009937888198757764,0.0004347826086956522,0.004347826086956522,0.0006832298136645962,0.0022360248447204968,0.0,0.0,0.0,0.0
China_MotorBike_001920.jpg,longitudinal crack,damage,0.00020202020202020202,0.016565656565656565,0.00020202020202020202,0.016464646464646463,0.00020202020202020202,0.016565656565656565,0.00020202020202020202,0.016565656565656565,0.0,0.00404040404040404,0.00020202020202020202,0.016565656565656565,0.0008080808080808081,0.010707070707070707,0.0,0.0,0.00030303030303030303,0.00030303030303030303
China_MotorBike_001920.jpg,longitudinal crack,control,0.00202020202020202,0.004949494949494949,0.0022222222222222222,0.005151515151515152,0.0021212121212121214,0.005050505050505051,0.0021212121212121214,0.005050505050505051,0.007575757575757576,0.02,0.0021212121212121214,0.005050505050505051,0.0019191919191919192,0.0032323232323232323,0.00040404040404040404,0.0019191919191919192,0.0032323232323232323,0.017676767676767676
China_MotorBike_001920.jpg,transverse crack,damage,0.008288770053475936,0.020261437908496733,0.00808080808080808,0.020083184789067142,0.008467023172905526,0.02038027332144979,0.008229352346999405,0.02014260249554367,0.0030005941770647653,0.029619726678550208,0.00814022578728461,0.020053475935828877,0.00873440285204991,0.016874628639334522,0.0025252525252525255,0.01045751633986928,0.004783125371360665,0.011140819964349376
China_MotorBike_001920.jpg,transverse crack,control,0.0007427213309566251,0.012566844919786097,0.000683303624480095,0.012448009506833037,0.000683303624480095,0.012507427213309566,0.0007427213309566251,0.012507427213309566,0.000326797385620915,0.01966726084373143,0.0007427213309566251,0.012507427213309566,0.000683303624480095,0.008645276292335117,0.00184194890077243,0.014171122994652407,0.0016934046345811052,0.004010695187165776
Czech_000429.jpg,longitudinal crack,damage,0.002159468438538206,0.0038205980066445184,0.0019933554817275745,0.003654485049833887,0.002159468438538206,0.0038205980066445184,0.002159468438538206,0.0038205980066445184,0.0,0.00132890365448505,0.002159468438538206,0.0038205980066445184,0.0018272425249169434,0.002823920265780731,0.0,0.0,0.009634551495016611,0.009634551495016611
Czech_000429.jpg,longitudinal crack,control,0.0,0.0009966777408637873,0.0,0.0009966777408637873,0.0,0.0009966777408637873,0.0,0.0009966777408637873,0.0,0.0,0.0,0.0009966777408637873,0.0,0.000664451827242525,0.0,0.0,0.0,0.016611295681063124
Czech_000429.jpg,longitudinal crack,damage,0.006,0.0205,0.006,0.0205,0.006,0.0205,0.006,0.0205,0.0,0.0,0.006,0.0205,0.0055,0.02,0.0,0.0,0.0,0.031
Czech_000429.jpg,longitudinal crack,control,0.0,0.0,0.0,0.0,0.0,0.0,0.0,0.0,0.0,0.0,0.0,0.0,0.0,0.0,0.0,0.0,0.0085,0.018
Czech_000694.jpg,transverse crack,damage,0.003401360544217687,0.045351473922902494,0.003968253968253968,0.04591836734693878,0.003401360544217687,0.04705215419501134,0.003401360544217687,0.04591836734693878,0.0,0.0,0.0011337868480725624,0.03968253968253968,0.002834467120181406,0.041383219954648526,0.0,0.0,0.003401360544217687,0.003401360544217687
Czech_000694.jpg,transverse crack,control,0.0,0.05782312925170068,0.0,0.05668934240362812,0.0,0.05839002267573696,0.0,0.05839002267573696,0.0,0.0022675736961451248,0.0,0.05328798185941043,0.0,0.05215419501133787,0.0,0.0,0.0,0.0
Czech_000694.jpg,longitudinal crack,damage,0.00021934634788330776,0.03794691818381224,0.000877385391533231,0.03816626453169555,0.00021934634788330776,0.03794691818381224,0.00021934634788330776,0.03794691818381224,0.0,0.00021934634788330776,0.0,0.03663084009651239,0.0,0.036411493748629085,0.0,0.0,0.0,0.0
Czech_000694.jpg,longitudinal crack,control,0.0,0.03948234261899539,0.00021934634788330776,0.0397016889668787,0.0,0.03948234261899539,0.0,0.03948234261899539,0.0,0.0004386926957666155,0.0,0.03794691818381224,0.0,0.037288879140162316,0.0,0.0,0.0,0.0010967317394165387
Czech_001065.jpg,longitudinal crack,damage,0.02,0.1412987012987013,0.0212987012987013,0.13090909090909092,0.02,0.14233766233766235,0.01922077922077922,0.14285714285714285,0.0,0.042077922077922075,0.02025974025974026,0.14259740259740258,0.033766233766233764,0.1631168831168831,0.0187012987012987,0.05610389610389611,0.04051948051948052,0.16883116883116883
Czech_001065.jpg,longitudinal crack,control,0.00025974025974025974,0.005194805194805195,0.0005194805194805195,0.005454545454545455,0.00025974025974025974,0.005454545454545455,0.00025974025974025974,0.005454545454545455,0.0,0.016103896103896103,0.00025974025974025974,0.005454545454545455,0.0012987012987012987,0.006493506493506494,0.028311688311688312,0.05922077922077922,0.017922077922077922,0.04987012987012987
Czech_001247.jpg,alligator crack,damage,0.012311901504787962,0.02346956224350205,0.012525649794801641,0.02346956224350205,0.009746922024623803,0.017783857729138167,0.011841655266757865,0.023042065663474692,0.0,0.018339603283173734,0.009789671682626538,0.017912106703146375,0.015047879616963064,0.025136798905608757,4.274965800273598e-05,0.0023939808481532147,4.274965800273598e-05,0.0011114911080711354
Czech_001247.jpg,alligator crack,control,0.007994186046511628,0.10460841313269494,0.007523939808481532,0.10392441860465117,0.006540697674418605,0.09409199726402188,0.006882694938440493,0.0989654582763338,0.11444083447332422,0.30271032831737343,0.006497948016415869,0.09370725034199727,0.00944767441860465,0.11029411764705882,0.006155950752393981,0.016116621067031465,0.00047024623803009575,0.004317715458276334
Czech_001327.jpg,longitudinal crack,damage,0.01285206453377085,0.09010117582718075,0.013125512715340444,0.08969100355482636,0.01285206453377085,0.09010117582718075,0.018184304074377905,0.10336341263330599,0.0,0.0013672409078479629,0.01285206453377085,0.09010117582718075,0.01175827180749248,0.0806672135630298,0.0,0.0,0.0,0.0
Czech_001327.jpg,longitudinal crack,control,0.0,0.054552912223133715,0.0,0.05427946404156413,0.0,0.054963084495488104,0.0,0.057560842220399235,0.0,0.0008203445447087777,0.0,0.054963084495488104,0.0,0.051134809953513806,0.0,0.0,0.0,0.0
Czech_001517.jpg,transverse crack,damage,0.0036774363015497765,0.0036774363015497765,0.001313370107696349,0.001313370107696349,0.0036774363015497765,0.0036774363015497765,0.003940110323089046,0.003940110323089046,0.0,0.0005253480430785396,0.001313370107696349,0.001313370107696349,0.004465458366167586,0.004465458366167586,0.0,0.0,0.0,0.0
Czech_001517.jpg,transverse crack,control,0.027580772261623327,0.07801418439716312,0.01103230890464933,0.05568689256632519,0.027055424218544784,0.07617546624638823,0.027580772261623327,0.07801418439716312,0.03756238508011558,0.11216180719726819,0.013921723141581297,0.057788284738639346,0.028368794326241134,0.0764381402679275,0.014972419227738377,0.017336485421591805,0.06015235093249278,0.10139217231415813
Czech_001579.jpg,alligator crack,damage,0.010348583877995643,0.012309368191721133,0.010239651416122004,0.012200435729847494,0.01045751633986928,0.012309368191721133,0.010021786492374727,0.012091503267973857,0.0,0.0058823529411764705,0.01045751633986928,0.012309368191721133,0.013289760348583878,0.014923747276688453,0.0,0.0,0.04106753812636166,0.049019607843137254
Czech_001579.jpg,alligator crack,control,0.0014161220043572985,0.00196078431372549,0.0014161220043572985,0.00196078431372549,0.0014161220043572985,0.00196078431372549,0.0014161220043572985,0.00196078431372549,0.0,0.00010893246187363834,0.0014161220043572985,0.00196078431372549,0.0022875816993464053,0.0027233115468409588,0.0,0.0,0.0,0.0
Czech_001579.jpg,longitudinal crack,damage,0.002673002673002673,0.002673002673002673,0.0025245025245025244,0.0025245025245025244,0.002673002673002673,0.002673002673002673,0.0025245025245025244,0.0025245025245025244,0.0,0.0007425007425007425,0.002673002673002673,0.002673002673002673,0.004009504009504009,0.004009504009504009,0.0,0.0,0.0,0.0
Czech_001579.jpg,longitudinal crack,control,0.0,0.0,0.0,0.0,0.0,0.0,0.0,0.0,0.0,0.0,0.0,0.0,0.0,0.0,0.0,0.0,0.0004455004455004455,0.0025245025245025244
Czech_001998.jpg,longitudinal crack,damage,0.0003003003003003003,0.0003003003003003003,0.0003003003003003003,0.0003003003003003003,0.0003003003003003003,0.0003003003003003003,0.0003003003003003003,0.0003003003003003003,0.0,0.003303303303303303,0.0003003003003003003,0.0003003003003003003,0.0003003003003003003,0.0003003003003003003,0.0,0.0,0.0006006006006006006,0.0006006006006006006
Czech_001998.jpg,longitudinal crack,control,0.0,0.0,0.0,0.0,0.0,0.0,0.0,0.0,0.0,0.005105105105105105,0.0,0.0,0.0,0.0,0.0,0.0,0.03633633633633634,0.042042042042042045
Czech_002013.jpg,alligator crack,damage,0.004041248606465998,0.00487736900780379,0.005063173541434411,0.005481233742103307,0.004459308807134894,0.005202526941657376,0.0030657748049052395,0.004412857673727239,0.0,0.010590858416945374,0.0020438498699368265,0.002508361204013378,0.00459866220735786,0.00478446674098848,0.0002787068004459309,0.005527684875510962,0.0112876254180602,0.05569490895577852
Czech_002013.jpg,alligator crack,control,0.0005109624674842066,0.003855444072835377,0.0006967670011148272,0.004087699739873653,0.000650315867707172,0.003948346339650687,0.00046451133407655144,0.0039018952062430325,0.061501300631735416,0.2831661092530658,0.0002787068004459309,0.002183203270159792,0.000325157933853586,0.0029728725380899295,0.00023225566703827572,0.003994797473058343,0.0650315867707172,0.1554719435154218
Czech_002013.jpg,pothole,damage,0.016,0.017142857142857144,0.016,0.018285714285714287,0.016,0.017142857142857144,0.016,0.016,0.0,0.013142857142857144,0.012,0.012,0.016,0.016,0.0,0.0,0.0034285714285714284,0.030285714285714287
Czech_002013.jpg,pothole,control,0.0,0.0,0.0,0.0,0.0,0.0,0.0,0.0,0.0,0.002285714285714286,0.0,0.0,0.0,0.0,0.0,0.0,0.002285714285714286,0.03142857142857143
Czech_002013.jpg,alligator crack,damage,0.0030696576151121604,0.0060212514757969305,0.003305785123966942,0.006375442739079103,0.0031877213695395514,0.006257378984651712,0.002715466351829988,0.0059031877213695395,0.0003541912632821724,0.0358913813459268,0.0021251475796930344,0.0037780401416765055,0.0030696576151121604,0.00448642266824085,0.0,0.0,0.046635182998819365,0.1050767414403778
Czech_002013.jpg,alligator crack,control,0.0010625737898465172,0.005312868949232586,0.0002361275088547816,0.00448642266824085,0.001652892561983471,0.0059031877213695395,0.0012987012987012987,0.0060212514757969305,0.002243211334120425,0.10354191263282173,0.0005903187721369539,0.004132231404958678,0.0010625737898465172,0.004604486422668241,0.0,0.0003541912632821724,0.10932703659976387,0.2846517119244392
Czech_002117.jpg,transverse crack,damage,0.017720306513409962,0.044061302681992334,0.017001915708812262,0.04310344827586207,0.016762452107279693,0.04310344827586207,0.017720306513409962,0.044061302681992334,0.0,0.014367816091954023,0.017001915708812262,0.043342911877394634,0.019157088122605363,0.044061302681992334,0.0,0.0,0.0,0.0
Czech_002117.jpg,transverse crack,control,0.0,0.0,0.0,0.0,0.0,0.0,0.0,0.0,0.0,0.0,0.0,0.0,0.0,0.0,0.0,0.0,0.0,0.0
Czech_002472.jpg,longitudinal crack,damage,0.0013547076089410702,0.0013547076089410702,0.0013547076089410702,0.0013547076089410702,0.0013547076089410702,0.0013547076089410702,0.0013547076089410702,0.0013547076089410702,0.0,0.00022578460149017836,0.0013547076089410702,0.0013547076089410702,0.001806276811921427,0.001806276811921427,0.0,0.0,0.00022578460149017836,0.003160984420862497
Czech_002472.jpg,longitudinal crack,control,0.008918491758862045,0.015579137502822308,0.008805599458116957,0.013998645292391058,0.009257168661097314,0.015917814405057577,0.00846692255588169,0.016820952811018287,0.0,0.011966583878979453,0.00846692255588169,0.01659516820952811,0.009370060961842402,0.01535335290133213,0.0,0.0,0.013772860690900881,0.06615488823662226
Czech_002732.jpg,longitudinal crack,damage,0.007459412022817025,0.016344888108819657,0.00669153137340939,0.014699429574374727,0.007240017551557701,0.016344888108819657,0.008007898200965336,0.017112768758227294,0.00010969723562966213,0.029947345326897763,0.007240017551557701,0.016344888108819657,0.01437033786748574,0.023913997367266345,0.0,0.0,0.0,0.0
Czech_002732.jpg,longitudinal crack,control,0.00010969723562966213,0.008007898200965336,0.00010969723562966213,0.008007898200965336,0.00010969723562966213,0.008007898200965336,0.00010969723562966213,0.008446687143483985,0.0,0.0013163668275559457,0.00010969723562966213,0.008007898200965336,0.00021939447125932427,0.008446687143483985,0.0,0.0,0.0,0.0
Czech_002738.jpg,transverse crack,damage,0.0,0.008873114463176575,0.0,0.008281573498964804,0.0,0.00857734398107069,0.0,0.008873114463176575,0.0,0.0,0.0,0.00857734398107069,0.0011830819284235432,0.010351966873706004,0.0,0.0,0.0,0.001774622892635315
Czech_002738.jpg,transverse crack,control,0.0,0.0005915409642117716,0.0,0.0005915409642117716,0.0,0.0005915409642117716,0.0,0.0005915409642117716,0.0,0.0,0.0,0.0005915409642117716,0.0,0.0008873114463176575,0.0,0.0,0.0,0.0
Czech_002738.jpg,transverse crack,damage,0.0,0.0,0.0,0.0,0.0,0.0,0.0,0.0,0.0,0.0,0.0,0.0,0.0002957704821058858,0.0002957704821058858,0.0,0.0,0.0,0.0
Czech_002738.jpg,transverse crack,control,0.0,0.0,0.0,0.0,0.0,0.0,0.0,0.0,0.0,0.0,0.0,0.0,0.0,0.0,0.0,0.0,0.018633540372670808,0.018633540372670808
Czech_002769.jpg,longitudinal crack,damage,0.0,0.0,0.0,0.0,0.0,0.0,0.0,0.0,0.0,0.0,0.0,0.0,0.0,0.0,0.0,0.0,0.0006265664160401002,0.0006265664160401002
Czech_002769.jpg,longitudinal crack,control,0.0,0.0,0.0,0.0,0.0,0.0,0.0,0.0,0.0,0.0,0.0,0.0,0.0,0.0,0.0,0.0,0.0,0.0
Czech_002783.jpg,longitudinal crack,damage,0.046153846153846156,0.09819251786464901,0.04573350147120639,0.0984026902059689,0.04733081126523749,0.09924337957124843,0.04337957124842371,0.09630096679277007,0.02063892391761244,0.10218579234972677,0.04623791509037411,0.09777217318200924,0.04379991593106347,0.09348465741908366,0.0011349306431273644,0.0014712063892391761,0.00037831021437578815,0.003656998738965952
Czech_002783.jpg,longitudinal crack,control,0.19760403530895335,0.3319882303488861,0.20395124001681378,0.33862967633459434,0.19827658680117696,0.3328289197141656,0.19163514081546867,0.32686002522068097,0.0489281210592686,0.20021017234131988,0.19941151744430433,0.33362757461118114,0.19134089953762085,0.3149222362337116,0.00996216897856242,0.055527532576712904,0.015300546448087432,0.06712904581757041
Czech_002783.jpg,longitudinal crack,damage,0.019405528209011737,0.040357187933863434,0.017543859649122806,0.03698094156253944,0.0198157263662754,0.03985232866338508,0.018648239303294206,0.042250410198157264,0.003502461188943582,0.03029155622870125,0.020289031932348857,0.040357187933863434,0.019342420800201945,0.03549791745550928,0.00012621481761958855,0.00015776852202448568,0.003060709327275022,0.0031553704404897135
Czech_002783.jpg,longitudinal crack,control,0.11545500441751862,0.2136501325255585,0.10617821532247886,0.1992300896125205,0.11747444149943204,0.21387100845639279,0.11513946737346964,0.2236526568219109,0.07086962009339896,0.2445412091379528,0.11580209516597248,0.21772056039379023,0.10740880979426985,0.1926669190963019,0.011296226176953174,0.03817998232992553,0.03821153603433043,0.06995456266565694
Czech_003144.jpg,longitudinal crack,damage,0.011690405804891158,0.06517065305025531,0.009406073636119323,0.06234883095941951,0.011556033324375168,0.06503628056973931,0.011824778285407149,0.06543939801128729,0.0,0.014243482934694974,0.011556033324375168,0.06503628056973931,0.013437248051599033,0.06221445847890352,0.0,0.0,0.0,0.0002687449610319806
Czech_003144.jpg,longitudinal crack,control,0.019887127116366567,0.019887127116366567,0.01195915076592314,0.01195915076592314,0.019752754635850578,0.019752754635850578,0.020827734479978502,0.020827734479978502,0.0,0.031846277882289706,0.015990325181402847,0.015990325181402847,0.022708949207202365,0.022708949207202365,0.0001343724805159903,0.0014780972856758936,0.019080892233270627,0.019080892233270627
Czech_003285.jpg,longitudinal crack,damage,0.004873294346978557,0.004873294346978557,0.005523066926575698,0.005523066926575698,0.004873294346978557,0.004873294346978557,0.004548408057179987,0.004548408057179987,0.0,0.004548408057179987,0.004873294346978557,0.004873294346978557,0.00649772579597141,0.00649772579597141,0.0,0.0,0.0,0.0
Czech_003285.jpg,longitudinal crack,control,0.000649772579597141,0.000649772579597141,0.000649772579597141,0.000649772579597141,0.000649772579597141,0.000649772579597141,0.000649772579597141,0.000649772579597141,0.0,0.000649772579597141,0.000649772579597141,0.000649772579597141,0.0016244314489928524,0.0016244314489928524,0.0,0.0,0.0,0.0
Czech_003285.jpg,pothole,damage,0.03155737704918033,0.036885245901639344,0.02540983606557377,0.029918032786885245,0.031967213114754096,0.037295081967213116,0.037295081967213116,0.04262295081967213,0.0,0.09549180327868853,0.02540983606557377,0.030737704918032786,0.05450819672131148,0.05983606557377049,0.0,0.0,0.022540983606557378,0.027049180327868853
Czech_003285.jpg,pothole,control,0.14057377049180328,0.19139344262295083,0.011885245901639344,0.06147540983606557,0.15204918032786885,0.2028688524590164,0.21434426229508197,0.26721311475409837,0.0,0.32868852459016396,0.028278688524590163,0.0790983606557377,0.255327868852459,0.30983606557377047,0.0,0.0069672131147540985,0.22418032786885245,0.22418032786885245
Czech_003345.jpg,alligator crack,damage,0.004524410774410775,0.005050505050505051,0.004524410774410775,0.005050505050505051,0.004577020202020202,0.005103114478114478,0.004524410774410775,0.005050505050505051,0.0,0.003103956228956229,0.004471801346801346,0.004997895622895623,0.004734848484848485,0.005155723905723906,0.0,0.0,0.0211489898989899,0.025936447811447813
Czech_003345.jpg,alligator crack,control,0.03856271043771044,0.08496422558922559,0.03035563973063973,0.08143939393939394,0.039036195286195285,0.08485900673400673,0.03824705387205387,0.0840172558922559,0.024779040404040404,0.18297558922558924,0.03977272727272727,0.08638468013468013,0.04240319865319865,0.08527988215488215,0.002788299663299663,0.019044612794612795,0.08422769360269361,0.25562920875420875
Czech_003345.jpg,transverse crack,damage,0.022510593220338982,0.022510593220338982,0.024364406779661018,0.024364406779661018,0.022775423728813558,0.022775423728813558,0.022510593220338982,0.022510593220338982,0.0,0.011652542372881356,0.023569915254237288,0.023569915254237288,0.023569915254237288,0.023569915254237288,0.0,0.0,0.010063559322033898,0.07494703389830508
Czech_003345.jpg,transverse crack,control,0.014565677966101694,0.030985169491525424,0.014036016949152543,0.02621822033898305,0.014565677966101694,0.02992584745762712,0.01350635593220339,0.03336864406779661,0.00211864406779661,0.07838983050847458,0.014565677966101694,0.030985169491525424,0.018538135593220338,0.02992584745762712,0.0,0.0,0.09454449152542373,0.20683262711864406
Czech_003376.jpg,longitudinal crack,damage,0.014201183431952662,0.027726120033812342,0.01098901098901099,0.024344885883347423,0.014877430262045646,0.028064243448858835,0.014370245139475908,0.027726120033812342,0.000169061707523246,0.03837700760777684,0.014877430262045646,0.028402366863905324,0.01589180050718512,0.02738799661876585,0.0,0.000676246830092984,0.0018596787827557058,0.0018596787827557058
Czech_003376.jpg,longitudinal crack,control,0.0,0.000169061707523246,0.0,0.000169061707523246,0.0,0.000169061707523246,0.0,0.000169061707523246,0.0,0.0,0.0,0.000169061707523246,0.0,0.0,0.0,0.0,0.0,0.0
Czech_003391.jpg,longitudinal crack,damage,0.04308702791461412,0.09116584564860426,0.048866995073891625,0.09234811165845648,0.044729064039408864,0.09155993431855501,0.037963875205254516,0.08958949096880131,0.0,0.007422003284072249,0.044137931034482755,0.09110016420361249,0.04380952380952381,0.08880131362889984,0.02180623973727422,0.07507389162561576,0.045057471264367814,0.16873563218390805
Czech_003391.jpg,longitudinal crack,control,0.014712643678160919,0.03467980295566502,0.01458128078817734,0.034811165845648605,0.014844006568144498,0.034876847290640396,0.01464696223316913,0.03474548440065681,0.0,0.005385878489326765,0.015829228243021347,0.035730706075533664,0.015763546798029555,0.03559934318555008,0.009195402298850575,0.020689655172413793,0.004334975369458128,0.031461412151067326
Czech_003494.jpg,longitudinal crack,damage,0.0,0.000884433962264151,0.0,0.000884433962264151,0.0,0.000884433962264151,0.0,0.000884433962264151,0.0,0.0,0.0,0.000884433962264151,0.0,0.0005896226415094339,0.0,0.0,0.0,0.0
Czech_003494.jpg,longitudinal crack,control,0.0,0.0,0.0,0.0,0.0,0.0,0.0,0.0,0.0,0.0,0.0,0.0,0.0,0.0,0.0,0.0,0.0,0.0
Czech_003500.jpg,longitudinal crack,damage,0.000326797385620915,0.0011982570806100218,0.00043572984749455336,0.00130718954248366,0.000326797385620915,0.0011982570806100218,0.000326797385620915,0.0011982570806100218,0.0,0.00021786492374727668,0.000326797385620915,0.0011982570806100218,0.0015250544662309367,0.0029411764705882353,0.0,0.0,0.0,0.0
Czech_003500.jpg,longitudinal crack,control,0.006100217864923747,0.03529411764705882,0.006971677559912854,0.03605664488017429,0.005991285403050109,0.03540305010893246,0.005773420479302832,0.035076252723311545,0.0,0.002505446623093682,0.005991285403050109,0.03540305010893246,0.00849673202614379,0.038562091503267976,0.00010893246187363834,0.00010893246187363834,0.0,0.0
Czech_003500.jpg,pothole,damage,0.015151515151515152,0.015151515151515152,0.013131313131313131,0.013131313131313131,0.015151515151515152,0.015151515151515152,0.015151515151515152,0.015151515151515152,0.0,0.0,0.015151515151515152,0.015151515151515152,0.03636363636363636,0.03636363636363636,0.0,0.0,0.0,0.0
Czech_003500.jpg,pothole,control,0.0,0.0,0.0,0.0,0.0,0.0,0.0,0.0,0.0,0.0,0.0,0.0,0.0,0.0,0.0,0.0,0.0,0.0
India_000317.jpg,pothole,damage,0.07721010332950631,0.1451396861844623,0.08347684653654804,0.14638346727898965,0.07663605051664753,0.14375239188672023,0.07596632223497896,0.15097588978185994,0.12246460007654038,0.2939628779181018,0.07582280903176425,0.15083237657864523,0.08711251435132032,0.15939533103712208,0.03855721393034826,0.06041905855338691,0.03922694221201684,0.11122273249138921
India_000317.jpg,pothole,control,0.030424799081515498,0.040040183696900114,0.029515882127822426,0.03860505166475316,0.0303769613471106,0.040183696900114814,0.030807500956754687,0.0404707233065442,0.0438193647148871,0.10399923459624952,0.030472636815920398,0.040183696900114814,0.03157290470723306,0.04195369307309606,0.004927286643704554,0.022866437045541522,0.02061806352851129,0.05132988901645618
India_000317.jpg,longitudinal crack,damage,0.003703703703703704,0.03580246913580247,0.0038580246913580245,0.03287037037037037,0.004012345679012346,0.035493827160493825,0.004012345679012346,0.04058641975308642,0.04861111111111111,0.13240740740740742,0.004012345679012346,0.04058641975308642,0.004166666666666667,0.03888888888888889,0.02546296296296296,0.036265432098765434,0.001851851851851852,0.06620370370370371
India_000317.jpg,longitudinal crack,control,0.0010802469135802468,0.018827160493827162,0.0012345679012345679,0.01898148148148148,0.000925925925925926,0.018518518518518517,0.001388888888888889,0.020061728395061727,0.03657407407407407,0.0404320987654321,0.001388888888888889,0.020061728395061727,0.002006172839506173,0.020833333333333332,0.042283950617283954,0.042283950617283954,0.0,0.0
India_000317.jpg,alligator crack,damage,0.013183858068346517,0.02554699914435888,0.011839279166011839,0.023486475631690155,0.013306092514013306,0.025861316290359194,0.013637871723680304,0.027101122810693767,0.06474933207606474,0.14208881205580876,0.01370771997834704,0.027118584874360453,0.013131471877346465,0.026123247245359457,0.02498821310702499,0.03391132764070058,0.02245621387535579,0.06803220004540136
India_000317.jpg,alligator crack,control,0.18446924057485115,0.2984965163182985,0.18513279899418514,0.2983917439362984,0.18796165330818795,0.30193654286063526,0.18717586044318718,0.3107024988213107,0.24176227146524176,0.4783732341488117,0.18831089458152164,0.30151745333263485,0.18494071629385161,0.29444531754762776,0.13594216564513595,0.27855483961094524,0.15478373234148812,0.35666265039202333
India_000618.jpg,pothole,damage,0.006349206349206349,0.029725829725829725,0.006637806637806638,0.013275613275613276,0.007215007215007215,0.023665223665223667,0.004906204906204906,0.156998556998557,0.022510822510822513,0.26522366522366525,0.004906204906204906,0.156998556998557,0.006349206349206349,0.026262626262626262,0.05714285714285714,0.3411255411255411,0.07734487734487734,0.36883116883116884
India_000618.jpg,pothole,control,0.11082251082251082,0.19422799422799422,0.10562770562770563,0.16652236652236652,0.11313131313131314,0.19942279942279942,0.10995670995670996,0.2002886002886003,0.044733044733044736,0.18845598845598846,0.10937950937950938,0.19942279942279942,0.11601731601731602,0.19595959595959597,0.043001443001443,0.1217893217893218,0.08513708513708514,0.29033189033189033
India_000919.jpg,alligator crack,damage,0.012378879071157211,0.03875869722969223,0.011439791693345285,0.037136637213471636,0.012592308020659922,0.038886754599393863,0.010458018525632816,0.03717932300337218,0.07171212703291074,0.13305160711998976,0.011567849063046911,0.03764886669227814,0.0032868058223417423,0.027831135015153455,0.014299739616681607,0.021385580740171595,0.0040551500405515,0.019550091774448285
India_000919.jpg,alligator crack,control,0.1260084517864003,0.2611089768216161,0.11128185427071328,0.24219917189567594,0.13014897340675288,0.26746915951679684,0.12639262389550518,0.26409698211465404,0.17949374653177957,0.3918555512869766,0.12451444913988133,0.2624322363085329,0.08315191872625603,0.18943953557860588,0.07640756392197037,0.15371152943185212,0.10983053741409485,0.19033593716651726
India_000922.jpg,alligator crack,damage,0.02873900293255132,0.059302704463994785,0.028071032909742586,0.057445421961550995,0.028812316715542522,0.05961225154773542,0.029203323558162266,0.06050830889540567,0.05194688823721082,0.1396953405017921,0.028893776474421637,0.060068426197458454,0.035720104268491364,0.07109807754969046,0.00790159661127403,0.021562398175301402,0.009107201042684913,0.029561746497230368
India_000922.jpg,alligator crack,control,0.10540892798957315,0.2314516129032258,0.10232160312805474,0.2224177256435321,0.10643532095144999,0.2320136852394917,0.10782013685239492,0.24056695992179863,0.11907787552948844,0.28828608667318345,0.10671228413163897,0.2388970348647768,0.12140762463343109,0.2572987943955686,0.030197132616487456,0.06886608015640273,0.04389051808406647,0.12258879113717823
India_000997.jpg,pothole,damage,0.008922360342376675,0.03609775277500529,0.009572634062244805,0.03192390285213078,0.009527266128300517,0.03609775277500529,0.008589662160118562,0.04172337658409703,0.02313764631158697,0.06304630553791248,0.009754105798021958,0.04269122584157518,0.011841030759459215,0.041118470798173185,0.016302210930647553,0.05069110486041799,0.012748389438344977,0.060006653963645164
India_000997.jpg,pothole,control,0.17170250733448267,0.307927290324532,0.1769046970934277,0.29844539213017574,0.17239814898829509,0.30833560173003055,0.1726854792366089,0.3199649154644164,0.11866739255360978,0.24383752230590086,0.18289326437407374,0.31919366058736354,0.1711883374164474,0.3043432235429332,0.12122311949913801,0.23417415237576747,0.15571787194144512,0.3623536884130297
India_001037.jpg,alligator crack,damage,0.03276806872037915,0.07057168246445497,0.02473341232227488,0.05261404028436019,0.03265699052132701,0.06946090047393365,0.03998815165876777,0.08582642180094786,0.05761255924170616,0.12200088862559241,0.028176836492890996,0.06479561611374407,0.03324940758293839,0.06883145734597157,0.057094194312796206,0.1073385663507109,0.13584863744075829,0.23363447867298578
India_001037.jpg,alligator crack,control,0.004813388625592417,0.013662618483412322,0.004961492890995261,0.014032879146919431,0.004702310426540284,0.013884774881516588,0.005553909952606635,0.014106931279620854,0.014440165876777251,0.02417802132701422,0.005553909952606635,0.014106931279620854,0.004443127962085308,0.012181575829383886,0.02262292654028436,0.02588122037914692,0.04083975118483412,0.08293838862559241
India_001400.jpg,alligator crack,damage,0.0006161084350845749,0.028340988013890445,0.0007841380082894589,0.027052761285986333,0.0004480788618796908,0.028733057018035173,0.0006721182928195363,0.028621037302565253,0.004424778761061947,0.016690937605018483,0.0006721182928195363,0.028621037302565253,0.0007841380082894589,0.030357342892349055,0.008625518091184049,0.019995519211381204,0.004480788618796908,0.020835667077405622
India_001400.jpg,alligator crack,control,0.0018483253052537247,0.006945222359135208,0.0014562563011089951,0.00660916321272544,0.0018483253052537247,0.006945222359135208,0.0018483253052537247,0.007169261790075053,0.028060938725215638,0.049400694522235916,0.0018483253052537247,0.007169261790075053,0.002240394309398454,0.008289458944774281,0.02531645569620253,0.029685224599529516,0.006945222359135208,0.017643105186512825
India_001517.jpg,longitudinal crack,damage,0.022264506895654436,0.06204462659380692,0.023256570387717928,0.0626463700234192,0.022345823575331773,0.06220725995316159,0.022931303669008588,0.06375227686703097,0.0661104605776737,0.13474173822534477,0.02364689045016914,0.0638335935467083,0.02426489721571689,0.065459927140255,0.009074941451990632,0.017759562841530054,0.05742583918813427,0.10254033307311995
India_001517.jpg,longitudinal crack,control,0.008310564663023679,0.037714676034348166,0.011725865209471767,0.043959797033567526,0.009806791569086652,0.0404143897996357,0.006733021077283372,0.03551912568306011,0.06071103304709862,0.14337756960707781,0.011742128545407234,0.04413869372885766,0.011286755139214155,0.04262620348685923,0.0156615925058548,0.02574486078584439,0.05440085870413739,0.10109289617486339
India_001599.jpg,alligator crack,damage,0.00919593227285535,0.03136180059256982,0.00952039413577875,0.029338183184337032,0.009178855332701486,0.03134472365241596,0.009477701785394093,0.0328133405056482,0.08256700564392871,0.1928071928071928,0.00946062484524023,0.03295849449695604,0.014327552789091251,0.0412408104715797,0.011219549681088143,0.01860532629763399,0.008265239034469804,0.03156672387441618
India_001599.jpg,alligator crack,control,0.10968518660826353,0.2278319970627663,0.10804580035349266,0.22527045603968682,0.11106841876072646,0.2296677681293066,0.11147826532441917,0.23409069562915716,0.2010126625511241,0.4641768487922334,0.11176857330703485,0.2331770793309255,0.12508858662704817,0.25410486948948485,0.02863802863802864,0.06587429664352741,0.03580180503257426,0.10880572419033957
India_001604.jpg,alligator crack,damage,0.0033927056827820186,0.02099236641221374,0.002544529262086514,0.018023748939779476,0.0031806615776081423,0.021416454622561493,0.003604749787955895,0.020780322307039863,0.0,0.0,0.0031806615776081423,0.020356234096692113,0.0031806615776081423,0.020144189991518235,0.0029686174724342664,0.020144189991518235,0.020568278201865988,0.1049618320610687
India_001604.jpg,alligator crack,control,0.39185750636132316,0.5805767599660729,0.38549618320610685,0.5710347752332485,0.3924936386768448,0.5810008481764207,0.3935538592027142,0.5835453774385072,0.0,0.2578456318914334,0.3861323155216285,0.5731552162849872,0.39631043256997456,0.5824851569126378,0.02332485156912638,0.14694656488549618,0.30831212892281595,0.34499575911789654
India_001604.jpg,longitudinal crack,damage,0.00865912208504801,0.03806584362139918,0.008830589849108368,0.03022119341563786,0.008787722908093279,0.03660836762688614,0.0087019890260631,0.044410150891632375,0.0063443072702331965,0.009344993141289438,0.0087019890260631,0.044410150891632375,0.008359053497942387,0.03437928669410151,0.029106652949245543,0.04543895747599451,0.029449588477366256,0.08654835390946503
India_001604.jpg,longitudinal crack,control,0.006215706447187929,0.012602880658436214,0.004972565157750343,0.011188271604938271,0.0061299725651577505,0.012388545953360768,0.007716049382716049,0.016160836762688615,0.00561556927297668,0.009344993141289438,0.007287379972565158,0.01577503429355281,0.006515775034293553,0.012474279835390947,0.02246227709190672,0.05199759945130315,0.032878943758573385,0.07214506172839506
India_001702.jpg,alligator crack,damage,0.009212852240823542,0.0330872413434543,0.00982634917333888,0.031485910367058334,0.00954559633981491,0.03316002911510866,0.00949360507434751,0.0343558282208589,0.08329000727877717,0.1639596547779973,0.00952479983362795,0.03439742123323282,0.012935426848289487,0.03987730061349693,0.004076115212644275,0.019392742019340752,0.015628574399500883,0.04998440262035978
India_001702.jpg,alligator crack,control,0.08755329104710409,0.20958718935218884,0.08686700634293439,0.20476239991681397,0.08785484038681501,0.21079338671103254,0.08919621503587398,0.21492149318914422,0.1378288447540813,0.338515129458251,0.08975772070292191,0.21536861807216387,0.10565664968285328,0.24165540189248205,0.02720183009254445,0.06781740667567848,0.05543308724134345,0.13553083082042217
India_001767.jpg,pothole,damage,0.08032640132213194,0.11802781985952349,0.07523068447872194,0.11227792315108112,0.08056741495661754,0.11844098609007024,0.08091172014873985,0.11892301335904146,0.014219804434650875,0.04296928797686269,0.08091172014873985,0.11892301335904146,0.08418261947390167,0.12253821787632557,0.04073130422806776,0.05367717945186613,0.003546343478859661,0.003546343478859661
India_001767.jpg,pothole,control,0.08583528439608869,0.09874672910067483,0.08611072854978653,0.09733507781297342,0.08690263049166781,0.09919432585043382,0.08531882660790524,0.09953863104255613,0.007023825919294863,0.04630904834044897,0.08531882660790524,0.09953863104255613,0.08814212918330809,0.09981407519625396,0.05529541385484093,0.07509296240187302,0.0005508883073956756,0.00123949869164027
India_001820.jpg,pothole,damage,0.0017211703958691911,0.043411742206922926,0.0019124115509657677,0.041499330655957165,0.0017211703958691911,0.043411742206922926,0.0017211703958691911,0.043411742206922926,0.00019124115509657678,0.10938994071524193,0.0017211703958691911,0.043411742206922926,0.004589787722317842,0.054312488047427804,0.028112449799196786,0.028112449799196786,0.0,0.07324536240198891
India_001820.jpg,pothole,control,0.0,0.0,0.0,0.0,0.0,0.0,0.0,0.0,0.08586727863836298,0.19257984318225282,0.0,0.0,0.0,0.00038248231019315357,0.1738382099827883,0.17517689806846434,0.0,0.0717154331612163
India_001820.jpg,pothole,damage,0.00036845983787767134,0.00036845983787767134,0.00036845983787767134,0.00036845983787767134,0.00036845983787767134,0.00036845983787767134,0.00036845983787767134,0.00036845983787767134,0.023212969786293294,0.10611643330876934,0.00036845983787767134,0.00036845983787767134,0.0006140997297961189,0.0007369196757553427,0.14013755833947433,0.19282731515598134,0.002702038811102923,0.036845983787767135
India_001820.jpg,pothole,control,0.002333578973225252,0.0034389584868582657,0.002333578973225252,0.0035617784328174896,0.002333578973225252,0.0034389584868582657,0.002333578973225252,0.0031933185949398184,0.06349791206091869,0.1553672316384181,0.002333578973225252,0.0031933185949398184,0.0040530582166543845,0.006140997297961189,0.2948906902480963,0.3388602309014984,0.02247605011053795,0.0397936624907885
India_001820.jpg,pothole,damage,0.0006140997297961189,0.00454433800049128,0.0006140997297961189,0.004175878162613608,0.0006140997297961189,0.00454433800049128,0.0006140997297961189,0.00454433800049128,0.017931712110046672,0.08413166298206828,0.0006140997297961189,0.00454433800049128,0.0017194792434291329,0.006632277081798084,0.0018422991893883567,0.0018422991893883567,0.0008597396217145664,0.038074183247359374
India_001820.jpg,pothole,control,0.0,0.00012281994595922377,0.0,0.00012281994595922377,0.0,0.00012281994595922377,0.0,0.00012281994595922377,0.03021370670596905,0.04998771800540408,0.0,0.00012281994595922377,0.0,0.00036845983787767134,0.0,0.0,0.0,0.010930975190370916
India_001939.jpg,pothole,damage,0.010199556541019957,0.020620842572062086,0.011862527716186252,0.024057649667405766,0.01097560975609756,0.020509977827051,0.00909090909090909,0.02006651884700665,0.01662971175166297,0.030044345898004435,0.00909090909090909,0.02006651884700665,0.005432372505543237,0.006873614190687362,0.00022172949002217295,0.010532150776053215,0.03835920177383592,0.13647450110864745
India_001939.jpg,pothole,control,0.07827050997782706,0.13547671840354766,0.07605321507760532,0.13492239467849224,0.0803769401330377,0.13747228381374724,0.07804878048780488,0.13547671840354766,0.041685144124168516,0.08869179600886919,0.0779379157427938,0.1353658536585366,0.046452328159645236,0.08325942350332594,0.003880266075388027,0.02450110864745011,0.06363636363636363,0.06574279379157429
India_001939.jpg,pothole,damage,0.001454382726408234,0.0017900095094255189,0.002069698495273256,0.002405325278290541,0.0019018851037646137,0.002517200872629636,0.0015103205235777815,0.0018459473065950663,0.0,0.009789114504670807,0.001454382726408234,0.0017900095094255189,0.0,0.00011187559433909493,0.010963808245231303,0.022151367679140794,0.006656597863176148,0.025060133131957263
India_001939.jpg,pothole,control,0.0,0.0,0.0,0.0,0.0,0.0,5.5937797169547465e-05,5.5937797169547465e-05,0.0,0.0029647032499860154,0.0,0.0,0.0,0.0,0.004083459193376965,0.011187559433909493,0.0,0.016725401353694692
India_002022.jpg,alligator crack,damage,0.034436909985374284,0.05145592341443957,0.03044807871293711,0.047600053184416964,0.03417098790054514,0.05138944289323228,0.035700039888312725,0.05305145592341444,0.0,0.0,0.03277489695519213,0.050126312990293846,0.03304081904002128,0.047400611620795105,0.0,0.0,0.03257545539157027,0.03676372822762931
India_002022.jpg,alligator crack,control,0.06987102778885787,0.13974205557771574,0.06528387182555512,0.12757612019678236,0.06907326153437043,0.1374152373354607,0.07352745645525861,0.14831804281345565,0.00026592208482914504,0.006515091078314054,0.06993750831006515,0.13980853609892302,0.06907326153437043,0.1364180295173514,0.0,0.0,0.09313921021140806,0.14938173115277223
India_002085.jpg,pothole,damage,0.05952380952380952,0.08955627705627706,0.05032467532467533,0.07873376623376624,0.05817099567099567,0.08955627705627706,0.0625,0.0946969696969697,0.006222943722943723,0.04788961038961039,0.0625,0.0946969696969697,0.06547619047619048,0.09821428571428571,0.09199134199134198,0.13744588744588745,0.08495670995670995,0.1847943722943723
India_002085.jpg,pothole,control,0.0,0.00974025974025974,0.0,0.008928571428571428,0.0,0.00974025974025974,0.0,0.010551948051948052,0.019209956709956708,0.055735930735930736,0.0,0.010551948051948052,0.0,0.010822510822510822,0.02922077922077922,0.030844155844155844,0.1176948051948052,0.15963203463203463
India_002135.jpg,pothole,damage,0.03556612644504674,0.05254715415675646,0.042093036119254384,0.05127495989822446,0.03882958128215056,0.05232590298135959,0.03578737762044361,0.07428508213949886,0.02500138281984623,0.07124287847779191,0.03578737762044361,0.07428508213949886,0.03595331600199126,0.05094308313512916,0.052657779744454895,0.13689916477681288,0.06366502572044914,0.15316112616848276
India_002135.jpg,pothole,control,0.050611206372033854,0.1605730405442779,0.041650533768460646,0.1344100890535981,0.0517174622490182,0.16018585098733337,0.05680623928314619,0.17550749488356657,0.041484595386912994,0.10708556889208475,0.05680623928314619,0.17550749488356657,0.05033464240278777,0.15885834393495216,0.019580729022622933,0.0699153714254107,0.10100116156867084,0.22656120360639415
India_002143.jpg,longitudinal crack,damage,0.0010851668911839546,0.016726537943421643,0.0005612932195779075,0.013845232749588385,0.0010103277952402336,0.0163897620116749,0.001197425535099536,0.02020655590480467,0.004602604400538841,0.014818140996856757,0.0011600059871276756,0.02009429726088909,0.0019083969465648854,0.01949558449333932,0.02473432120939979,0.05515641371052238,0.025744649004640022,0.09886244574165544
India_002143.jpg,longitudinal crack,control,0.0002619368358030235,0.003517437509354887,0.0001870977398593025,0.003292920221523724,0.0003367759317467445,0.0037045352492141893,0.000299356383774884,0.003592276605298608,0.0010851668911839546,0.00452776530459512,0.000299356383774884,0.003592276605298608,0.000449034575662326,0.004378087112707678,0.02540787307289328,0.04232150875617423,0.025931746744499325,0.0839320461008831
India_002211.jpg,longitudinal crack,damage,0.0033318188702105103,0.003937604119339694,0.0031803725579282144,0.003937604119339694,0.003483265182492806,0.004240496743904286,0.0033318188702105103,0.003937604119339694,0.0,0.00030289262456459186,0.0033318188702105103,0.003937604119339694,0.0007572315614114796,0.0009086778736937755,0.03877025594426776,0.05240042404967439,0.017567772224746328,0.017567772224746328
India_002211.jpg,longitudinal crack,control,0.0010601241859760715,0.0012115704982583674,0.0010601241859760715,0.0012115704982583674,0.0010601241859760715,0.0012115704982583674,0.0007572315614114796,0.0012115704982583674,0.0,0.003483265182492806,0.0007572315614114796,0.0012115704982583674,0.00015144631228229593,0.00015144631228229593,0.02862335302135393,0.055277903983038015,0.014841738603665,0.03937604119339694
India_002211.jpg,longitudinal crack,damage,0.00015144631228229593,0.00015144631228229593,0.00015144631228229593,0.00015144631228229593,0.0,0.0,0.00030289262456459186,0.00030289262456459186,0.0,0.0,0.00030289262456459186,0.00030289262456459186,0.0,0.0,0.03165227926699985,0.10162047554142056,0.0,0.0006057852491291837
India_002211.jpg,longitudinal crack,control,0.017870664849310918,0.01968802059669847,0.02014235953354536,0.02301983946690898,0.01832500378615781,0.019990913221263062,0.017264879600181735,0.01968802059669847,0.002271694684234439,0.024231409965167348,0.017264879600181735,0.01968802059669847,0.014538845979100408,0.01559897016507648,0.019536574284416176,0.03392397395123429,0.023171285779191277,0.0967741935483871
India_002320.jpg,longitudinal crack,damage,0.0009010632546404757,0.008650207244548567,0.0016219138583528565,0.009190845197332853,0.0014417012074247613,0.008469994593620472,0.0005406379527842854,0.010272121102901424,0.004325103622274284,0.01712020183816904,0.0005406379527842854,0.010272121102901424,0.001261488556496666,0.008469994593620472,0.039286357902324744,0.05190124346729141,0.04541358803387998,0.07244548567309425
India_002320.jpg,longitudinal crack,control,0.001261488556496666,0.006667868084339521,0.0014417012074247613,0.004325103622274284,0.001081275905568571,0.0061272301315552355,0.0009010632546404757,0.007749143989908091,0.008289781942692377,0.010992971706613805,0.0009010632546404757,0.007749143989908091,0.001081275905568571,0.0061272301315552355,0.029915300054063794,0.044152099477383314,0.04649486393944855,0.07442782483330329
India_002320.jpg,longitudinal crack,damage,0.0030241935483870967,0.012852822580645162,0.002772177419354839,0.013356854838709678,0.0030241935483870967,0.012600806451612902,0.002772177419354839,0.013608870967741936,0.0,0.011088709677419355,0.002772177419354839,0.013608870967741936,0.003276209677419355,0.012852822580645162,0.007056451612903226,0.01940524193548387,0.0,0.008316532258064516
India_002320.jpg,longitudinal crack,control,0.0015120967741935483,0.006048387096774193,0.0025201612903225806,0.007056451612903226,0.0017641129032258064,0.00655241935483871,0.0020161290322580645,0.007560483870967742,0.0005040322580645161,0.019153225806451613,0.0020161290322580645,0.007560483870967742,0.0017641129032258064,0.00655241935483871,0.03931451612903226,0.04007056451612903,0.025705645161290324,0.078125
India_002614.jpg,alligator crack,damage,0.023946728134204124,0.03577069193665429,0.021442495126705652,0.03349411647529204,0.023733299184701413,0.03571377755012023,0.02558301674705824,0.03836029652395384,0.042529275337573454,0.09003855949687682,0.02558301674705824,0.03836029652395384,0.023591013218366274,0.03514463368477967,0.020076549849888305,0.02822953572089185,0.02602410324269717,0.052603121754101395
India_002614.jpg,alligator crack,control,0.09520354007484241,0.16818201220813592,0.0925570211010088,0.16297434584026976,0.09612839885602083,0.16930607134218353,0.09524622586474296,0.171312303467509,0.14520282864501075,0.2731179123803019,0.0980208022082782,0.17508288157539023,0.09645565657859165,0.1677836115023975,0.06371565572487585,0.11327385779940524,0.09029467423628007,0.22035827606323188
India_002618.jpg,longitudinal crack,damage,0.0022522522522522522,0.08281358281358281,0.004331254331254331,0.08125433125433125,0.0024255024255024253,0.08142758142758143,0.002945252945252945,0.08367983367983368,0.10446985446985448,0.20304920304920304,0.004677754677754678,0.08108108108108109,0.004158004158004158,0.08991683991683992,0.08142758142758143,0.1832986832986833,0.07155232155232155,0.08714483714483715
India_002618.jpg,longitudinal crack,control,0.00017325017325017325,0.00017325017325017325,0.0008662508662508662,0.001386001386001386,0.0,0.0,0.0005197505197505198,0.0005197505197505198,0.07207207207207207,0.09996534996534996,0.0005197505197505198,0.0008662508662508662,0.00017325017325017325,0.000693000693000693,0.14483714483714483,0.167013167013167,0.0647955647955648,0.17134442134442135
India_002678.jpg,longitudinal crack,damage,0.003906913538304739,0.013827076609478512,0.00366910140988619,0.013147613385425513,0.003940886699507389,0.013793103448275862,0.0038049940546967895,0.014098861899099712,0.00030575845082384917,0.0008493290300662477,0.004042806183115339,0.014336674027518261,0.004110752505520639,0.013181586546628163,0.013181586546628163,0.018889077628673347,0.00016986580601324953,0.00016986580601324953
India_002678.jpg,longitudinal crack,control,0.22629522677085104,0.42901307966706304,0.2197384066587396,0.4132835060302361,0.22581960251401392,0.4273823679293358,0.22758620689655173,0.4363512824868354,0.034720570749108205,0.15202989638185832,0.22340750806862578,0.43040597927637164,0.23203669101409885,0.430372006115169,0.09651775097672838,0.20744012230338033,0.035841685068795655,0.08602004416510957
India_002678.jpg,pothole,damage,0.0,0.0,0.0,0.0,0.0,0.0,0.0,0.0,0.0,0.0,0.0,0.0,0.0,0.0,0.0,0.0,0.0,0.0
India_002678.jpg,pothole,control,0.0,0.0,0.0,0.0,0.0,0.0,0.0,0.0,0.0,0.0,0.0,0.0,0.0,0.0,0.002028397565922921,0.002704530087897228,0.0,0.0
India_002860.jpg,pothole,damage,0.028799019607843136,0.05392156862745098,0.04656862745098039,0.05575980392156863,0.028186274509803922,0.05330882352941176,0.029411764705882353,0.06678921568627451,0.0,0.13357843137254902,0.029411764705882353,0.0661764705882353,0.031862745098039214,0.06556372549019608,0.0196078431372549,0.10416666666666667,0.13174019607843138,0.31985294117647056
India_002860.jpg,pothole,control,0.0,0.0,0.0,0.0,0.0,0.0,0.0,0.0,0.026348039215686275,0.07169117647058823,0.0,0.0,0.0,0.0,0.12254901960784313,0.12254901960784313,0.022058823529411766,0.1636029411764706
India_002875.jpg,pothole,damage,0.12006604607623901,0.22733891518019658,0.11625669561599668,0.221605387695668,0.11968901138904779,0.22817099173123928,0.12444744916532322,0.23239638046700298,0.04010868999947995,0.11395548390451922,0.12377138696760102,0.23051120703104686,0.1215741848250039,0.22624681470695304,0.04768838733163451,0.10519267772635083,0.09795101149305736,0.1929897550574653
India_002875.jpg,pothole,control,0.102163399032711,0.17603619532997036,0.09360861199230329,0.1635550470643299,0.10264444328878257,0.17794737115814654,0.10611576265016381,0.1841099381143065,0.021894014249310936,0.0718836132924229,0.0993551406729419,0.1722528472619481,0.09802901866971761,0.16741640230901242,0.04321597586978002,0.09853606531800925,0.07746112642363097,0.1563003796349264
India_002875.jpg,alligator crack,damage,0.029541446208112873,0.059283309283309285,0.02861952861952862,0.05627705627705628,0.028940195606862274,0.057279140612473946,0.03330928330928331,0.0695045695045695,0.037237453904120574,0.09223184223184223,0.032868366201699535,0.06846240179573512,0.03190636523969857,0.061848645181978516,0.03499278499278499,0.1324354657687991,0.07712041045374379,0.16297899631232965
India_002875.jpg,alligator crack,control,0.013107263107263107,0.01711560044893378,0.013908930575597242,0.01775693442360109,0.013187429854096521,0.01675485008818342,0.013708513708513708,0.021043771043771045,0.010862594195927529,0.03367003367003367,0.014029180695847363,0.01787718454385121,0.014510181176847844,0.01863876863876864,0.029180695847362513,0.05130671797338464,0.04801988135321469,0.0736331569664903
India_003094.jpg,longitudinal crack,damage,0.03005286816883888,0.042124904582850356,0.02911990048344689,0.040852675920952194,0.030137683412965424,0.042294535071103444,0.0304769443894716,0.043397133244748524,0.03570721777727517,0.08922563682112465,0.030618303129682507,0.04359503548104379,0.01153487320121003,0.016256255124254333,0.01308981934353001,0.023606909615221508,0.005908795340815923,0.03412399988691301
India_003094.jpg,longitudinal crack,control,0.014559950241723445,0.0312402815866105,0.013711797800458001,0.03101410760227305,0.014729580729976535,0.031155466342483954,0.015379830934946707,0.03239942325633994,0.06084080178677448,0.14455344773967374,0.015068841706482712,0.031975347035707216,0.006983121766418817,0.011478329705125669,0.0048061971671708465,0.015295015690820164,0.019620593141273925,0.06847417375816346
India_003161.jpg,pothole,damage,0.07025745257452574,0.07134146341463414,0.06531165311653117,0.0679539295392954,0.06937669376693767,0.07052845528455284,0.07256097560975609,0.0739159891598916,0.08794037940379404,0.1271680216802168,0.07256097560975609,0.0739159891598916,0.06863143631436314,0.06964769647696477,0.051626016260162604,0.06090785907859079,0.09017615176151761,0.10440379403794038
India_003161.jpg,pothole,control,0.07540650406504065,0.15088075880758808,0.06449864498644986,0.13956639566395665,0.0758130081300813,0.15142276422764228,0.07906504065040651,0.15501355013550136,0.11815718157181572,0.2634146341463415,0.07920054200542005,0.15494579945799458,0.07628726287262873,0.15074525745257453,0.07960704607046071,0.11158536585365854,0.07154471544715447,0.20230352303523036
India_003265.jpg,alligator crack,damage,0.01065289614329048,0.038756680629784775,0.01065289614329048,0.03503719485772064,0.010842481583128701,0.03891918243536039,0.011293875487505416,0.040183085367615196,0.07756752852809476,0.1823360537339304,0.011212624584717609,0.04003863931821465,0.014354326159179547,0.0461053733930377,0.010174418604651164,0.021359959555106167,0.01457099523328037,0.035858731763686265
India_003265.jpg,alligator crack,control,0.12267983533150369,0.25333128701430013,0.11362487360970677,0.2380741730463672,0.12638126534739275,0.25837787086523184,0.12332081467571862,0.26009316770186336,0.2516340459338437,0.5705438393759931,0.12685974288603208,0.26635851509461217,0.14477105301170012,0.28813375704174493,0.0627618084645385,0.12713057922865809,0.074344576050845,0.1887097356637296
India_003589.jpg,longitudinal crack,damage,0.0016611295681063123,0.017323208353108684,0.0018984337921214998,0.01613668723303275,0.0016611295681063123,0.017560512577123873,0.0016611295681063123,0.018272425249169437,0.006169909824394874,0.01020408163265306,0.0016611295681063123,0.018035121025154248,0.0016611295681063123,0.01613668723303275,0.010915994304698624,0.030612244897959183,0.0007119126720455624,0.05719031798766018
India_003589.jpg,longitudinal crack,control,0.00023730422401518748,0.008305647840531562,0.00023730422401518748,0.007831039392501186,0.00023730422401518748,0.009492168960607499,0.00023730422401518748,0.007119126720455624,0.003559563360227812,0.01566207878500237,0.00023730422401518748,0.007593735168485999,0.00023730422401518748,0.008068343616516375,0.037019458946369245,0.04081632653061224,0.006881822496440437,0.036307546274323685
India_003674.jpg,alligator crack,damage,0.01663732394366197,0.0676056338028169,0.018463908450704225,0.07026848591549295,0.017077464788732396,0.06648327464788732,0.01661531690140845,0.07134683098591549,0.0355193661971831,0.10191461267605634,0.01663732394366197,0.07134683098591549,0.01696742957746479,0.06670334507042254,0.02852112676056338,0.039920774647887326,0.021038732394366197,0.07099471830985915
India_003674.jpg,alligator crack,control,0.002948943661971831,0.031095950704225352,0.003455105633802817,0.03241637323943662,0.00292693661971831,0.030941901408450705,0.0037191901408450702,0.03219630281690141,0.00801056338028169,0.02007042253521127,0.0037191901408450702,0.03215228873239437,0.0025308098591549297,0.028829225352112676,0.01111355633802817,0.014788732394366197,0.007680457746478873,0.020576584507042254
India_003674.jpg,longitudinal crack,damage,0.029483695652173913,0.10241168478260869,0.02612092391304348,0.10207201086956522,0.029789402173913043,0.10054347826086957,0.032235054347826086,0.10791440217391304,0.06124320652173913,0.17007472826086956,0.03226902173913043,0.10791440217391304,0.030740489130434784,0.10190217391304347,0.03563179347826087,0.045957880434782605,0.024150815217391305,0.09853940217391305
India_003674.jpg,longitudinal crack,control,0.26773097826086956,0.5334578804347826,0.2323029891304348,0.49123641304347826,0.26993885869565215,0.5369904891304348,0.27561141304347825,0.5516304347826086,0.2731997282608696,0.5594089673913043,0.27302989130434785,0.5485733695652174,0.28036684782608695,0.5523097826086957,0.11202445652173913,0.2070991847826087,0.19045516304347826,0.41779891304347827
India_003738.jpg,alligator crack,damage,0.002050580997949419,0.04084073820915926,0.00227842333105491,0.04066985645933014,0.002050580997949419,0.04084073820915926,0.0021075415812257916,0.041068580542264754,0.0,0.0013100934153565732,0.0021075415812257916,0.04112554112554113,0.002335383914331283,0.044372294372294376,0.0026201868307131463,0.003987240829346092,0.0,0.0066643882433356115
India_003738.jpg,alligator crack,control,0.03645477329687856,0.1338004101161996,0.04095465937571201,0.12696514012303486,0.0367965367965368,0.13203463203463203,0.040442014126224654,0.14308498519024834,0.08042834358623832,0.17236272499430394,0.041695146958304855,0.13300296195033037,0.044315333789018,0.14644565960355435,0.08122579175210755,0.15271132376395535,0.060093415356573254,0.12286397812713602
India_003738.jpg,longitudinal crack,damage,0.0004180602006688963,0.005016722408026756,0.0004180602006688963,0.004807692307692308,0.0004180602006688963,0.00459866220735786,0.00020903010033444816,0.005016722408026756,0.003762541806020067,0.003762541806020067,0.00020903010033444816,0.005016722408026756,0.0004180602006688963,0.004807692307692308,0.06124581939799331,0.0629180602006689,0.027591973244147156,0.03407190635451505
India_003738.jpg,longitudinal crack,control,0.03595317725752508,0.041387959866220736,0.03177257525083612,0.039297658862876256,0.034489966555183944,0.03971571906354515,0.04096989966555184,0.04724080267558529,0.062081939799331104,0.06459030100334448,0.039506688963210704,0.045777591973244144,0.03658026755852843,0.041387959866220736,0.04326923076923077,0.05309364548494983,0.08570234113712374,0.09385451505016723
India_003738.jpg,longitudinal crack,damage,0.0,0.0020903010033444815,0.0,0.0016722408026755853,0.0,0.0020903010033444815,0.0,0.0016722408026755853,0.0004180602006688963,0.0020903010033444815,0.0,0.0016722408026755853,0.0,0.001254180602006689,0.012332775919732442,0.012332775919732442,0.007316053511705686,0.011914715719063546
India_003738.jpg,longitudinal crack,control,0.0112876254180602,0.024456521739130436,0.007734113712374582,0.009824414715719064,0.011078595317725752,0.023620401337792644,0.011705685618729096,0.036371237458193977,0.002926421404682274,0.012332775919732442,0.011705685618729096,0.036371237458193977,0.010451505016722408,0.020066889632107024,0.012750836120401338,0.020693979933110368,0.03971571906354515,0.09427257525083613
India_003741.jpg,pothole,damage,0.013330650435132553,0.02520247497359022,0.01390915035967604,0.02532823582675185,0.012903063534383018,0.0242969968308265,0.015594345792041853,0.029553800492982545,0.011092107248855575,0.017581367271995572,0.014714019819910459,0.02827103979073394,0.01368278082398511,0.02487549675536999,0.009708737864077669,0.03584184315106394,0.057774535942451834,0.0839076412294381
India_003741.jpg,pothole,control,0.007696564213491624,0.014110367724734644,0.0075959555309623224,0.012450324463001157,0.007696564213491624,0.013758237335882087,0.00812415111424116,0.01725438905377534,0.004351325519392324,0.017531062930730923,0.007520499019065346,0.016650736958599525,0.008501433673726043,0.01481462850243976,0.030157452588158357,0.043387494340761605,0.022058453644549524,0.0506564716535037
India_003741.jpg,pothole,damage,0.006986204457021578,0.01969107416578234,0.008607475533545572,0.01574106827025115,0.007280981016389577,0.019072043391109537,0.00633769602641198,0.026795189246551113,0.016684353260228747,0.06794599693432378,0.00633769602641198,0.026795189246551113,0.0071630703926423775,0.01818771371300554,0.019808984789529537,0.03947058129937507,0.046162009197028654,0.14116849428133474
India_003741.jpg,pothole,control,0.15720433911095388,0.29032543332154226,0.14765357858743072,0.26851196792831034,0.1581476241009315,0.2869060252328735,0.16159650984553708,0.305535903784931,0.0949475297724325,0.2137130055417993,0.16525173918170027,0.309662775616083,0.1605058365758755,0.2894411036434383,0.11870652045749322,0.22977832802735526,0.14237707817474354,0.35594269543685886
India_003741.jpg,pothole,damage,0.004591368227731864,0.04315886134067952,0.007162534435261708,0.017998163452708906,0.003489439853076217,0.03654729109274564,0.024058769513314968,0.09182736455463728,0.15684113865932048,0.25840220385674934,0.024058769513314968,0.09182736455463728,0.003489439853076217,0.03232323232323232,0.02699724517906336,0.10339761248852158,0.20679522497704317,0.3744719926538108
India_003741.jpg,pothole,control,0.19449035812672177,0.36014692378328744,0.16290174471992655,0.26170798898071623,0.1972451790633609,0.36308539944903584,0.1992653810835629,0.40899908172635446,0.1820018365472911,0.4477502295684114,0.20293847566574838,0.4130394857667585,0.2049586776859504,0.37006427915518825,0.162534435261708,0.2839302112029385,0.2670339761248852,0.6358126721763085
India_003741.jpg,pothole,damage,0.00716282320055905,0.01222921034241789,0.005765199161425576,0.013452131376659678,0.00716282320055905,0.012403913347309574,0.008211041229909155,0.013452131376659678,0.00890985324947589,0.03004891684136967,0.008211041229909155,0.013452131376659678,0.0069881201956673656,0.011180992313067784,0.017994409503843466,0.053983228511530396,0.04245283018867924,0.09905660377358491
India_003741.jpg,pothole,control,0.11320754716981132,0.2643256464011181,0.08857442348008386,0.17225716282320055,0.11425576519916142,0.26292802236198465,0.12246680642907058,0.28773584905660377,0.07040531097134871,0.16160027952480782,0.12264150943396226,0.28791055206149546,0.11582809224318659,0.2641509433962264,0.0583508036338225,0.12508735150244585,0.12089447938504543,0.28266946191474496
India_003806.jpg,pothole,damage,0.0275,0.05375,0.03166666666666667,0.045625,0.030416666666666668,0.052708333333333336,0.023125,0.060625,0.035,0.14291666666666666,0.023125,0.060625,0.025,0.045625,0.00375,0.01375,0.03,0.12
India_003806.jpg,pothole,control,0.005,0.007083333333333333,0.004583333333333333,0.006458333333333333,0.004583333333333333,0.007083333333333333,0.005208333333333333,0.008125,0.07875,0.09770833333333333,0.005208333333333333,0.008125,0.004166666666666667,0.005625,0.026875,0.054375,0.07541666666666667,0.10645833333333334
India_003806.jpg,pothole,damage,0.0391425908667288,0.13000931966449208,0.0375116495806151,0.11672879776328052,0.03984156570363467,0.12861136999068035,0.049394221808014914,0.15074557315936626,0.18546132339235788,0.4331314072693383,0.049394221808014914,0.15074557315936626,0.03401677539608574,0.11463187325256291,0.06337371854613234,0.09506057781919851,0.10018639328984157,0.3059179869524697
India_003806.jpg,pothole,control,0.05102516309412861,0.201071761416589,0.0505591798695247,0.10624417520969245,0.04706430568499534,0.18942218080149115,0.06616961789375582,0.2537278657968313,0.1374650512581547,0.44547996272134205,0.06616961789375582,0.2537278657968313,0.046598322460391424,0.184762348555452,0.04217148182665424,0.16449207828518173,0.1190587138863001,0.407502329916123
India_003806.jpg,longitudinal crack,damage,0.003683919690550746,0.023761282004052312,0.003683919690550746,0.0232086940504697,0.0041444096518695895,0.02366918401178854,0.0033155277214956713,0.026155829802910296,0.0020261558298029104,0.03776017682814515,0.0033155277214956713,0.026155829802910296,0.0041444096518695895,0.0232086940504697,0.0003683919690550746,0.0014735678762202984,0.0,0.021643028181985633
India_003806.jpg,longitudinal crack,control,0.0015656658684840672,0.016025050653895746,0.0032234297292319026,0.015380364708049364,0.0013814698839565297,0.015104070731258058,0.0011051759071652237,0.018051206483698654,0.020261558298029104,0.11871431202799779,0.0011051759071652237,0.018051206483698654,0.0011051759071652237,0.01289371891692761,0.0061705654816725,0.017314422545588508,0.005341683551298581,0.056179775280898875
India_003831.jpg,alligator crack,damage,0.007378160644492303,0.02400893355667225,0.006600462630613384,0.022373773630055035,0.007408072106564569,0.023879317221025764,0.007647363803142697,0.025644093483289464,0.059773071707745075,0.14491106325277178,0.007467895030709101,0.02439778256361171,0.010060221743638829,0.0313173007896626,0.009860811996490389,0.024916247906197654,0.010688362447156418,0.02744875169498285
India_003831.jpg,alligator crack,control,0.13159049214325597,0.2705890563930765,0.12483050171492382,0.25847491425380875,0.1325177474674962,0.2727626226369945,0.13992581957406078,0.2838198931163755,0.17521137433197734,0.40726449708861767,0.13919797399696898,0.28264337560819974,0.1499461593682699,0.3042793331738055,0.06300350961154981,0.14171053681103932,0.059693307808885696,0.14422309962510968
India_003975.jpg,longitudinal crack,damage,0.0031286099345398536,0.04793993068925684,0.003417404697728148,0.034125914516750094,0.0029842125529457066,0.044089333846746244,0.0029842125529457066,0.0562187139006546,0.00024066230265691181,0.0010107816711590297,0.0029842125529457066,0.0562187139006546,0.003032345013477089,0.04110512129380054,0.04606276472853292,0.0619464767038891,0.03316326530612245,0.08726415094339622
India_003975.jpg,longitudinal crack,control,0.013573353869849827,0.018819792067770503,0.011359260685406238,0.015643049672699267,0.01323642664613015,0.018771659607239123,0.014487870619946091,0.020648825567963033,0.003417404697728148,0.0060165575664227955,0.014295340777820562,0.020456295725837504,0.013573353869849827,0.018242202541393915,0.026713515594917213,0.03542549095109742,0.042645360030804776,0.08601270696958029
India_004035.jpg,longitudinal crack,damage,0.0012175324675324675,0.01433982683982684,0.0008116883116883117,0.01461038961038961,0.0012175324675324675,0.01433982683982684,0.0012175324675324675,0.01433982683982684,0.0,0.0006764069264069264,0.0012175324675324675,0.01433982683982684,0.00229978354978355,0.0183982683982684,0.0006764069264069264,0.0006764069264069264,0.0,0.005140692640692641
India_004035.jpg,longitudinal crack,control,0.0005411255411255411,0.0174512987012987,0.0006764069264069264,0.019345238095238096,0.0005411255411255411,0.016639610389610388,0.0006764069264069264,0.018804112554112556,0.004058441558441558,0.01893939393939394,0.0006764069264069264,0.018668831168831168,0.0012175324675324675,0.02150974025974026,0.03206168831168831,0.04707792207792208,0.007981601731601732,0.021645021645021644
India_004035.jpg,longitudinal crack,damage,0.08310249307479224,0.11842105263157894,0.07802400738688828,0.11218836565096953,0.08494921514312095,0.12072945521698984,0.08310249307479224,0.12142197599261312,0.028855032317636194,0.1018005540166205,0.08240997229916898,0.12072945521698984,0.08702677746999077,0.12257617728531855,0.04939981532779317,0.11542012927054478,0.04847645429362881,0.13411819021237303
India_004035.jpg,longitudinal crack,control,0.01038781163434903,0.022853185595567867,0.011311172668513388,0.023545706371191136,0.01038781163434903,0.023084025854108958,0.01038781163434903,0.023084025854108958,0.0025392428439519853,0.013619575253924284,0.01038781163434903,0.023084025854108958,0.012465373961218837,0.02746999076638966,0.003693444136657433,0.006925207756232687,0.001615881809787627,0.031163434903047092
India_004051.jpg,alligator crack,damage,0.010577287236920413,0.018124763296001732,0.010577287236920413,0.018124763296001732,0.010469079694854732,0.01804360763945247,0.010631391007953255,0.018205918952550994,0.0,0.01368825407130877,0.010631391007953255,0.018205918952550994,0.021533300871070714,0.03292214467348374,0.0,0.005789103500513986,0.0,0.0
India_004051.jpg,alligator crack,control,0.025158253530271058,0.08894659957799059,0.026023913866796516,0.07980306227344046,0.0262673808364443,0.09124600984688633,0.025942758210247253,0.09086728344965644,0.21116701834117838,0.48422875074392685,0.026564951577124924,0.09232808526754314,0.04165990369528756,0.11862251798950386,0.04111886598495915,0.061543039549856626,0.03278688524590164,0.12424931017691933
India_004051.jpg,alligator crack,damage,0.03134328358208955,0.06451831750339213,0.0310719131614654,0.06512890094979647,0.03134328358208955,0.06546811397557666,0.03195386702849389,0.06526458616010855,0.10508819538670285,0.22272727272727272,0.03195386702849389,0.06526458616010855,0.04531886024423338,0.08968792401628223,0.0,0.016078697421981005,6.7842605156038e-05,0.0009497964721845319
India_004051.jpg,alligator crack,control,0.008683853459972864,0.054613297150610585,0.009023066485753052,0.05549525101763908,0.008480325644504749,0.05434192672998643,0.008141112618724558,0.05447761194029851,0.10725915875169606,0.2781546811397558,0.008141112618724558,0.05454545454545454,0.012686567164179104,0.0641112618724559,6.7842605156038e-05,0.0029850746268656717,0.0016960651289009499,0.013025780189959294
India_004091.jpg,pothole,damage,0.010526315789473684,0.02149122807017544,0.01206140350877193,0.017434210526315788,0.01118421052631579,0.01787280701754386,0.006030701754385965,0.02587719298245614,0.019956140350877193,0.13991228070175438,0.006030701754385965,0.02587719298245614,0.006030701754385965,0.008333333333333333,0.038157894736842106,0.21195175438596492,0.0525219298245614,0.2614035087719298
India_004091.jpg,pothole,control,0.14956140350877192,0.29835526315789473,0.12138157894736842,0.28366228070175437,0.15197368421052632,0.2964912280701754,0.11578947368421053,0.2355263157894737,0.1554824561403509,0.3944078947368421,0.11524122807017544,0.2332236842105263,0.11633771929824561,0.23103070175438598,0.1555921052631579,0.2536184210526316,0.1769736842105263,0.45614035087719296
India_004091.jpg,pothole,damage,0.025495049504950493,0.031435643564356436,0.02599009900990099,0.03217821782178218,0.024257425742574258,0.02920792079207921,0.010148514851485149,0.012376237623762377,0.008663366336633664,0.020544554455445545,0.010148514851485149,0.012376237623762377,0.008415841584158416,0.010148514851485149,0.022524752475247524,0.059158415841584155,0.014356435643564357,0.05099009900990099
India_004091.jpg,pothole,control,0.0,0.0014851485148514852,0.0,0.0014851485148514852,0.0,0.0012376237623762376,0.0,0.0007425742574257426,0.0,0.0,0.0,0.0007425742574257426,0.0,0.0007425742574257426,0.012623762376237625,0.012623762376237625,0.0,0.0
India_004193.jpg,alligator crack,damage,0.004774305555555556,0.007248263888888889,0.0046875,0.006944444444444444,0.004861111111111111,0.007291666666666667,0.0030381944444444445,0.003168402777777778,0.026128472222222223,0.09891493055555556,0.002777777777777778,0.002777777777777778,0.003125,0.0032552083333333335,0.005425347222222222,0.006380208333333333,0.004036458333333334,0.004383680555555556
India_004193.jpg,alligator crack,control,0.012673611111111111,0.030078125,0.013975694444444445,0.03025173611111111,0.012934027777777777,0.03046875,0.0025173611111111113,0.012803819444444444,0.10707465277777778,0.1765625,0.002907986111111111,0.012760416666666666,0.0033854166666666668,0.013758680555555555,0.010720486111111111,0.010763888888888889,0.0064670138888888885,0.007248263888888889
India_004375.jpg,alligator crack,damage,0.012195121951219513,0.03350165662049419,0.011366811704123589,0.02812262983513632,0.012205101592750789,0.032872939204023795,0.007235240110175243,0.022184743124026986,0.011835854856093569,0.04431958804039759,0.01285377829228374,0.040337711069418386,0.011247056005748273,0.0285916729871063,9.979641531276197e-06,0.00014969462296914295,0.0010877809269091055,0.009051534868867511
India_004375.jpg,alligator crack,control,0.03663526406131492,0.13473514031375994,0.027174563889665083,0.10011576384176281,0.03757335036525488,0.13334797014091254,0.024839327771346453,0.1109336952616662,0.04661490559259111,0.12626242465370643,0.04415991377589717,0.1593549159714183,0.025717536226098757,0.11022514071294559,0.019220789589237956,0.04457905872021077,0.01768392479342142,0.08453754341144067
India_004437.jpg,alligator crack,damage,0.01057319323616917,0.034986630512559784,0.011222837344179566,0.03487364892855798,0.010912137988174595,0.03578691673257259,0.0017794599480284714,0.007089594396113433,0.010959213648175347,0.030231988852483713,0.0017700448160283208,0.007042518736112681,0.0027962942040447407,0.010064776108161037,0.021155801604338494,0.03622942793657967,0.05139720558882235,0.12204835611795277
India_004437.jpg,alligator crack,control,0.18496968327495952,0.37960870711407374,0.17172259255074757,0.3498380597295974,0.18366097992693858,0.37680299777802884,0.133563062554137,0.289185779384627,0.07583888826121342,0.20179452415922872,0.12394079764998306,0.278998606560464,0.1302301058260837,0.2782548111324521,0.11633337099386133,0.22562422325161,0.15795766956652732,0.3622942793657967
India_004556.jpg,alligator crack,damage,0.0830517383795149,0.1403469249831043,0.07073665239918901,0.13171134639933918,0.08079897874896748,0.13801907336487196,0.10678080648794773,0.16264924532552377,0.030712622963129835,0.06998573252233986,0.10648043853720808,0.16234887737478412,0.10843283021701584,0.1730119396260419,0.0003754599384245701,0.0003754599384245701,0.010587970263572877,0.010738154238942706
India_004556.jpg,alligator crack,control,0.04047458136216866,0.09236314485244425,0.03596906210107381,0.08583014192385673,0.040699857325223396,0.09296388075392356,0.04220169707892168,0.09566719231058046,0.010212510325148307,0.02725839152962379,0.04220169707892168,0.09566719231058046,0.05038672373657731,0.1082075542539611,0.0,0.0,0.0,0.0007509198768491402
India_004920.jpg,longitudinal crack,damage,0.0006628787878787879,0.023106060606060606,0.002178030303030303,0.02225378787878788,0.0017045454545454545,0.024053030303030302,0.0,0.01231060606060606,0.01240530303030303,0.030397727272727274,0.0,0.01231060606060606,0.0001893939393939394,0.013162878787878788,0.016003787878787878,0.06325757575757576,0.05009469696969697,0.08589015151515152
India_004920.jpg,longitudinal crack,control,0.0008522727272727272,0.0017992424242424243,0.0007575757575757576,0.0020833333333333333,0.0007575757575757576,0.001893939393939394,0.0,9.46969696969697e-05,0.052746212121212124,0.06335227272727273,0.0,9.46969696969697e-05,0.0,9.46969696969697e-05,0.044223484848484845,0.07954545454545454,0.09024621212121212,0.103125
India_004920.jpg,longitudinal crack,damage,0.0013257575757575758,0.011079545454545455,0.002746212121212121,0.011553030303030303,0.001231060606060606,0.011079545454545455,0.0,0.0006628787878787879,0.009280303030303031,0.030113636363636363,0.0,0.0007575757575757576,9.46969696969697e-05,0.0019886363636363634,0.008712121212121213,0.008806818181818181,0.023674242424242424,0.05
India_004920.jpg,longitudinal crack,control,0.011268939393939394,0.01818181818181818,0.010890151515151516,0.025094696969696968,0.011174242424242425,0.018560606060606062,0.006439393939393939,0.00909090909090909,0.02215909090909091,0.04232954545454545,0.006439393939393939,0.00909090909090909,0.006723484848484848,0.010227272727272727,0.035416666666666666,0.08210227272727273,0.04403409090909091,0.10066287878787879
India_005080.jpg,pothole,damage,0.0004522840343735866,0.010854816824966078,0.0018091361374943465,0.010628674807779286,0.0004522840343735866,0.010628674807779286,0.0004522840343735866,0.011985526910900044,0.012437810945273632,0.014246947082767978,0.0004522840343735866,0.011759384893713252,0.0024875621890547263,0.016282225237449117,0.0,0.004975124378109453,0.1286748077792854,0.1456354590682949
India_005080.jpg,pothole,control,0.0,0.023744911804613297,0.0,0.022161917684305744,0.0,0.025780189959294438,0.0,0.024197195838986885,0.024197195838986885,0.03324287652645862,0.0,0.02600633197648123,0.0,0.02872003618272275,0.0,0.0,0.04319312528267752,0.10199004975124377
India_005676.jpg,alligator crack,damage,0.0062142584826534505,0.027258863896301944,0.006786122760198247,0.02722073961113229,0.006176134197483797,0.027373236751810904,0.006023637056805185,0.02733511246664125,0.03675181090354556,0.11353412123522684,0.006023637056805185,0.027258863896301944,0.010293556995806329,0.039039268013724746,0.0023637056805184903,0.01105604269919939,0.026420129622569576,0.056309569195577586
India_005676.jpg,alligator crack,control,0.055470834921845215,0.07430423179565383,0.055089592070148685,0.07411361036980557,0.05562333206252383,0.0744948532215021,0.055318337781166606,0.07411361036980557,0.02447579107891727,0.11688905833015631,0.05562333206252383,0.07441860465116279,0.0658025162028212,0.09523446435379336,0.011856652687762105,0.027754479603507434,0.015364086923370187,0.04250857796416317
India_005676.jpg,alligator crack,damage,0.014969488939740656,0.026458810068649887,0.014016018306636156,0.024837909992372235,0.01520785659801678,0.02717391304347826,0.01473112128146453,0.027650648360030512,0.11694317315026698,0.23088291380625478,0.01473112128146453,0.027650648360030512,0.021739130434782608,0.04023646071700992,0.018306636155606407,0.03318077803203661,0.016733409610983983,0.05205949656750572
India_005676.jpg,alligator crack,control,0.04691075514874142,0.13477307398932112,0.04242944317315027,0.12123379099923723,0.049056064073226546,0.13615560640732266,0.046052631578947366,0.1408276125095347,0.24036994660564454,0.5289855072463768,0.048340961098398166,0.14392639206712432,0.07093821510297482,0.18626048817696414,0.06922196796338673,0.10960144927536232,0.06626620900076277,0.1579424103737605
India_006091.jpg,longitudinal crack,damage,0.012944983818770227,0.054746494066882416,0.014617044228694713,0.05318230852211435,0.013160733549083063,0.05539374325782093,0.013160733549083063,0.05841423948220065,0.01483279395900755,0.09444444444444444,0.013160733549083063,0.0581445523193096,0.013754045307443365,0.055070118662351675,0.030151024811218986,0.03975188781014024,0.0024811218985976266,0.04714131607335491
India_006091.jpg,longitudinal crack,control,0.06175836030204962,0.10792880258899676,0.06353829557713053,0.10566343042071197,0.06165048543689321,0.10711974110032363,0.06121898597626753,0.11402373247033441,0.04838187702265372,0.13187702265372167,0.06262135922330098,0.11326860841423948,0.062459546925566344,0.10765911542610572,0.04460625674217907,0.07340884573894282,0.036030204962243795,0.09088457389428263
India_006238.jpg,longitudinal crack,damage,0.034640522875816995,0.05,0.03333333333333333,0.05065359477124183,0.03594771241830065,0.05163398692810457,0.03333333333333333,0.0434640522875817,0.06928104575163399,0.11862745098039215,0.03496732026143791,0.04607843137254902,0.03790849673202614,0.05392156862745098,0.010130718954248366,0.054901960784313725,0.0,0.060784313725490195
India_006238.jpg,longitudinal crack,control,0.005555555555555556,0.028431372549019607,0.0058823529411764705,0.03071895424836601,0.008823529411764706,0.03398692810457516,0.003594771241830065,0.02483660130718954,0.04803921568627451,0.13594771241830064,0.00849673202614379,0.03202614379084967,0.010130718954248366,0.034640522875816995,0.05163398692810457,0.0696078431372549,0.0,0.0784313725490196
India_006238.jpg,longitudinal crack,damage,0.011226451364859669,0.03529411764705882,0.01507112648981161,0.03514033064206075,0.011226451364859669,0.03613994617454825,0.011534025374855825,0.03787004998077662,0.037216455209534795,0.12010765090349866,0.010880430603613994,0.03694732795078816,0.01061130334486736,0.034486735870818915,0.01453287197231834,0.018108419838523643,0.02179930795847751,0.07958477508650519
India_006238.jpg,longitudinal crack,control,0.011534025374855825,0.021645520953479432,0.013725490196078431,0.026566705113417917,0.01253364090734333,0.022837370242214532,0.010957324106113034,0.021184159938485197,0.060399846212995004,0.1360630526720492,0.011687812379853902,0.021568627450980392,0.010803537101114955,0.020684352172241446,0.013763936947327951,0.019223375624759707,0.006958861976163014,0.03256439830834294
India_006238.jpg,alligator crack,damage,0.00524985417071748,0.018860587205910946,0.0072914641259965,0.0160412210771923,0.006319268909196967,0.019346684814310712,0.006513707952556873,0.024013221854948474,0.03665175967334241,0.07826171495236244,0.006222049387517014,0.019055026249270853,0.005444293214077387,0.01808283103247132,0.00262492708535874,0.014971806338712814,0.05872059109469181,0.08156717868948085
India_006238.jpg,alligator crack,control,0.241687730896364,0.3883919891114136,0.220785533735174,0.3544623760451099,0.24265992611316353,0.3935446237604511,0.24450709702508264,0.39986389266964806,0.13824615982889366,0.3781839393350185,0.24197938946140385,0.39169745284853197,0.2435349018082831,0.3902391600233327,0.08341434960139996,0.21018860587205912,0.14806533151856893,0.33618510596927864
India_006295.jpg,pothole,damage,0.008433734939759036,0.015421686746987951,0.010843373493975903,0.014216867469879518,0.009156626506024097,0.014939759036144579,0.0031325301204819275,0.005542168674698795,0.00024096385542168674,0.0077108433734939755,0.0031325301204819275,0.005542168674698795,0.0038554216867469878,0.004819277108433735,0.0,0.0,0.0,0.009156626506024097
India_006295.jpg,pothole,control,0.0016867469879518072,0.02,0.0045783132530120485,0.01566265060240964,0.0019277108433734939,0.019759036144578312,0.00048192771084337347,0.015180722891566266,0.02506024096385542,0.046987951807228916,0.00048192771084337347,0.015180722891566266,0.0007228915662650603,0.011325301204819277,0.0016867469879518072,0.0019277108433734939,0.01566265060240964,0.033975903614457834
India_006295.jpg,pothole,damage,0.0036231884057971015,0.004528985507246377,0.002717391304347826,0.002717391304347826,0.002717391304347826,0.0036231884057971015,0.002717391304347826,0.002717391304347826,0.0,0.0,0.002717391304347826,0.002717391304347826,0.002717391304347826,0.002717391304347826,0.0,0.0,0.0,0.0
India_006295.jpg,pothole,control,0.0,0.0,0.0,0.0,0.0,0.0,0.0,0.0,0.0,0.0,0.0,0.0,0.0,0.0,0.0,0.0,0.0,0.0
India_006645.jpg,alligator crack,damage,0.02004965359002626,0.04608641875722621,0.02041712600718812,0.042752278777123495,0.020327498588368152,0.04605953053158022,0.02004965359002626,0.048094072938793433,0.04837191793713533,0.11602269366244522,0.02010343004131824,0.04816577487384941,0.009312288815394405,0.023822967922346804,0.007134342538069246,0.024163552113862674,0.01463615749330035,0.04303012377546539
India_006645.jpg,alligator crack,control,0.09226246493327239,0.19961818719582694,0.09090909090909091,0.19530710835058662,0.09365168992498185,0.20068475347978454,0.09211009832127845,0.20408163265306123,0.10277576116085432,0.26648920437740314,0.0951036541098653,0.2057307771593486,0.06300807543043568,0.13272028178860476,0.023822967922346804,0.054941607736638795,0.042779167002769486,0.11671282478735895
India_006663.jpg,alligator crack,damage,0.0027678810864651573,0.007317166609202007,0.005736888480251312,0.01600390759682795,0.0027678810864651573,0.007432095927671149,0.00299773972340344,0.007757728996667049,0.00407041336244876,0.018484465387120255,0.0030168946098149637,0.007843925985518906,0.004367314101827376,0.011971804007202238,6.704210244033253e-05,6.704210244033253e-05,0.00021070375052675939,0.0006033789219629927
India_006663.jpg,alligator crack,control,0.061831973336398116,0.11689269432632264,0.07800827491092978,0.14055855648776003,0.06132436884649274,0.11468030494579168,0.06737731295253419,0.13158449220396123,0.034383021108684825,0.09942343791901315,0.06540435965214726,0.12821323219553307,0.06931195648009807,0.127734360035245,0.0025859096655556834,0.008207868827337855,0.013015745316630273,0.049793127226755544
India_006808.jpg,pothole,damage,0.012698412698412698,0.05317460317460317,0.01507936507936508,0.04642857142857143,0.013492063492063493,0.0503968253968254,0.014285714285714285,0.06626984126984127,0.017857142857142856,0.17063492063492064,0.014285714285714285,0.06626984126984127,0.011507936507936509,0.046825396825396826,0.017063492063492062,0.041666666666666664,0.023412698412698413,0.14047619047619048
India_006808.jpg,pothole,control,0.001984126984126984,0.0031746031746031746,0.0031746031746031746,0.004365079365079365,0.002380952380952381,0.003968253968253968,0.0011904761904761906,0.002777777777777778,0.005158730158730159,0.036904761904761905,0.0011904761904761906,0.002777777777777778,0.0015873015873015873,0.002777777777777778,0.011507936507936509,0.03531746031746032,0.051587301587301584,0.06190476190476191
India_006845.jpg,pothole,damage,0.03225806451612903,0.12144212523719165,0.036053130929791274,0.10246679316888045,0.03225806451612903,0.12144212523719165,0.028462998102466792,0.13282732447817835,0.0,0.051233396584440226,0.028462998102466792,0.13282732447817835,0.03225806451612903,0.12144212523719165,0.0,0.017077798861480076,0.0,0.2239089184060721
India_006845.jpg,pothole,control,0.0,0.0,0.0,0.0,0.0,0.0018975332068311196,0.0,0.0,0.0,0.0,0.0,0.0,0.0,0.0,0.0,0.0,0.036053130929791274,0.036053130929791274
India_006896.jpg,pothole,damage,0.01516602809706258,0.023444626892902755,0.014413428206531655,0.021164021164021163,0.01532567049808429,0.02335340266374749,0.01555373107097245,0.025976099251961322,0.0017788724685276409,0.01455026455026455,0.01555373107097245,0.025976099251961322,0.010285531837255975,0.014527458492975735,0.014732713008575078,0.03343367998540412,0.030628534938879768,0.08597883597883597
India_006896.jpg,pothole,control,0.04098248494800219,0.06444991789819376,0.0345511767925561,0.054985404123335156,0.04032110928662653,0.06296752417442072,0.04563492063492063,0.07275132275132275,0.02547436599160737,0.03863346104725415,0.04563492063492063,0.07275132275132275,0.031198686371100164,0.04768746579091407,0.032931946725050176,0.05441525269111476,0.07126892902754972,0.11193212917350849
India_007007.jpg,longitudinal crack,damage,0.0027450980392156863,0.003137254901960784,0.002352941176470588,0.0027450980392156863,0.0029411764705882353,0.0033333333333333335,0.00196078431372549,0.00196078431372549,0.0,0.0,0.00196078431372549,0.00196078431372549,0.00196078431372549,0.00196078431372549,0.0045098039215686276,0.02666666666666667,0.016666666666666666,0.051176470588235295
India_007007.jpg,longitudinal crack,control,0.0,0.000784313725490196,0.000196078431372549,0.000784313725490196,0.0,0.000980392156862745,0.0,0.000196078431372549,0.000196078431372549,0.000196078431372549,0.0,0.000196078431372549,0.0,0.000196078431372549,0.023529411764705882,0.0392156862745098,0.027450980392156862,0.06372549019607843
India_007171.jpg,alligator crack,damage,0.055450535601764335,0.12551984877126654,0.05327662255828607,0.11679269061121614,0.05626969124133585,0.12643352236925015,0.055608065532451165,0.1287964713295526,0.10611216131064902,0.24716446124763705,0.05626969124133585,0.12942659105229995,0.06934467548834279,0.1434152488972905,0.019124133585381224,0.04877126654064272,0.0424700693131695,0.10217391304347827
India_007171.jpg,alligator crack,control,0.1275047258979206,0.34054820415879017,0.11282293635790801,0.30356017643352234,0.1276937618147448,0.3419029615626969,0.13408947700063012,0.3555135475740391,0.3130434782608696,0.6687775677378702,0.13377441713925645,0.35671077504725895,0.16260239445494645,0.40236294896030245,0.0702583490863264,0.16559546313799622,0.13005671077504727,0.3333963453056081
India_007377.jpg,alligator crack,damage,0.006326450454494445,0.021911121086297836,0.004867579396251823,0.019680731679946134,0.006087981146897094,0.021686679385029738,0.0070839411962742675,0.02307541241162608,0.03933340814723375,0.06668724048928291,0.00711199640893278,0.023089440017955334,0.008725171136797216,0.027985074626865673,0.015262035686230501,0.031562114240825945,0.014378296487487376,0.04852149029289642
India_007377.jpg,alligator crack,control,0.044032656267534505,0.11687801593536079,0.03522331949276176,0.1022472225339468,0.04666984625743463,0.12035686230501627,0.046277073280215464,0.12192795421389294,0.09809505106048703,0.23883402536191226,0.0456598586017282,0.12355515654808663,0.061412860509482664,0.14738805970149255,0.05383795309168443,0.13042868364942206,0.08116373022107508,0.1781506003815509
India_007404.jpg,pothole,damage,0.06932573599240266,0.07407407407407407,0.07027540360873694,0.07502374169040836,0.0731244064577398,0.07692307692307693,0.06552706552706553,0.07027540360873694,0.0,0.019943019943019943,0.06837606837606838,0.0731244064577398,0.08547008547008547,0.09591642924976258,0.0,0.0,0.0,0.0
India_007404.jpg,pothole,control,0.0,0.0,0.0,0.0,0.0,0.0,0.0,0.0,0.0,0.0,0.0,0.0,0.0,0.0,0.0,0.0,0.0,0.0
India_007702.jpg,alligator crack,damage,0.005071355759429154,0.020807849133537205,0.004829255861365953,0.01684505606523955,0.005160550458715597,0.02010703363914373,0.005976044852191641,0.025089194699286443,0.009110601427115188,0.032313965341488275,0.005389908256880734,0.023037716615698266,0.00891946992864424,0.028160040774719675,0.030338939857288482,0.045680428134556576,0.015265035677879714,0.05310907237512742
India_007702.jpg,alligator crack,control,0.1481651376146789,0.32619775739041795,0.1391309887869521,0.29890417940876657,0.14901885830784914,0.3238149847094801,0.15575942915392457,0.34615188583078493,0.1287079510703364,0.31474260958205913,0.14920998980632008,0.32798165137614677,0.15814220183486238,0.34404943934760446,0.1300203873598369,0.24489041794087665,0.14884046890927624,0.3145514780835882
India_007955.jpg,alligator crack,damage,0.008758568164508759,0.01741051028179741,0.009063214013709063,0.017136329017517136,0.00881949733434882,0.017608530083777607,0.008789032749428789,0.018522467631378523,0.049763899466869765,0.11178979436405179,0.008758568164508759,0.018492003046458493,0.00456968773800457,0.0060015232292460014,0.0035795887281035795,0.020243716679360244,0.020761614623000763,0.03204874333587205
India_007955.jpg,alligator crack,control,0.1987052551408987,0.3567859862909368,0.19367859862909367,0.3463366336633663,0.19725818735719725,0.35456207159177455,0.20703731911652704,0.3715613099771516,0.12001523229246001,0.292993145468393,0.2058948971820259,0.36994668697638994,0.14044173648134045,0.2391926884996192,0.054272658035034275,0.12795125666412796,0.047996953541508,0.12016755521706017
India_007955.jpg,pothole,damage,0.04246490972154689,0.06645272131997795,0.040617199909235305,0.05562579013906448,0.04210833414373237,0.06580440208758793,0.042529741644785894,0.07034263671431813,0.03393951181561801,0.1321598755227074,0.04129793510324484,0.06872183863334305,0.030471003922331357,0.04162209471943985,0.02408505948328957,0.03277253719731596,0.019222665240364357,0.06593406593406594
India_007955.jpg,pothole,control,0.07656650134526241,0.19657039126065676,0.06881908651820157,0.17387921812700574,0.07796038769490098,0.19663522318389576,0.07925702615968103,0.20577652436059515,0.15799539693345002,0.3597847580148465,0.07776589192518396,0.20104379396414795,0.0539077441732309,0.14817336056274108,0.05977503322636066,0.12178676780446691,0.0718661869104347,0.1660669713767059
India_008227.jpg,pothole,damage,0.0078125,0.03571428571428571,0.0078125,0.03571428571428571,0.0078125,0.03571428571428571,0.006696428571428571,0.03459821428571429,0.0033482142857142855,0.0033482142857142855,0.006696428571428571,0.03459821428571429,0.0078125,0.03459821428571429,0.0011160714285714285,0.0011160714285714285,0.0033482142857142855,0.0033482142857142855
India_008227.jpg,pothole,control,0.049107142857142856,0.06138392857142857,0.04241071428571429,0.06473214285714286,0.049107142857142856,0.06696428571428571,0.052455357142857144,0.0625,0.07700892857142858,0.07700892857142858,0.052455357142857144,0.0625,0.05022321428571429,0.0625,0.18080357142857142,0.18861607142857142,0.16183035714285715,0.22544642857142858
India_008238.jpg,longitudinal crack,damage,0.009864135492276195,0.04748610778761533,0.010635186514583499,0.0475658716864747,0.010050251256281407,0.04764563558533408,0.009837547525989736,0.047911515248198665,0.07787615325303768,0.16561644199835154,0.010103427188854324,0.04785833931562575,0.015181728749567946,0.055568849538698784,0.00361596341495839,0.011113769907739757,0.008880380739677222,0.024168461354391
India_008238.jpg,longitudinal crack,control,0.15325303767514822,0.326766105660578,0.15277445428199196,0.3290526707612135,0.15431655632660657,0.3291590226263593,0.1548217276860493,0.3291058466937864,0.06561910079498019,0.22020153678445137,0.15503443141634096,0.33240275451330725,0.16694584031267448,0.35072186328467736,0.02890111935338066,0.07117598574885008,0.039642657733109994,0.07665310680386057
India_008296.jpg,alligator crack,damage,0.011517204192363429,0.03282445320661881,0.010101776025342905,0.02886462440602568,0.01155933003066761,0.03235264381761197,0.0043305361776699355,0.014238533346813602,0.006184073063053954,0.022672126175310888,0.0043221110100090995,0.014238533346813602,0.006209348566036464,0.01720419236342803,0.034096653523405115,0.06425032858153877,0.0009436187780136825,0.00310888686684865
India_008296.jpg,alligator crack,control,0.11682337478515822,0.26764230108179154,0.10251744009705793,0.23600579651535067,0.11495298756445253,0.2638678259697368,0.09915579820038418,0.2344892663364001,0.06754456913692583,0.185555892562262,0.09611431267482223,0.23104337276311798,0.09577730596838877,0.22128702861186939,0.12702625282243116,0.25403565530954064,0.04376874599804536,0.1181124254372662
India_008301.jpg,alligator crack,damage,0.005319148936170213,0.010469436001350895,0.0048125633232016215,0.009456264775413711,0.005403579871664978,0.010300574130361364,0.005825734549138805,0.012833502195204323,0.00303951367781155,0.0034616683552853764,0.005825734549138805,0.012833502195204323,0.006332320162107396,0.01182033096926714,0.005825734549138805,0.0549645390070922,0.01984126984126984,0.060368118878757177
India_008301.jpg,alligator crack,control,0.009202971968929415,0.009625126646403243,0.00911854103343465,0.009540695710908476,0.009540695710908476,0.009878419452887538,0.009287402904424182,0.009625126646403243,0.0,0.0021107733873691322,0.009287402904424182,0.009625126646403243,0.009371833839918946,0.009793988517392773,0.00303951367781155,0.017646065518405946,0.057581898007429924,0.08020938872002702
India_008301.jpg,alligator crack,damage,0.013579808034127266,0.023320298613579808,0.007252044081052257,0.01173124777817277,0.012228937077852825,0.021685033771773908,0.01670814077497334,0.02915037326697476,0.012726626377532883,0.01955207963028795,0.01670814077497334,0.02915037326697476,0.015215072875933168,0.025168858869534304,0.02268041237113402,0.03348738002132954,0.03739779594738713,0.08524706718805546
India_008301.jpg,alligator crack,control,0.05204408105225738,0.10145751866334873,0.04358336295769641,0.09107714184145041,0.05047991468183434,0.09911126910771419,0.05702097404905795,0.10942054745822964,0.05744756487735514,0.12186277995023106,0.05680767863490935,0.10920725204408105,0.058087451119800924,0.11041592605758976,0.030145751866334874,0.08218983291859225,0.0968361180234625,0.20227515108425168
India_008301.jpg,longitudinal crack,damage,0.0002349072116513977,0.0004698144233027954,0.0,0.0002349072116513977,0.0002349072116513977,0.0004698144233027954,0.0,0.0004698144233027954,0.0,0.0037585153864223633,0.0,0.0004698144233027954,0.0002349072116513977,0.0004698144233027954,0.0,0.0204369274136716,0.0,0.053558844256518676
India_008301.jpg,longitudinal crack,control,0.04580690627202255,0.08362696734789758,0.039229504345783414,0.07235142118863049,0.044162555790462764,0.0817477096546864,0.05332393704486728,0.09842612168193564,0.008456659619450317,0.04204839088560019,0.04698144233027954,0.09020436927413672,0.0615456894526662,0.1012450082217524,0.02748414376321353,0.11463471928588208,0.0805731735964294,0.19332863518910032
India_008301.jpg,pothole,damage,0.011896126505150153,0.012476425359059917,0.010590454083853184,0.010880603510808067,0.012186275932105034,0.013346873639924562,0.012476425359059917,0.015668069055563616,0.0010155229943420861,0.007979109241259249,0.012476425359059917,0.015668069055563616,0.012621500072537357,0.013637023066879443,0.0358334542289279,0.046423908312781086,0.09139706949078776,0.18888727694762802
India_008301.jpg,pothole,control,0.0002901494269548818,0.0007253735673872045,0.0002901494269548818,0.0007253735673872045,0.0002901494269548818,0.0007253735673872045,0.0002901494269548818,0.0007253735673872045,0.0,0.0,0.0002901494269548818,0.0007253735673872045,0.0002901494269548818,0.0007253735673872045,0.009720005802988539,0.009720005802988539,0.0628173509357319,0.07268243145219788
India_008301.jpg,pothole,damage,0.006033182503770739,0.00980392156862745,0.004524886877828055,0.006787330316742082,0.004524886877828055,0.008295625942684766,0.008295625942684766,0.012066365007541479,0.0,0.0,0.008295625942684766,0.012066365007541479,0.004524886877828055,0.008295625942684766,0.011312217194570135,0.05731523378582202,0.11463046757164404,0.22171945701357465
India_008301.jpg,pothole,control,0.0,0.0,0.0015082956259426848,0.0015082956259426848,0.0,0.0,0.0007541478129713424,0.0007541478129713424,0.0,0.0,0.0007541478129713424,0.0007541478129713424,0.0,0.0,0.03770739064856712,0.042232277526395176,0.11010558069381599,0.15233785822021115
India_008385.jpg,longitudinal crack,damage,0.0891089108910891,0.163490099009901,0.10148514851485149,0.19294554455445545,0.08836633663366336,0.16225247524752476,0.09294554455445544,0.1712871287128713,0.0071782178217821785,0.015099009900990099,0.09232673267326733,0.16955445544554457,0.09022277227722772,0.16410891089108912,0.025618811881188117,0.06336633663366337,0.004826732673267327,0.005445544554455445
India_008385.jpg,longitudinal crack,control,0.2089108910891089,0.3048267326732673,0.23415841584158417,0.35086633663366334,0.21076732673267326,0.3071782178217822,0.201980198019802,0.30235148514851484,0.06448019801980198,0.11695544554455446,0.21398514851485148,0.31126237623762376,0.20643564356435642,0.298019801980198,0.09715346534653466,0.22722772277227724,0.007920792079207921,0.06720297029702971
India_008385.jpg,longitudinal crack,damage,0.01871657754010695,0.054367201426024955,0.0344622697563874,0.09982174688057041,0.017825311942959002,0.0510992275698158,0.0213903743315508,0.06506238859180036,0.0014854426619132501,0.0038621509209744503,0.0213903743315508,0.06506238859180036,0.019013666072489603,0.05258467023172905,0.022281639928698752,0.030600118835412953,0.0,0.0
India_008385.jpg,longitudinal crack,control,0.015448603683897801,0.021984551396316103,0.0172311348781937,0.027629233511586453,0.015151515151515152,0.02109328579916815,0.018122400475341652,0.026440879382055853,0.0011883541295306002,0.0029708853238265003,0.018122400475341652,0.026440879382055853,0.01574569221628045,0.021687462863933454,0.04367201426024955,0.05555555555555555,0.0,0.0
India_008627.jpg,pothole,damage,0.0,0.0,0.0,0.0,0.0,0.0,0.0,0.0,0.03148148148148148,0.053703703703703705,0.0,0.0,0.0,0.0,0.0,0.0,0.0,0.0
India_008627.jpg,pothole,control,0.0,0.0,0.0021604938271604936,0.0021604938271604936,0.0,0.0,0.0,0.0,0.1697530864197531,0.19660493827160494,0.0,0.0,0.0,0.0,0.0,0.0006172839506172839,0.0,0.0
India_008627.jpg,pothole,damage,0.0015432098765432098,0.0015432098765432098,0.0015432098765432098,0.0015432098765432098,0.0015432098765432098,0.0015432098765432098,0.001851851851851852,0.001851851851851852,0.044444444444444446,0.06358024691358025,0.001851851851851852,0.001851851851851852,0.0,0.0,0.0,0.0012345679012345679,0.0,0.0
India_008627.jpg,pothole,control,0.004012345679012346,0.005246913580246914,0.005246913580246914,0.006481481481481481,0.004012345679012346,0.005246913580246914,0.005246913580246914,0.006481481481481481,0.07901234567901234,0.10462962962962963,0.005246913580246914,0.006481481481481481,0.0,0.00030864197530864197,0.0,0.003703703703703704,0.0,0.0
India_008762.jpg,pothole,damage,0.06498855835240275,0.08832951945080092,0.05606407322654462,0.07871853546910755,0.06590389016018307,0.08947368421052632,0.07299771167048055,0.1011441647597254,0.06361556064073226,0.13249427917620138,0.07276887871853546,0.10068649885583524,0.0654462242562929,0.08901601830663615,0.05354691075514874,0.0874141876430206,0.10892448512585812,0.17116704805491992
India_008762.jpg,pothole,control,0.003203661327231121,0.0036613272311212816,0.002745995423340961,0.002974828375286041,0.003432494279176201,0.0036613272311212816,0.003432494279176201,0.004118993135011442,0.0004576659038901602,0.0013729977116704805,0.003432494279176201,0.004118993135011442,0.002974828375286041,0.003203661327231121,0.012585812356979404,0.02745995423340961,0.04508009153318078,0.04851258581235698
India_008802.jpg,alligator crack,damage,0.0001953125,0.01796875,0.001171875,0.018359375,0.0001953125,0.017578125,0.0,0.0205078125,0.0001953125,0.01953125,0.0,0.0205078125,0.0001953125,0.017578125,0.006640625,0.0634765625,0.0142578125,0.0240234375
India_008802.jpg,alligator crack,control,0.0,0.0029296875,0.0,0.0025390625,0.0,0.003125,0.0,0.0033203125,0.0021484375,0.014453125,0.0,0.0033203125,0.0,0.0029296875,0.0107421875,0.0111328125,0.02265625,0.0931640625
India_008802.jpg,pothole,damage,0.013385826771653543,0.07106299212598426,0.013648293963254593,0.057020997375328085,0.01358267716535433,0.06856955380577427,0.01437007874015748,0.07985564304461942,0.01988188976377953,0.05564304461942257,0.01384514435695538,0.07933070866141732,0.013517060367454068,0.06778215223097113,0.01725721784776903,0.05045931758530184,0.05341207349081365,0.15728346456692913
India_008802.jpg,pothole,control,0.039566929133858265,0.06272965879265092,0.03556430446194226,0.057545931758530185,0.039435695538057744,0.061876640419947504,0.041929133858267714,0.0671259842519685,0.0312992125984252,0.049343832020997375,0.04160104986876641,0.06686351706036746,0.040091863517060365,0.06286089238845144,0.0312992125984252,0.048031496062992125,0.05990813648293963,0.09435695538057742
India_008802.jpg,longitudinal crack,damage,0.00027739251040221914,0.034257975034674065,0.000970873786407767,0.03259361997226075,0.00027739251040221914,0.03300970873786408,0.0,0.0377253814147018,0.0034674063800277394,0.029819694868238558,0.0,0.0377253814147018,0.00013869625520110957,0.03287101248266297,0.0048543689320388345,0.05464632454923717,0.021497919556171984,0.04854368932038835
India_008802.jpg,longitudinal crack,control,0.02857142857142857,0.09264909847434119,0.03162274618585298,0.08613037447988904,0.028294036061026352,0.09223300970873786,0.028016643550624134,0.09653259361997225,0.011373092926490984,0.06976421636615811,0.028016643550624134,0.09653259361997225,0.028432732316227463,0.09237170596393897,0.02538141470180305,0.07364771151178919,0.05839112343966713,0.15464632454923716
India_008847.jpg,longitudinal crack,damage,0.007157502329916123,0.008313140726933831,0.006784715750232991,0.007865796831314073,0.00712022367194781,0.008275862068965517,0.006821994408201305,0.0079403541472507,0.00033550792171481826,0.00462255358807083,0.006821994408201305,0.0079403541472507,0.008387698042870456,0.009804287045666356,0.026616961789375584,0.03895619757688723,0.014165890027958993,0.037166821994408204
India_008847.jpg,longitudinal crack,control,0.15414725069897484,0.2898415657036347,0.13286113699906804,0.261547064305685,0.15168685927306616,0.28671015843429637,0.16417520969245109,0.31053122087604845,0.1466542404473439,0.3042311276794035,0.1639515377446412,0.31023299161230194,0.16585274930102517,0.3066542404473439,0.1344641192917055,0.2791425908667288,0.1965703634669152,0.38482758620689655
India_008852.jpg,longitudinal crack,damage,0.06665074056378405,0.10559006211180125,0.07118967988533206,0.10630673674151934,0.04419493549928333,0.06163401815575729,0.04276158623984711,0.06569517439082656,0.0,0.030100334448160536,0.04276158623984711,0.06569517439082656,0.04323936932632585,0.05948399426660296,0.05112279025322503,0.058050645007166744,0.05351170568561873,0.12231247013855709
India_008852.jpg,longitudinal crack,control,0.04228380315336837,0.07763975155279502,0.037267080745341616,0.06760630673674152,0.026278069756330624,0.045628284758719544,0.031055900621118012,0.05255613951266125,0.02460582895365504,0.038461538461538464,0.031055900621118012,0.05255613951266125,0.027233635929288104,0.04610606784519828,0.04300047778308648,0.07835642618251314,0.09555661729574773,0.21667462971810797
India_008852.jpg,longitudinal crack,damage,0.06922385376086305,0.0827090200779143,0.06472879832184597,0.07641594246329038,0.06083308360803116,0.06472879832184597,0.0611327539706323,0.06922385376086305,0.032364399160922985,0.03536110278693437,0.0611327539706323,0.06922385376086305,0.05903506143242433,0.062631105783638,0.05004495055439017,0.062631105783638,0.10338627509739287,0.19358705424033562
India_008852.jpg,longitudinal crack,control,0.2990710218759365,0.5753670961941864,0.2855858555588852,0.5445010488462692,0.25861552292478274,0.4980521426430926,0.25711717111177707,0.503146538807312,0.027270002996703627,0.10188792328438717,0.25921486364998503,0.5061432424333233,0.26940365597842375,0.5058435720707222,0.06952352412346419,0.12346418939166916,0.15373089601438417,0.4084507042253521
India_008852.jpg,pothole,damage,0.12854317732366513,0.17946605141727093,0.12491760052735662,0.14831905075807514,0.0972313777191826,0.12359920896506263,0.10431773236651286,0.14469347396176666,0.025214238628872777,0.04713249835201055,0.10431773236651286,0.14469347396176666,0.09673698088332235,0.12079762689518787,0.06114040870138431,0.08009228740936059,0.1484838497033619,0.257251153592617
India_008852.jpg,pothole,control,0.0,0.0004943968358602505,0.0,0.0004943968358602505,0.0,0.00016479894528675015,0.0,0.00016479894528675015,0.0,0.0,0.0,0.00016479894528675015,0.0,0.00016479894528675015,0.0,0.006921555702043507,0.0003295978905735003,0.005932762030323006
India_008986.jpg,alligator crack,damage,0.020827870387713054,0.06302678404195543,0.020790410189174,0.0622963101704439,0.021258662670912157,0.06379471811200599,0.02123993257164263,0.06456265218205656,0.04656302678404196,0.10893425735156397,0.02075294999063495,0.06375725791346694,0.025547855403633638,0.07329087844165574,0.015058999812699007,0.0244427795467316,0.030342760816632328,0.06626709121558344
India_008986.jpg,alligator crack,control,0.10854092526690391,0.18331148155085222,0.1,0.18143847162389962,0.10741711931073235,0.18479115939314478,0.11543360179808954,0.1888181307360929,0.1278141974152463,0.2675969282637198,0.11414122494849223,0.18786289567334707,0.11434725604045702,0.19215208840606854,0.04813635512268215,0.09522382468627083,0.07795467315976774,0.15697696197789848
India_009071.jpg,pothole,damage,0.20164609053497942,0.3592909148464704,0.2345679012345679,0.3083254194365305,0.20417853751187084,0.3396644507755619,0.18518518518518517,0.4045584045584046,0.20449509338398228,0.5264324153213042,0.18265273820829375,0.4017094017094017,0.203545425767648,0.3513770180436847,0.09053497942386832,0.2038619816397594,0.09749920861031972,0.34283000949667614
India_009071.jpg,pothole,control,0.002849002849002849,0.027540360873694207,0.0022158911047799935,0.0205761316872428,0.003798670465337132,0.02690724912947135,0.004748338081671415,0.0731244064577398,0.0778727445394112,0.2776194998417221,0.004748338081671415,0.0731244064577398,0.0025324469768914213,0.02690724912947135,0.05128205128205128,0.09401709401709402,0.00823045267489712,0.1408673630895853
India_009071.jpg,pothole,damage,0.09053497942386832,0.16334283000949668,0.09021842355175688,0.13485280151946819,0.09306742640075974,0.1646090534979424,0.100664767331434,0.20322886989553657,0.12535612535612536,0.3488445710667933,0.100664767331434,0.20322886989553657,0.0880025324469769,0.15542893320671097,0.015827793605571384,0.08262108262108261,0.08515352959797404,0.245014245014245
India_009071.jpg,pothole,control,0.02437480215257993,0.05159860715416271,0.011396011396011397,0.021525799303577082,0.01741057296612852,0.042735042735042736,0.03798670465337132,0.07850585628363406,0.059512503956948404,0.13548591326369105,0.03798670465337132,0.07850585628363406,0.01867679645457423,0.04495093383982273,0.037037037037037035,0.2073440962329851,0.0629946185501741,0.15701171256726812
India_009282.jpg,longitudinal crack,damage,0.020188053097345133,0.11845501474926254,0.021202064896755163,0.11965339233038348,0.02000368731563422,0.11827064896755163,0.021109882005899704,0.11946902654867257,0.03364675516224189,0.0950405604719764,0.021202064896755163,0.11863938053097345,0.018160029498525073,0.11200221238938053,0.01898967551622419,0.03844026548672566,0.02525811209439528,0.08573008849557522
India_009282.jpg,longitudinal crack,control,9.218289085545723e-05,9.218289085545723e-05,9.218289085545723e-05,9.218289085545723e-05,9.218289085545723e-05,9.218289085545723e-05,9.218289085545723e-05,9.218289085545723e-05,0.007190265486725664,0.009402654867256638,9.218289085545723e-05,9.218289085545723e-05,9.218289085545723e-05,9.218289085545723e-05,0.0,0.0,0.0,0.0
India_009880.jpg,alligator crack,damage,0.005714718647516587,0.02755620014503263,0.00573636530906021,0.02522918402909311,0.005574015347483034,0.027134090244931977,0.00642905847845616,0.029580162999361424,0.05929020596798459,0.12852705291526414,0.006385765155368913,0.029374519714697,0.007587154871040014,0.03320597880791835,0.006223415193791737,0.015845356249932354,0.00901583453291916,0.03573863820852229
India_009880.jpg,alligator crack,control,0.10147954931650666,0.22915155910079768,0.09936899981600338,0.22274414728388514,0.10221553580898986,0.23033130215492514,0.10246447241674153,0.23626248741787798,0.12671955667637158,0.3254034396545193,0.10379574210167437,0.23916314006472353,0.11976015499009665,0.25933782862338056,0.027588670137348066,0.06630372430811858,0.04694078555734742,0.13608173779398872
Japan_000079.jpg,transverse crack,damage,0.010778959471112388,0.033271054900833576,0.011569416498993963,0.0342770911181374,0.010635240011497557,0.033271054900833576,0.010347801092267893,0.03240873814314458,0.0074734118999712565,0.023641851106639838,0.010635240011497557,0.03298361598160391,0.0037367059499856282,0.021845357861454442,0.0074734118999712565,0.03276803679218166,0.03600172463351538,0.080339177924691
Japan_000079.jpg,transverse crack,control,0.0005030181086519115,0.0005748778384593274,0.0006467375682667433,0.0006467375682667433,0.0006467375682667433,0.0007185972980741593,0.0005030181086519115,0.0005748778384593274,0.0,0.0026588100028743893,0.0006467375682667433,0.0007185972980741593,0.0,0.0,0.0008623167576889911,0.0008623167576889911,0.003952285139407876,0.026372520839321643
Japan_000079.jpg,longitudinal crack,damage,0.03254950495049505,0.08576732673267327,0.03923267326732673,0.09108910891089109,0.033044554455445546,0.08613861386138613,0.03155940594059406,0.0853960396039604,0.0,0.021905940594059405,0.03242574257425743,0.08564356435643565,0.017574257425742576,0.06064356435643564,0.005693069306930693,0.005693069306930693,0.0009900990099009901,0.05705445544554456
Japan_000079.jpg,longitudinal crack,control,0.0006188118811881188,0.0008663366336633663,0.0006188118811881188,0.0008663366336633663,0.0007425742574257426,0.0009900990099009901,0.0006188118811881188,0.0007425742574257426,0.0,0.00012376237623762376,0.0007425742574257426,0.0009900990099009901,0.0,0.0,0.0,0.0,0.0003712871287128713,0.0019801980198019802
Japan_000081.jpg,pothole,damage,0.03881987577639751,0.08362910381543921,0.040150842945874,0.08251996450754215,0.0385980479148181,0.08251996450754215,0.0385980479148181,0.08451641526175688,0.019964507542147295,0.1468500443655723,0.03992901508429459,0.08407275953859805,0.05456965394853593,0.10448092280390417,0.0,0.02839396628216504,0.02839396628216504,0.06366459627329192
Japan_000081.jpg,pothole,control,0.004658385093167702,0.01663708961845608,0.004214729370008873,0.01774622892635315,0.0048802129547471165,0.017524401064773737,0.0037710736468500442,0.014862466725820762,0.01929902395740905,0.08251996450754215,0.0044365572315882874,0.01774622892635315,0.008873114463176575,0.024179236912156166,0.024844720496894408,0.04148181011535049,0.023070097604259095,0.023957409050576754
Japan_000110.jpg,alligator crack,damage,0.0011217948717948717,0.029647435897435896,0.006570512820512821,0.025881410256410258,0.0020833333333333333,0.029326923076923077,0.0,0.031330128205128205,0.005208333333333333,0.045272435897435896,0.0004807692307692308,0.03076923076923077,0.0019230769230769232,0.02940705128205128,0.005929487179487179,0.04431089743589744,0.0654647435897436,0.14423076923076922
Japan_000110.jpg,alligator crack,control,0.006570512820512821,0.08918269230769231,0.02139423076923077,0.041025641025641026,0.010897435897435897,0.07580128205128205,0.001201923076923077,0.08878205128205129,0.022596153846153846,0.13701923076923078,0.0045673076923076926,0.08958333333333333,0.00985576923076923,0.09126602564102564,0.004166666666666667,0.1109775641025641,0.08333333333333333,0.300400641025641
Japan_000130.jpg,longitudinal crack,damage,0.001274825550187869,0.0018115942028985507,0.0006038647342995169,0.0011406333870101987,0.001610305958132045,0.0020799785292538917,0.0005367686527106817,0.001006441223832528,0.0,0.007112184648416533,0.001610305958132045,0.0020799785292538917,0.0014090177133655394,0.001878690284487386,0.0,0.000939345142243693,0.00040257648953301127,0.00040257648953301127
Japan_000130.jpg,longitudinal crack,control,0.0006709608158883522,0.0036902844873859366,0.00020128824476650564,0.0030193236714975845,0.0012077294685990338,0.004227053140096618,0.000939345142243693,0.004092860976918948,0.0,0.021202361782071927,0.0012077294685990338,0.004227053140096618,0.0008722490606548577,0.004025764895330112,0.0,0.0032877079978529252,0.007581857219538379,0.009259259259259259
Japan_000238.jpg,longitudinal crack,damage,0.023405463377704876,0.03823102643366349,0.023026938363510187,0.03829411393602927,0.023657813387168002,0.038546463945492396,0.022900763358778626,0.037537063907639896,0.002965112611191723,0.014762475553592834,0.022900763358778626,0.03766323891237146,0.031354488675793324,0.0480095893003596,0.014699388051227051,0.04252097659453662,0.02977730111664879,0.058229764683616174
Japan_000238.jpg,longitudinal crack,control,0.005740962715286102,0.04062835152356318,0.005173175193994069,0.04195318907324459,0.005551700208188758,0.04018673900700271,0.005993312724749227,0.04031291401173428,0.0028389376064601604,0.009084600340672513,0.005930225222383446,0.04031291401173428,0.00940003785250142,0.045864614219923036,0.02113431329253675,0.03337328875149833,0.025235000946312536,0.061447227304271025
Japan_000253.jpg,longitudinal crack,damage,0.048328488372093026,0.06068313953488372,0.03815406976744186,0.0436046511627907,0.03888081395348837,0.0436046511627907,0.048328488372093026,0.06031976744186047,0.0,0.02507267441860465,0.03888081395348837,0.0436046511627907,0.040697674418604654,0.045421511627906974,0.0,0.0007267441860465116,0.0010901162790697674,0.002180232558139535
Japan_000253.jpg,longitudinal crack,control,0.005450581395348837,0.009084302325581396,0.0032703488372093025,0.005450581395348837,0.0032703488372093025,0.005450581395348837,0.005450581395348837,0.009084302325581396,0.0,0.0007267441860465116,0.0032703488372093025,0.005450581395348837,0.0032703488372093025,0.005450581395348837,0.0,0.0,0.0,0.0
Japan_000318.jpg,longitudinal crack,damage,0.0007716049382716049,0.0019290123456790122,0.0030864197530864196,0.007137345679012345,0.0007716049382716049,0.0021219135802469135,0.0005787037037037037,0.001736111111111111,0.0,0.04147376543209876,0.0007716049382716049,0.0023148148148148147,0.004822530864197531,0.011381172839506173,0.010223765432098766,0.034722222222222224,0.0,0.0
Japan_000318.jpg,longitudinal crack,control,0.0,0.028935185185185185,0.0007716049382716049,0.033179012345679014,0.0,0.028742283950617283,0.0,0.029128086419753087,0.0,0.024305555555555556,0.0,0.028356481481481483,0.0009645061728395061,0.03780864197530864,0.003279320987654321,0.024691358024691357,0.0,0.0
Japan_000361.jpg,alligator crack,damage,0.01987739334900907,0.03608498488411152,0.015636546859254283,0.028846153846153848,0.015930466912999663,0.029047699025864966,0.020112529392005373,0.03623614376889486,0.007625125965737319,0.04116560295599597,0.01588847833389318,0.02900571044675848,0.018399395364460867,0.03141585488747061,0.010992610010077258,0.022623446422573062,0.017072556264696004,0.041996976822304334
Japan_000361.jpg,alligator crack,control,0.14112361437688947,0.28805005038629494,0.1260077258985556,0.25799462546187435,0.1314326503191132,0.2662411823983876,0.13004702720859926,0.2789721195834733,0.26820624790057107,0.5853207927443735,0.1361353711790393,0.2692307692307692,0.14644776620759153,0.2841367148135707,0.21774437353039974,0.4183574067853544,0.24336580450117568,0.5287705744037622
Japan_000376.jpg,transverse crack,damage,0.035666666666666666,0.06833333333333333,0.035666666666666666,0.06866666666666667,0.035666666666666666,0.06866666666666667,0.035666666666666666,0.06766666666666667,0.0,0.027333333333333334,0.036,0.06766666666666667,0.028333333333333332,0.048,0.0023333333333333335,0.004333333333333333,0.0,0.028333333333333332
Japan_000376.jpg,transverse crack,control,0.005333333333333333,0.03266666666666666,0.007333333333333333,0.034,0.005,0.03266666666666666,0.006,0.033,0.0,0.06566666666666666,0.006333333333333333,0.033666666666666664,0.001,0.018666666666666668,0.009,0.010333333333333333,0.0,0.114
Japan_000376.jpg,alligator crack,damage,0.02679093567251462,0.04630847953216374,0.027010233918128655,0.04667397660818713,0.02675438596491228,0.0462719298245614,0.026973684210526316,0.0464546783625731,0.011732456140350877,0.028070175438596492,0.02682748538011696,0.04649122807017544,0.01787280701754386,0.029788011695906433,0.012682748538011697,0.015387426900584795,0.002997076023391813,0.02182017543859649
Japan_000376.jpg,alligator crack,control,0.009137426900584795,0.040460526315789475,0.00932017543859649,0.04035087719298246,0.009210526315789473,0.04060672514619883,0.009466374269005848,0.04078947368421053,0.03271198830409357,0.07536549707602339,0.009612573099415204,0.041008771929824564,0.005592105263157895,0.027887426900584794,0.004751461988304093,0.009868421052631578,0.002814327485380117,0.040716374269005845
Japan_000400.jpg,longitudinal crack,damage,0.00029761904761904765,0.0012896825396825397,0.00029761904761904765,0.001388888888888889,0.00029761904761904765,0.0010912698412698413,0.00029761904761904765,0.001488095238095238,0.0001984126984126984,0.003472222222222222,0.00029761904761904765,0.0010912698412698413,0.000496031746031746,0.0008928571428571428,0.00029761904761904765,0.003472222222222222,0.0,9.92063492063492e-05
Japan_000400.jpg,longitudinal crack,control,9.92063492063492e-05,0.0742063492063492,9.92063492063492e-05,0.07569444444444444,0.0001984126984126984,0.06617063492063492,0.0,0.0816468253968254,0.026686507936507935,0.03214285714285714,0.0001984126984126984,0.06746031746031746,0.0001984126984126984,0.052976190476190475,0.022123015873015874,0.1492063492063492,0.025892857142857145,0.03125
Japan_000404.jpg,alligator crack,damage,0.012997181334168493,0.018556216724083932,0.016181229773462782,0.023306190625326236,0.013127675122664162,0.017982044054702995,0.012762292514876292,0.019025994362668337,0.006341998120889446,0.04562062845808539,0.013127675122664162,0.01800814281240213,0.019391376970456207,0.025550683787451716,0.001800814281240213,0.007229355882659986,0.0365121620210878,0.10914500469777638
Japan_000404.jpg,alligator crack,control,0.001800814281240213,0.0024793819814176847,0.002401085708320284,0.003601628562480426,0.00185301179663848,0.0025315794968159516,0.00185301179663848,0.0025315794968159516,0.0007568639732748721,0.006707380728677315,0.00185301179663848,0.0025315794968159516,0.0028447645892055538,0.0035755298047812924,7.829627309740057e-05,0.00020879006159306817,0.012840588787973693,0.04849149180499008
Japan_000407.jpg,alligator crack,damage,0.01980080344196439,0.04502127457272576,0.020050393401316886,0.04484299603033112,0.019848344386602962,0.04524709405975897,0.01980080344196439,0.044938077919608264,0.002270080106491716,0.053233972759038725,0.019848344386602962,0.04512824169816254,0.01980080344196439,0.03842496850412418,0.013953267251420286,0.017495067626993748,0.0041004064750766595,0.01530818417361953
Japan_000407.jpg,alligator crack,control,0.15177446575863462,0.2910337778411657,0.14971831990301648,0.2900473032399154,0.15139413820152606,0.2919727114977775,0.15437733247759633,0.29191328531697924,0.22589079845016521,0.5225700634671611,0.15493593857709953,0.292519432361121,0.14692528940550048,0.2723145308897288,0.1708146140863819,0.3444341439064394,0.23034776201003113,0.4629418336542347
Japan_000509.jpg,alligator crack,damage,0.02906436172044492,0.06505044939564035,0.028427287441027585,0.06637625262577912,0.028065704741898827,0.06563586900375357,0.03169874995695444,0.0656014325562175,0.023709494128585695,0.06200282378869796,0.03223251489376356,0.06584248768897001,0.02796239539929061,0.060435965425806676,0.042408485140672886,0.06577361479389786,0.09194531492131272,0.17548813664382382
Japan_000509.jpg,alligator crack,control,0.02677433795929612,0.07155893797995799,0.02689486552567237,0.07329797858052964,0.02649884637900754,0.07262646785357622,0.030045800475222977,0.07138675574227762,0.02358896656220944,0.10401528978270602,0.028633906126244016,0.07076689968662833,0.02629222769379111,0.06777092875099004,0.01733875133441234,0.0493302110954234,0.04740177003340335,0.11951169117393849
Japan_000611.jpg,alligator crack,damage,0.008216901581830492,0.03099033667754047,0.008432325967870991,0.02858989351880347,0.006524281405797993,0.022773435095709976,0.00895549947682649,0.03369852895919247,0.008093801932664492,0.017757124392195484,0.0062473071951744934,0.021603988428632977,0.007447528774542992,0.026743398781313474,0.00024619929833199973,0.0014156459654089985,0.004954760878931495,0.017295500707822983
Japan_000611.jpg,alligator crack,control,0.02865144334338647,0.07921462423832092,0.02714347264110297,0.07416753862251492,0.024896904043823474,0.06718163353234444,0.02880531790484397,0.08204591616913892,0.00043084877208099956,0.012186865267433988,0.023419708253831478,0.06438111651381793,0.026281775096940973,0.06998215055087093,0.0006462731581214993,0.0027389671939434973,0.007047454914753493,0.016741552286575985
Japan_000643.jpg,transverse crack,damage,0.03815580286168521,0.07701819466525349,0.03842077371489136,0.07684154742978272,0.0382441264794206,0.07710651828298887,0.03815580286168521,0.07728316551845964,0.028881822999470057,0.18609786256845082,0.0382441264794206,0.07710651828298887,0.04266030736618972,0.07684154742978272,0.00432785726903374,0.004946122593181417,0.0,0.03285638579756227
Japan_000643.jpg,transverse crack,control,0.007684154742978272,0.034269563681328385,0.007860801978449038,0.03391626921038686,0.0077724783607136545,0.03453453453453453,0.007860801978449038,0.03435788729906377,0.05352411234764176,0.20349761526232116,0.0077724783607136545,0.03453453453453453,0.011393746687864335,0.0356827415650945,0.007419183889772125,0.014396749690867338,0.0009715597950892068,0.008479067302596715
Japan_000852.jpg,transverse crack,damage,0.07172737475767779,0.08315478012447709,0.06754412815018876,0.07815529027650239,0.07060504030201,0.08218549127640037,0.07295173961840629,0.08488929701050914,0.013263952657892052,0.08335884093459851,0.07034996428935823,0.08187940006121824,0.10065299459238854,0.12070196918681766,0.014386287113559841,0.01652892561983471,0.004132231404958678,0.041577390062238546
Japan_000852.jpg,transverse crack,control,0.011529435771860014,0.018620548923579228,0.011784511784511785,0.020508111417202327,0.011937557392102846,0.01918171615141312,0.011376390164268953,0.018467503315988166,0.07591062136516682,0.1974798489950005,0.012294663809815325,0.020763187429854096,0.01688603203754719,0.028466483011937556,0.04280175492296705,0.1026936026936027,0.05708601163146618,0.08432812978267523
Japan_000852.jpg,transverse crack,damage,0.10508849557522124,0.1275811209439528,0.10275319567354965,0.1264749262536873,0.1045968534906588,0.12696656833824976,0.10631760078662733,0.130039331366765,0.029744346116027533,0.06649459193706982,0.10631760078662733,0.130039331366765,0.12118977384464111,0.15019665683382497,0.008357915437561455,0.01327433628318584,0.008480825958702065,0.037856440511307765
Japan_000852.jpg,transverse crack,control,0.012782694198623401,0.024582104228121928,0.013028515240904622,0.024336283185840708,0.012905604719764012,0.024090462143559487,0.01327433628318584,0.024459193706981318,0.0020894788593903636,0.035644051130776795,0.01327433628318584,0.024459193706981318,0.02003441494591937,0.03392330383480826,0.0006145526057030481,0.005039331366764995,0.0,0.007743362831858407
Japan_000852.jpg,longitudinal crack,damage,0.13996010638297873,0.21043882978723405,0.1356382978723404,0.20113031914893617,0.1373005319148936,0.21143617021276595,0.14793882978723405,0.2154255319148936,0.0013297872340425532,0.03756648936170213,0.14461436170212766,0.21210106382978725,0.1745345744680851,0.2579787234042553,0.01363031914893617,0.06050531914893617,0.016622340425531915,0.04454787234042553
Japan_000852.jpg,longitudinal crack,control,0.002327127659574468,0.0764627659574468,0.0026595744680851063,0.07746010638297872,0.002327127659574468,0.07613031914893617,0.002327127659574468,0.0764627659574468,0.013962765957446808,0.04022606382978723,0.0026595744680851063,0.07779255319148937,0.006981382978723404,0.08776595744680851,0.0019946808510638296,0.03856382978723404,0.02526595744680851,0.02526595744680851
Japan_000881.jpg,alligator crack,damage,0.05408273448263023,0.09474252522619801,0.05002420225639498,0.0877983393528689,0.04423427784190342,0.07675838701269688,0.04698961164687046,0.0823435231038463,0.010984100979260529,0.04559332762408311,0.05296570726440034,0.09027441635327847,0.03887254719439997,0.06540194362735972,0.0006702163309379306,0.0011356443385337157,0.023327251740700748,0.04030606545779499
Japan_000881.jpg,alligator crack,control,0.019808616003276613,0.088449938563503,0.018784674386565885,0.07990468034404438,0.016085191942510332,0.07420784153107197,0.015321890010053244,0.078731801764903,0.041087984510555904,0.12233309751647616,0.020367129612391555,0.08616003276613174,0.01750009308560152,0.07059612019212869,0.013478795099973935,0.027516103809062813,0.014484119596380832,0.06268384406300033
Japan_000896.jpg,alligator crack,damage,0.009551872314303253,0.030988336402701044,0.008250460405156538,0.030006138735420504,0.009797421731123388,0.03107427869858809,0.00956414978514426,0.031062001227747084,0.016586863106200122,0.06238182934315531,0.009760589318600368,0.03107427869858809,0.010497237569060774,0.026973603437691836,0.012866789441375077,0.0378146101903008,0.03834254143646409,0.10130141190914671
Japan_000896.jpg,alligator crack,control,0.08901166359729895,0.18572130141190915,0.08223449969306323,0.17974217311233887,0.09031307550644567,0.18697360343769184,0.089085328422345,0.18667894413750769,0.212694904849601,0.4939472068753837,0.09098833640270104,0.18913443830570903,0.08920810313075507,0.17677102516881524,0.17441375076734192,0.303621853898097,0.14081031307550645,0.33756906077348064
Japan_001063.jpg,alligator crack,damage,0.01362770126928194,0.01801445471216425,0.013483873287548092,0.017690841753263097,0.013555787278415016,0.017942540721297327,0.013735572255582324,0.01801445471216425,7.191399086692315e-05,0.01564129301355579,0.011038797598072705,0.013843443241882709,0.013268131314947322,0.016072776958757327,0.0055373772967530835,0.00568120527848693,0.018805508611700408,0.037611017223400815
Japan_001063.jpg,alligator crack,control,0.03797058717773543,0.0895688756247528,0.03595699543346158,0.08902952069325087,0.03717953327819928,0.08982057459278703,0.03930099600877351,0.08899356369781741,0.09866599546941858,0.2168566394592068,0.030419618136708498,0.07457480852899932,0.03642443637409658,0.08014814282118586,0.0686059472870447,0.1344072489302794,0.12865412966092554,0.25547445255474455
Japan_001063.jpg,alligator crack,damage,0.013268057329360011,0.018731375053214133,0.013268057329360011,0.018660422874982263,0.013480913864055626,0.018944231587909748,0.01319710515112814,0.018731375053214133,7.095217823187172e-05,0.019653753370228465,0.010146161487157655,0.01397757911167873,0.013551866042287497,0.01738328366680857,0.013480913864055626,0.013480913864055626,0.08762594011636157,0.14431673052362706
Japan_001063.jpg,alligator crack,control,0.012700439903505037,0.052646516248048815,0.015751383567475522,0.044770824464311056,0.012842344259968781,0.0519369944657301,0.010997587625940117,0.05555555555555555,0.011919965942954448,0.10940825883354618,0.008301404853128991,0.047112246345962824,0.011778061586490706,0.04498368099900667,0.029587058322690506,0.06314743862636583,0.0556974599120193,0.19582801191996593
Japan_001066.jpg,longitudinal crack,damage,0.00726234190126479,0.024071807425540596,0.005834353325173398,0.021909424724602205,0.007670338637290902,0.026601387188902488,0.00828233374133007,0.022072623419012647,0.0028559771521827824,0.0744594043247654,0.008159934720522236,0.026111791105671155,0.0032639738882088943,0.01562627498980008,0.009791921664626682,0.011260709914320686,0.05271317829457364,0.08718890248878008
Japan_001066.jpg,longitudinal crack,control,0.00012239902080783354,0.0037535699714402286,4.0799673602611176e-05,0.003631170950632395,0.00012239902080783354,0.0037943696450428396,8.159934720522235e-05,0.0036719706242350062,0.0,0.059077927376580984,0.00012239902080783354,0.003712770297837617,4.0799673602611176e-05,0.00277437780497756,0.0024071807425540596,0.0024071807425540596,0.11007751937984496,0.13345573235414115
Japan_001066.jpg,transverse crack,damage,0.0010384215991692627,0.0024229837313949464,0.00034614053305642093,0.0017307026652821046,0.0010384215991692627,0.0027691242644513675,0.0006922810661128419,0.0020768431983385254,0.0,0.007268951194184839,0.0006922810661128419,0.0020768431983385254,0.0,0.0013845621322256837,0.0,0.0,0.003461405330564209,0.003461405330564209
Japan_001066.jpg,transverse crack,control,0.0017307026652821046,0.12011076497057806,0.0017307026652821046,0.09622706818968502,0.0017307026652821046,0.1208030460366909,0.0017307026652821046,0.122533748701973,0.06888196607822776,0.2613361024575978,0.0017307026652821046,0.1242644513672551,0.0006922810661128419,0.10972654897888542,0.0,0.05019037729318103,0.08653513326410522,0.2184146763586016
Japan_001066.jpg,transverse crack,damage,0.0011627906976744186,0.001937984496124031,0.0007751937984496124,0.0015503875968992248,0.0011627906976744186,0.001937984496124031,0.0011627906976744186,0.002325581395348837,0.0,0.014728682170542635,0.0011627906976744186,0.001937984496124031,0.0,0.0003875968992248062,0.0,0.0,0.02248062015503876,0.02248062015503876
Japan_001066.jpg,transverse crack,control,0.0003875968992248062,0.001937984496124031,0.0,0.0011627906976744186,0.0003875968992248062,0.001937984496124031,0.0003875968992248062,0.0015503875968992248,0.0,0.009689922480620155,0.0003875968992248062,0.001937984496124031,0.0,0.0007751937984496124,0.0,0.0,0.017054263565891473,0.020155038759689922
Japan_001134.jpg,transverse crack,damage,0.07264957264957266,0.10757020757020758,0.07203907203907203,0.10695970695970695,0.07423687423687424,0.10891330891330891,0.07240537240537241,0.10757020757020758,0.00866910866910867,0.050183150183150185,0.07423687423687424,0.10891330891330891,0.09230769230769231,0.13333333333333333,0.008547008547008548,0.010744810744810745,0.06275946275946276,0.0713064713064713
Japan_001134.jpg,transverse crack,control,0.0019536019536019536,0.031746031746031744,0.0020757020757020757,0.0315018315018315,0.0019536019536019536,0.03211233211233211,0.0018315018315018315,0.03137973137973138,0.005738705738705739,0.038461538461538464,0.0019536019536019536,0.03199023199023199,0.003907203907203907,0.04065934065934066,0.02197802197802198,0.03333333333333333,0.021367521367521368,0.07557997557997558
Japan_001134.jpg,transverse crack,damage,0.06829209121785541,0.09716157205240175,0.06622998544395925,0.09412906356137797,0.0673216885007278,0.0963124696749151,0.06901989325570111,0.09801067442988841,0.0,0.006428918000970403,0.0675642891800097,0.09643377001455604,0.07180980106744299,0.103954391072295,0.016132945172246484,0.02171276079573023,0.0,0.0066715186802523046
Japan_001134.jpg,transverse crack,control,0.026200873362445413,0.053372149442018436,0.028384279475982533,0.055312954876273655,0.026928675400291122,0.053372149442018436,0.026200873362445413,0.05458515283842795,0.0,0.026079573022804465,0.027292576419213975,0.05458515283842795,0.038452207666181466,0.06962639495390587,0.03178068898592916,0.035540999514798645,0.005579815623483746,0.0547064531780689
Japan_001134.jpg,transverse crack,damage,0.051251956181533644,0.11365414710485133,0.053305946791862284,0.1153169014084507,0.05301251956181534,0.11688184663536776,0.04763302034428795,0.10895931142410016,0.02014866979655712,0.09154929577464789,0.053305946791862284,0.11482785602503913,0.06621674491392801,0.14329029733959311,0.03716744913928013,0.054773082942097026,0.028364632237871674,0.05937010954616589
Japan_001134.jpg,transverse crack,control,0.011834898278560251,0.03726525821596244,0.01085680751173709,0.03433098591549296,0.012715179968701095,0.0388302034428795,0.012421752738654148,0.03775430359937402,0.09546165884194054,0.23190532081377152,0.012715179968701095,0.0388302034428795,0.01741001564945227,0.05506651017214397,0.061815336463223784,0.11668622848200313,0.016236306729264474,0.06592331768388106
Japan_001180.jpg,alligator crack,damage,0.02379006073570419,0.0439894571985179,0.02409564918446083,0.04602926009396845,0.02416440658543107,0.0441346117116773,0.023935215248863592,0.04450895756140418,0.06100309408304366,0.17119064899346806,0.02405745062836625,0.04426448680239887,0.026670231865235493,0.04457007525115551,0.06661828182894687,0.1105771801825891,0.055724053630772756,0.14916536154933344
Japan_001180.jpg,alligator crack,control,0.05124718285648802,0.13769051529852172,0.04431796478093128,0.13026471599373543,0.05558653882883227,0.1425340922113144,0.049971351082929064,0.13760647847511365,0.3462240727300508,0.7174147217235188,0.05620535543756446,0.14657549944612094,0.056877650024829064,0.14374116658390312,0.286237060239123,0.5514190763589136,0.2963902364490622,0.6185644982619657
Japan_001239.jpg,longitudinal crack,damage,0.06727518593644355,0.1017579445571332,0.04496281271129141,0.06152805949966193,0.06693711967545639,0.10040567951318459,0.06795131845841786,0.10209601081812035,0.08823529411764706,0.12339418526031103,0.04496281271129141,0.06152805949966193,0.05172413793103448,0.06795131845841786,0.0,0.0067613252197430695,0.0341446923597025,0.13928329952670723
Japan_001239.jpg,longitudinal crack,control,0.025016903313049357,0.025693035835023664,0.012846517917511832,0.012846517917511832,0.025016903313049357,0.025693035835023664,0.025016903313049357,0.025693035835023664,0.0,0.0,0.012846517917511832,0.012846517917511832,0.016227180527383367,0.016227180527383367,0.0,0.0,0.0,0.0
Japan_001239.jpg,transverse crack,damage,0.10021474588403723,0.17465998568360774,0.07158196134574088,0.11274158911954188,0.10057265569076593,0.17644953471725125,0.10021474588403723,0.17644953471725125,0.04187544738725841,0.1395848246241947,0.07229778095919828,0.11345740873299928,0.0819613457408733,0.1317108088761632,0.012884753042233358,0.027559055118110236,0.03829634931997137,0.10952040085898354
Japan_001239.jpg,transverse crack,control,0.0014316392269148174,0.011095204008589835,0.0,0.0021474588403722263,0.0014316392269148174,0.011095204008589835,0.0014316392269148174,0.011095204008589835,0.007516105941302791,0.02111667859699356,0.0,0.0021474588403722263,0.00035790980672870435,0.0032211882605583395,0.0,0.0,0.012168933428775949,0.017537580529706515
Japan_001262.jpg,pothole,damage,0.0037418721629247946,0.0155195681511471,0.002699055330634278,0.013740645319592688,0.003803214329530119,0.01582627898417372,0.0038645564961354434,0.016194331983805668,0.003067108330266225,0.13538216169795117,0.0038645564961354434,0.016194331983805668,0.0072997178260336155,0.014599435652067231,0.058029689608636977,0.11924917188075083,0.07992884308673782,0.24328303275671698
Japan_001262.jpg,pothole,control,0.006195558827137774,0.018218623481781375,0.0017789228315544105,0.013617960986382039,0.006747638326585695,0.01883204514783462,0.0066862961599803705,0.01883204514783462,0.0,0.11949454054717212,0.0066862961599803705,0.01883204514783462,0.012513801987486198,0.017666543982333457,0.028524107471475893,0.05238621028094712,0.027051895472948104,0.07256778309409888
Japan_001625.jpg,longitudinal crack,damage,0.04105445116681072,0.044295592048401035,0.016421780466724288,0.019878997407087293,0.04062229904926534,0.04364736387208297,0.04407951598962835,0.04732065687121867,0.0,0.026145203111495246,0.037165082108902334,0.04019014693171997,0.04386343993085566,0.04732065687121867,0.0,0.0,0.04191875540190147,0.04191875540190147
Japan_001625.jpg,longitudinal crack,control,0.11624891961970614,0.1205704407951599,0.09572169403630078,0.09939498703543648,0.11624891961970614,0.11992221261884184,0.11560069144338807,0.12013828867761452,0.0023768366464995676,0.06439066551426102,0.11365600691443388,0.11797752808988764,0.11776145203111495,0.12121866897147796,0.011668107173725151,0.011668107173725151,0.07692307692307693,0.12337942955920483
Japan_001625.jpg,longitudinal crack,damage,0.06192307692307692,0.06192307692307692,0.045,0.045,0.05961538461538462,0.05961538461538462,0.06461538461538462,0.06461538461538462,0.0,0.013846153846153847,0.05730769230769231,0.05730769230769231,0.06307692307692307,0.06307692307692307,0.0,0.0,0.07115384615384615,0.075
Japan_001625.jpg,longitudinal crack,control,0.09153846153846154,0.13653846153846153,0.0876923076923077,0.12846153846153846,0.09230769230769231,0.13230769230769232,0.0926923076923077,0.14846153846153845,0.0057692307692307696,0.030384615384615385,0.09346153846153846,0.145,0.09423076923076923,0.135,0.0007692307692307692,0.04576923076923077,0.019230769230769232,0.026153846153846153
Japan_001665.jpg,longitudinal crack,damage,0.013598673300165837,0.027197346600331674,0.011608623548922056,0.025373134328358207,0.013764510779436153,0.02736318407960199,0.013266998341625208,0.026533996683250415,0.0038142620232172473,0.056716417910447764,0.013764510779436153,0.02736318407960199,0.02437810945273632,0.04029850746268657,0.034328358208955224,0.038308457711442784,0.013101160862354893,0.013432835820895522
Japan_001665.jpg,longitudinal crack,control,0.02155887230514096,0.03167495854063018,0.013266998341625208,0.02769485903814262,0.023051409618573798,0.032669983416252074,0.022388059701492536,0.03134328358208955,0.018076285240464344,0.05124378109452736,0.02437810945273632,0.033665008291873966,0.03864013266998342,0.05041459369817579,0.023383084577114428,0.031840796019900496,0.021724709784411277,0.03499170812603648
Japan_001690.jpg,transverse crack,damage,0.07391456917727374,0.14422432768686,0.07225571825055029,0.143745812996459,0.0746163907231952,0.14498995119150157,0.07391456917727374,0.1447666443359811,0.010176412415861168,0.060771365680926406,0.0744249848470348,0.1448623472740613,0.0914920088046703,0.1772099403451686,0.019619102306440806,0.05825118831148116,0.09021596963026765,0.1263916802245829
Japan_001690.jpg,transverse crack,control,0.008421858551057518,0.059208217692283155,0.009729798704820238,0.05955912846524388,0.00858136344785785,0.05955912846524388,0.009059878138258844,0.05997384119692475,0.0068906115417743325,0.049159409193862254,0.00893227422081858,0.059910039238204614,0.021501260088684724,0.08574983251985836,0.021628864006124987,0.06922512521134398,0.03767505662423836,0.10948416116374772
Japan_001690.jpg,transverse crack,damage,0.059033989266547404,0.08318425760286226,0.059033989266547404,0.08318425760286226,0.06082289803220036,0.08497316636851521,0.06440071556350627,0.0885509838998211,0.0,0.0,0.061717352415026835,0.08586762075134168,0.06529516994633273,0.08944543828264759,0.016100178890876567,0.18336314847942756,0.1851520572450805,0.2075134168157424
Japan_001690.jpg,transverse crack,control,0.07871198568872988,0.295169946332737,0.06797853309481217,0.28711985688729874,0.08318425760286226,0.29874776386404295,0.07602862254025045,0.2924865831842576,0.08765652951699464,0.1037567084078712,0.07602862254025045,0.2924865831842576,0.09302325581395349,0.3211091234347048,0.014311270125223614,0.07602862254025045,0.167262969588551,0.16905187835420393
Japan_001690.jpg,transverse crack,damage,0.006969919295671314,0.006969919295671314,0.006603081438004402,0.006603081438004402,0.006603081438004402,0.006603081438004402,0.0062362435803374906,0.0062362435803374906,0.0,0.0,0.0062362435803374906,0.0062362435803374906,0.007703595011005136,0.007703595011005136,0.021643433602347762,0.10564930300807043,0.00036683785766691124,0.004035216434336023
Japan_001690.jpg,transverse crack,control,0.11885546588407923,0.22817314746881878,0.10968451944240645,0.22193690388848128,0.11958914159941306,0.22817314746881878,0.12289068231841525,0.22964049889948643,0.07300073367571533,0.08987527512839324,0.12289068231841525,0.23074101247248716,0.1272927366104182,0.2384446074834923,0.0748349229640499,0.14196625091709464,0.13866471019809246,0.18085106382978725
Japan_001690.jpg,transverse crack,damage,0.021347248576850095,0.04435483870967742,0.020872865275142316,0.04506641366223909,0.021347248576850095,0.04459203036053131,0.021347248576850095,0.04411764705882353,0.009013282732447819,0.010436432637571158,0.020872865275142316,0.04364326375711575,0.024430740037950663,0.04791271347248577,0.0004743833017077799,0.0030834914611005695,0.03747628083491461,0.03747628083491461
Japan_001690.jpg,transverse crack,control,0.004981024667931689,0.008776091081593928,0.004506641366223909,0.008301707779886147,0.004981024667931689,0.008538899430740038,0.004981024667931689,0.009487666034155597,0.0,0.0,0.004981024667931689,0.009487666034155597,0.006166982922201139,0.011148007590132828,0.00023719165085388995,0.00023719165085388995,0.0,0.0
Japan_001690.jpg,transverse crack,damage,0.041330398630472,0.052090975788701394,0.03741746148202495,0.0491562729273661,0.04426510149180729,0.05527023722181462,0.033993641477133775,0.04450966006358523,0.003668378576669112,0.012961604304230863,0.034482758620689655,0.044998777207141114,0.05086818292981169,0.06260699437515285,0.07214477867449254,0.14037662020053804,0.02959158718513084,0.043775984348251404
Japan_001690.jpg,transverse crack,control,0.10026901442895574,0.15994130594277328,0.05184641721692345,0.11983370017119101,0.1036928344338469,0.16507703595011006,0.10980679872829542,0.16678894595255564,0.012717045732452923,0.06236243580337491,0.1090731230129616,0.16629982880899977,0.11763267302518954,0.1821961359745659,0.0946441672780631,0.210809488872585,0.19564685742235266,0.2839325018341893
Japan_001713.jpg,longitudinal crack,damage,0.008761066006146507,0.014173661758634925,0.00944910783908995,0.014265400669694051,0.00899041328379432,0.014219531214164487,0.008348240906380441,0.014403009036282739,0.0005045640108251915,0.01954038805559378,0.008761066006146507,0.014540617402871428,0.010183019127562956,0.014127792303105362,0.03839273427824412,0.07302417320306408,0.027934498417503784,0.07761111875602036
Japan_001713.jpg,longitudinal crack,control,0.007155635062611807,0.05591486629053713,0.005733681941195358,0.05366726296958855,0.007384982340259621,0.05660290812348057,0.006972157240493555,0.040915554332370076,0.048392275583688825,0.13591119673409477,0.007384982340259621,0.04215402963166827,0.007889546351084813,0.0515113985596991,0.06389615155268107,0.109444520893537,0.01362322829228017,0.06582266868492272
Japan_001806.jpg,transverse crack,damage,0.015570934256055362,0.022606689734717418,0.015570934256055362,0.02249134948096886,0.01568627450980392,0.022722029988465973,0.018108419838523643,0.02629757785467128,0.1229527104959631,0.26920415224913496,0.01568627450980392,0.022722029988465973,0.026758938869665513,0.04244521337946944,0.04913494809688582,0.0502883506343714,0.0,0.039561707035755476
Japan_001806.jpg,transverse crack,control,0.0034602076124567475,0.0209919261822376,0.004036908881199538,0.021453287197231833,0.0034602076124567475,0.0209919261822376,0.006228373702422145,0.026066897347174163,0.059630911188004614,0.2253748558246828,0.0034602076124567475,0.0209919261822376,0.01245674740484429,0.043137254901960784,0.011418685121107266,0.01257208765859285,0.0,0.013610149942329872
Japan_001874.jpg,longitudinal crack,damage,0.01166267942583732,0.09360047846889952,0.011961722488038277,0.09330143540669857,0.01166267942583732,0.09360047846889952,0.011363636363636364,0.09360047846889952,0.05472488038277512,0.21471291866028708,0.01166267942583732,0.09300239234449761,0.016148325358851676,0.10227272727272728,0.0,0.0005980861244019139,0.0,0.0
Japan_001874.jpg,longitudinal crack,control,0.0011961722488038277,0.0029904306220095694,0.0026913875598086126,0.009569377990430622,0.0008971291866028708,0.0017942583732057417,0.0008971291866028708,0.0023923444976076554,0.046052631578947366,0.14114832535885166,0.0008971291866028708,0.0020933014354066986,0.00388755980861244,0.01076555023923445,0.0023923444976076554,0.005681818181818182,0.0,0.08044258373205741
Japan_002104.jpg,alligator crack,damage,0.008321831614841277,0.04104083786636356,0.008078265811480068,0.04091905496468296,0.00840302021596168,0.04112202646748397,0.008281237314281075,0.04112202646748397,0.002679223836973289,0.0240318259316392,0.00840302021596168,0.04116262076804417,0.011041649752374767,0.043151741495494035,0.014410976698871479,0.053746853941706585,0.03198830884143866,0.04562799382966631
Japan_002104.jpg,alligator crack,control,0.03633189900138021,0.10749370788341317,0.02894373629942356,0.0994966306730535,0.04104083786636356,0.1144759275797678,0.030973451327433628,0.10168872290330437,0.20845173337663392,0.47418202484371197,0.04132499797028497,0.11545019079321263,0.054233985548429,0.13047008200048713,0.2381261670861411,0.488714784444264,0.23252415360883333,0.5267922383697329
Japan_002104.jpg,transverse crack,damage,0.04888257127063097,0.049593303324646607,0.04477611940298507,0.04556582168522467,0.04911948195530285,0.04975124378109453,0.04927742241175077,0.049988154465766405,0.0,0.0656242596541104,0.048645660585959094,0.04927742241175077,0.05125167811734976,0.05180446971491748,0.05283108268182895,0.1329858643291479,0.13424938798073127,0.19789939192924266
Japan_002104.jpg,transverse crack,control,0.004659243465213615,0.03608939429834952,0.005685856432125089,0.03719497749348496,0.0045013030087656955,0.03577351338545368,0.00544894574745321,0.03774776909105267,0.03948511411197978,0.06957277106530838,0.0045013030087656955,0.03585248361367764,0.005054094606333413,0.03608939429834952,0.09326383953249624,0.1922135354971176,0.06507146805654268,0.13796098870725737
Japan_002104.jpg,transverse crack,damage,0.02158273381294964,0.05259240883155544,0.02009426941205656,0.05160009923096006,0.021830811213098485,0.0523443314314066,0.02232696601339618,0.05358471843215083,0.03745968742247581,0.09154056065492433,0.021830811213098485,0.0523443314314066,0.024311585214586953,0.054825105432895066,0.07615976184569585,0.17539072190523444,0.1116348300669809,0.17390225750434135
Japan_002104.jpg,transverse crack,control,0.06127511783676507,0.12999255767799553,0.06400396923840238,0.12255023567353014,0.05432895063259737,0.14710989828826593,0.07343091044405854,0.13098486727859093,0.2056561647233937,0.47258744728355245,0.06053088563631853,0.11213098486727859,0.058794343835276604,0.11932522947159514,0.33391218060034733,0.728603324237162,0.353758372612255,0.7357975688414785
Japan_002104.jpg,transverse crack,damage,0.032679738562091505,0.032679738562091505,0.03159041394335512,0.03159041394335512,0.032679738562091505,0.032679738562091505,0.0332244008714597,0.0332244008714597,0.0,0.04793028322440087,0.032679738562091505,0.032679738562091505,0.03540305010893246,0.03540305010893246,0.034858387799564274,0.049564270152505446,0.09041394335511982,0.15250544662309368
Japan_002104.jpg,transverse crack,control,0.0,0.0,0.0,0.0,0.0,0.0,0.0,0.0,0.0,0.0010893246187363835,0.0,0.0,0.0,0.0,0.003812636165577342,0.008169934640522876,0.013616557734204794,0.034858387799564274
Japan_002195.jpg,transverse crack,damage,0.039297658862876256,0.06020066889632107,0.03971571906354515,0.06061872909698997,0.03887959866220736,0.059782608695652176,0.03887959866220736,0.05936454849498328,0.038461538461538464,0.061872909698996656,0.039297658862876256,0.06020066889632107,0.05100334448160535,0.07190635451505016,0.00794314381270903,0.00794314381270903,0.07525083612040134,0.08235785953177258
Japan_002195.jpg,transverse crack,control,0.010033444816053512,0.016304347826086956,0.0112876254180602,0.01797658862876254,0.010033444816053512,0.016304347826086956,0.010033444816053512,0.016304347826086956,0.01254180602006689,0.022993311036789296,0.010033444816053512,0.016304347826086956,0.012123745819397994,0.022157190635451504,0.013795986622073578,0.013795986622073578,0.059782608695652176,0.0677257525083612
Japan_002195.jpg,transverse crack,damage,0.06277436347673397,0.07287093942054433,0.06233538191395961,0.07243195785776997,0.06189640035118525,0.0733099209833187,0.06760316066725197,0.07726075504828797,0.0013169446883230904,0.01141352063213345,0.06760316066725197,0.07726075504828797,0.07418788410886742,0.08604038630377524,0.0,0.0,0.0,0.007023705004389816
Japan_002195.jpg,transverse crack,control,0.08384547848990342,0.1769095697980685,0.08516242317822652,0.1769095697980685,0.08296751536435469,0.17603160667251974,0.08472344161545214,0.1777875329236172,0.0004389815627743635,0.014047410008779631,0.08340649692712906,0.17647058823529413,0.08516242317822652,0.17559262510974538,0.04214223002633889,0.04214223002633889,0.09043020193151888,0.09043020193151888
Japan_002306.jpg,alligator crack,damage,0.057481623905946445,0.10146407899216887,0.06391075326964289,0.10861423220973783,0.05758176610787318,0.10177451981814176,0.05580924913376995,0.09966151935748763,0.03898535921007831,0.10258567165374832,0.06075627390895071,0.10725229826353422,0.0685373229986581,0.11830799735624586,0.04414268260930521,0.07911233952212142,0.07176190190069899,0.193164293296481
Japan_002306.jpg,alligator crack,control,0.20523142862865268,0.39358889623265036,0.20046465981694006,0.3870095535660638,0.20539165615173546,0.39442007650864225,0.20778505477778444,0.3966832902721865,0.1086242464299305,0.2945482585271085,0.2079953534018306,0.3965330769692964,0.2136433735904985,0.4061967994552264,0.13258827535099843,0.24483766949067676,0.16875963868693544,0.36268501271805964
Japan_002306.jpg,longitudinal crack,damage,0.016581632653061226,0.01721938775510204,0.01721938775510204,0.017857142857142856,0.016581632653061226,0.01721938775510204,0.016581632653061226,0.01721938775510204,0.0012755102040816326,0.05038265306122449,0.01721938775510204,0.017857142857142856,0.03316326530612245,0.03443877551020408,0.0,0.0,0.0,0.028698979591836735
Japan_002306.jpg,longitudinal crack,control,0.022321428571428572,0.058673469387755105,0.03188775510204082,0.058673469387755105,0.021683673469387755,0.05612244897959184,0.02040816326530612,0.05994897959183673,0.0625,0.19005102040816327,0.0274234693877551,0.05803571428571429,0.03443877551020408,0.09056122448979592,0.03571428571428571,0.11989795918367346,0.08801020408163265,0.16709183673469388
Japan_002306.jpg,transverse crack,damage,0.004629629629629629,0.004629629629629629,0.004629629629629629,0.004629629629629629,0.004629629629629629,0.004629629629629629,0.004629629629629629,0.004629629629629629,0.0,0.05787037037037037,0.004629629629629629,0.004629629629629629,0.011574074074074073,0.01273148148148148,0.0,0.03125,0.04861111111111111,0.04861111111111111
Japan_002306.jpg,transverse crack,control,0.0011574074074074073,0.0011574074074074073,0.0011574074074074073,0.0011574074074074073,0.0011574074074074073,0.0011574074074074073,0.0011574074074074073,0.0011574074074074073,0.0,0.05092592592592592,0.0011574074074074073,0.0011574074074074073,0.0023148148148148147,0.0023148148148148147,0.0,0.04398148148148148,0.07523148148148148,0.07523148148148148
Japan_002314.jpg,alligator crack,damage,0.020276213933849402,0.09782723434201267,0.020953553835327234,0.0892945109078114,0.02006509500351865,0.09649014778325123,0.024093947923997185,0.10663265306122449,0.032010907811400424,0.054943701618578464,0.021868402533427166,0.092945109078114,0.014303307529908516,0.07848346235045743,0.00013194933145672062,0.000360661505981703,0.006008092892329345,0.02952146375791696
Japan_002314.jpg,alligator crack,control,0.2145408163265306,0.4721323011963406,0.14807353976073187,0.3835503166783955,0.2241115411681914,0.4854064039408867,0.2165024630541872,0.4776301900070373,0.22310872624912034,0.5136083743842365,0.22527269528501057,0.48903061224489797,0.19695636875439831,0.43437719915552425,0.0933673469387755,0.17033779028852922,0.17096235045742436,0.3943173821252639
Japan_002357.jpg,pothole,damage,0.03460514640638864,0.080301685891748,0.0354924578527063,0.07985803016858918,0.034161490683229816,0.08074534161490683,0.03460514640638864,0.08251996450754215,0.009316770186335404,0.12555456965394854,0.034161490683229816,0.08074534161490683,0.038154392191659274,0.08207630878438332,0.035048802129547474,0.05723158828748891,0.05456965394853593,0.19387755102040816
Japan_002357.jpg,pothole,control,0.013753327417923691,0.0385980479148181,0.014640638864241348,0.03904170363797693,0.013753327417923691,0.0385980479148181,0.013753327417923691,0.0385980479148181,0.0044365572315882874,0.048802129547471165,0.013753327417923691,0.0385980479148181,0.016415261756876662,0.037267080745341616,0.024401064773735583,0.0354924578527063,0.01685891748003549,0.06521739130434782
Japan_002357.jpg,longitudinal crack,damage,0.013312368972746331,0.01949685534591195,0.0129979035639413,0.019182389937106917,0.013417190775681341,0.01960167714884696,0.01310272536687631,0.01928721174004193,0.0,0.015303983228511531,0.013417190775681341,0.01960167714884696,0.016142557651991615,0.0220125786163522,0.0,0.00010482180293501048,0.0006289308176100629,0.0020964360587002098
Japan_002357.jpg,longitudinal crack,control,0.02851153039832285,0.04371069182389937,0.027358490566037737,0.04381551362683438,0.02851153039832285,0.04392033542976939,0.028825995807127882,0.04371069182389937,0.0035639412997903563,0.04916142557651992,0.02840670859538784,0.04371069182389937,0.031446540880503145,0.04475890985324948,0.004926624737945493,0.010587002096436059,0.027672955974842768,0.10220125786163523
Japan_002472.jpg,alligator crack,damage,0.025231259968102073,0.036810207336523126,0.025231259968102073,0.036012759170653906,0.025103668261563,0.03668261562998405,0.025167464114832536,0.03655502392344498,0.06688995215311004,0.1565231259968102,0.02539074960127592,0.03671451355661882,0.030972886762360447,0.042583732057416265,0.016778309409888358,0.05052631578947368,0.024178628389154706,0.06385964912280702
Japan_002472.jpg,alligator crack,control,0.0034768740031897926,0.011547049441786283,0.003444976076555024,0.011451355661881978,0.0035406698564593303,0.011610845295055822,0.0034768740031897926,0.011610845295055822,0.059106858054226476,0.12889952153110049,0.0034768740031897926,0.011451355661881978,0.009154704944178629,0.01917065390749601,0.0,0.005295055821371611,0.011259968102073366,0.011259968102073366
Japan_002552.jpg,alligator crack,damage,0.006105834464043419,0.01596421302578019,0.006052832428765265,0.015900610583446405,0.006137635685210312,0.01594301221166893,0.006105834464043419,0.016123219131614654,0.0007208276797829036,0.04628137720488467,0.006127035278154681,0.015911210990502037,0.008013907734056988,0.015805206919945726,0.0325538500678426,0.06613593962008141,0.03311567164179104,0.0769271540027137
Japan_002552.jpg,alligator crack,control,0.00025440976933514245,0.011342435549525102,0.0002862109905020353,0.011130427408412483,0.0002968113975576662,0.011437839213025781,0.0002650101763907734,0.011681648575305292,0.0007950305291723202,0.04812584803256445,0.0002862109905020353,0.01142723880597015,0.0008480325644504749,0.009487364314789687,0.03526755427408412,0.059860498643147894,0.042147218453188605,0.08217435549525101
Japan_002552.jpg,longitudinal crack,damage,0.0023618327822390174,0.0023618327822390174,0.0023618327822390174,0.0023618327822390174,0.002834199338686821,0.002834199338686821,0.0023618327822390174,0.0023618327822390174,0.0,0.02031176192725555,0.0023618327822390174,0.0023618327822390174,0.002834199338686821,0.002834199338686821,0.0,0.03731695795937648,0.042512990080302314,0.14454416627302788
Japan_002552.jpg,longitudinal crack,control,0.000944733112895607,0.000944733112895607,0.000944733112895607,0.000944733112895607,0.000944733112895607,0.000944733112895607,0.000944733112895607,0.000944733112895607,0.0,0.017005196032120924,0.000944733112895607,0.000944733112895607,0.000944733112895607,0.000944733112895607,0.0004723665564478035,0.03353802550779405,0.0812470477090222,0.17997165800661313
Japan_002552.jpg,transverse crack,damage,0.009328358208955223,0.04617537313432836,0.009328358208955223,0.04617537313432836,0.009328358208955223,0.045242537313432835,0.009328358208955223,0.0457089552238806,0.0,0.005130597014925373,0.009328358208955223,0.045242537313432835,0.008395522388059701,0.037779850746268655,0.06436567164179105,0.06436567164179105,0.0,0.0032649253731343282
Japan_002552.jpg,transverse crack,control,0.0004664179104477612,0.09188432835820895,0.0004664179104477612,0.09468283582089553,0.0004664179104477612,0.09188432835820895,0.0013992537313432835,0.09375,0.0,0.0023320895522388058,0.0004664179104477612,0.09188432835820895,0.0004664179104477612,0.08348880597014925,0.0625,0.08255597014925373,0.002798507462686567,0.04337686567164179
Japan_002552.jpg,transverse crack,damage,0.02235294117647059,0.04352941176470588,0.02235294117647059,0.04352941176470588,0.02235294117647059,0.04352941176470588,0.02235294117647059,0.04352941176470588,0.0,0.010588235294117647,0.02235294117647059,0.04352941176470588,0.02,0.03176470588235294,0.021176470588235293,0.021176470588235293,0.0,0.0
Japan_002552.jpg,transverse crack,control,0.0035294117647058825,0.052941176470588235,0.0035294117647058825,0.05647058823529412,0.0035294117647058825,0.05176470588235294,0.002352941176470588,0.05411764705882353,0.0,0.02,0.0035294117647058825,0.05176470588235294,0.002352941176470588,0.036470588235294116,0.19647058823529412,0.2011764705882353,0.0,0.02823529411764706
Japan_002560.jpg,longitudinal crack,damage,0.0,0.0,0.0,0.0,0.0,0.0,0.0,0.0,0.0,0.0,0.0,0.0,0.0011904761904761906,0.0011904761904761906,0.02738095238095238,0.02738095238095238,0.03333333333333333,0.09642857142857143
Japan_002560.jpg,longitudinal crack,control,0.0,0.10595238095238095,0.0,0.10595238095238095,0.0,0.10714285714285714,0.0,0.10595238095238095,0.0,0.0,0.0,0.10595238095238095,0.0,0.10714285714285714,0.0,0.12380952380952381,0.0880952380952381,0.1357142857142857
Japan_002561.jpg,alligator crack,damage,0.028913211933359162,0.054872142580395196,0.03545137543587756,0.05758426966292135,0.027314994188299108,0.054533126695079426,0.029106935296396744,0.054533126695079426,0.06785160790391322,0.20210189848895777,0.02755714839209609,0.05429097249128245,0.038018209996125533,0.06848120883378535,0.07763463773731112,0.11449050755521116,0.06513948082138706,0.17459318093762108
Japan_002561.jpg,alligator crack,control,0.000823324292909725,0.0032932971716389,0.0007264626113909337,0.0030995738086013174,0.000823324292909725,0.003341728012398295,0.0008717551336691205,0.003341728012398295,0.002324680356450988,0.016030608291359938,0.000823324292909725,0.003341728012398295,0.001501356063541263,0.005569546687330492,0.006005424254165052,0.007942657884540875,0.008184812088337854,0.042231693142192946
Japan_002561.jpg,alligator crack,damage,0.022088835534213685,0.04409763905562225,0.02232893157262905,0.043937575030012006,0.022488995598239296,0.044577831132452984,0.022168867547018807,0.04409763905562225,0.0003201280512204882,0.05058023209283714,0.022488995598239296,0.044577831132452984,0.034013605442176874,0.06210484193677471,0.005122048819527811,0.015446178471388555,0.018887555022008805,0.060024009603841535
Japan_002561.jpg,alligator crack,control,0.04473789515806322,0.08067226890756303,0.04481792717086835,0.08163265306122448,0.04513805522208884,0.08131252501000401,0.044897959183673466,0.08075230092036814,0.0027210884353741495,0.06650660264105643,0.04513805522208884,0.08131252501000401,0.05586234493797519,0.09931972789115646,0.004801920768307323,0.015526210484193677,0.014645858343337335,0.06090436174469788
Japan_002845.jpg,longitudinal crack,damage,0.018147684605757195,0.027221526908635794,0.0172090112640801,0.026439299123904882,0.018460575719649562,0.02753441802252816,0.01877346683354193,0.02800375469336671,0.0,0.006727158948685858,0.01877346683354193,0.02800375469336671,0.018460575719649562,0.025344180225281603,0.009543178973717146,0.009856070087609511,0.0026595744680851063,0.004224030037546934
Japan_002845.jpg,longitudinal crack,control,0.001095118898623279,0.011107634543178974,0.001095118898623279,0.01032540675844806,0.0009386733416770963,0.01095118898623279,0.0009386733416770963,0.011107634543178974,0.00031289111389236547,0.001095118898623279,0.0009386733416770963,0.010794743429286609,0.0009386733416770963,0.008448060075093867,0.012515644555694618,0.015018773466833541,0.0,0.009230287859824781
Japan_002845.jpg,longitudinal crack,damage,0.023423423423423424,0.03886743886743887,0.022393822393822392,0.0380952380952381,0.023423423423423424,0.03835263835263835,0.023680823680823682,0.039382239382239385,0.0,0.009266409266409266,0.023680823680823682,0.039382239382239385,0.023423423423423424,0.03552123552123552,0.0,0.0005148005148005148,0.0028314028314028314,0.0028314028314028314
Japan_002845.jpg,longitudinal crack,control,0.008751608751608752,0.027284427284427284,0.008494208494208495,0.02857142857142857,0.009523809523809525,0.028314028314028315,0.008494208494208495,0.025997425997425997,0.003088803088803089,0.005920205920205921,0.00797940797940798,0.025482625482625483,0.008751608751608752,0.02496782496782497,0.0010296010296010295,0.011583011583011582,0.008751608751608752,0.017503217503217504
Japan_002871.jpg,alligator crack,damage,0.014952676369999205,0.018054561361647976,0.014912908613696015,0.018054561361647976,0.014992444126302394,0.01829316789946711,0.014793605344786447,0.017378509504493756,0.0,0.02091783981547761,0.015071979638908772,0.01837270341207349,0.014117553487632228,0.015628728227153423,3.9767756303189374e-05,3.9767756303189374e-05,0.00039767756303189377,0.00039767756303189377
Japan_002871.jpg,alligator crack,control,0.011015668495983457,0.021275749622206314,0.007317267159786845,0.01777618706752565,0.011333810546408972,0.022429014554998808,0.012089397916169569,0.02230971128608924,0.026962538773562396,0.07659269863994274,0.011413346059015351,0.022508550067605184,0.010975900739680267,0.018054561361647976,0.016145709059094886,0.023979957050823193,0.02155412391632864,0.06160025451364034
Japan_002871.jpg,alligator crack,damage,0.002826086956521739,0.0037681159420289855,0.002898550724637681,0.004057971014492754,0.003043478260869565,0.003985507246376811,0.002971014492753623,0.00391304347826087,0.012318840579710146,0.03942028985507246,0.002971014492753623,0.00391304347826087,0.003043478260869565,0.0036231884057971015,0.005797101449275362,0.005797101449275362,0.0034057971014492755,0.00782608695652174
Japan_002871.jpg,alligator crack,control,0.0014492753623188406,0.002318840579710145,0.0014492753623188406,0.002318840579710145,0.0014492753623188406,0.002318840579710145,0.0015217391304347826,0.002391304347826087,0.0,0.004710144927536232,0.0014492753623188406,0.002318840579710145,0.0013768115942028986,0.0018840579710144927,0.0,0.0,0.0,0.0
Japan_002889.jpg,alligator crack,damage,0.0033657182512144344,0.006904927133934768,0.003435114503816794,0.006904927133934768,0.003573907009021513,0.007113115891741846,0.0031922276197085355,0.006870229007633588,0.0,0.031228313671061762,0.003573907009021513,0.007113115891741846,0.004163775156141568,0.007494795281054823,0.00041637751561415684,0.004337265787647467,0.0,0.0
Japan_002889.jpg,alligator crack,control,0.07116585704371964,0.1450381679389313,0.06939625260235947,0.15121443442054128,0.07900763358778626,0.1528799444829979,0.062248438584316446,0.13362248438584318,0.006766134628730049,0.1292852185981957,0.07678695350451076,0.14937543372657877,0.07959750173490632,0.1484385843164469,0.02220680083275503,0.08448993754337265,0.0647467036780014,0.11228313671061763
Japan_003021.jpg,transverse crack,damage,0.01728395061728395,0.020370370370370372,0.022222222222222223,0.027777777777777776,0.01728395061728395,0.020370370370370372,0.017901234567901235,0.020987654320987655,0.0,0.03209876543209877,0.01728395061728395,0.020370370370370372,0.021604938271604937,0.02345679012345679,0.0012345679012345679,0.003703703703703704,0.004320987654320987,0.004320987654320987
Japan_003021.jpg,transverse crack,control,0.0006172839506172839,0.0030864197530864196,0.001851851851851852,0.008641975308641974,0.0006172839506172839,0.0030864197530864196,0.0006172839506172839,0.0030864197530864196,0.0,0.008024691358024692,0.0006172839506172839,0.0030864197530864196,0.0012345679012345679,0.0030864197530864196,0.0012345679012345679,0.0012345679012345679,0.011728395061728396,0.011728395061728396
Japan_003021.jpg,transverse crack,damage,0.025133689839572194,0.03689839572192513,0.033689839572192515,0.04919786096256684,0.025133689839572194,0.03689839572192513,0.02459893048128342,0.03582887700534759,0.0,0.07379679144385026,0.025133689839572194,0.03689839572192513,0.028877005347593583,0.03796791443850268,0.009625668449197862,0.01818181818181818,0.01764705882352941,0.02406417112299465
Japan_003021.jpg,transverse crack,control,0.011229946524064172,0.02406417112299465,0.017112299465240642,0.033689839572192515,0.011229946524064172,0.023529411764705882,0.0106951871657754,0.022994652406417113,0.0,0.03529411764705882,0.011229946524064172,0.023529411764705882,0.014973262032085561,0.025668449197860963,0.006951871657754011,0.01229946524064171,0.0042780748663101605,0.0042780748663101605
Japan_003057.jpg,transverse crack,damage,0.0211118930330753,0.04451090781140042,0.021147079521463757,0.04454609429978888,0.02142857142857143,0.04528501055594652,0.02139338494018297,0.04447572132301196,0.022519352568613652,0.05760028149190711,0.0211118930330753,0.04465165376495426,0.02864180154820549,0.057072484166080226,0.06857846586910626,0.09873328641801549,0.014109781843771992,0.019985925404644618
Japan_003057.jpg,transverse crack,control,0.005629838142153413,0.034517945109078116,0.005770584095707248,0.034834623504574246,0.0055242786769880365,0.034799437016185784,0.006263194933145672,0.03603096410978184,0.02353976073187896,0.05457424349049965,0.005770584095707248,0.03490499648135116,0.00904292751583392,0.04317382125263899,0.027093596059113302,0.09602392681210416,0.01597466572836031,0.02139338494018297
Japan_003057.jpg,transverse crack,damage,0.011250953470633105,0.020785659801678107,0.010869565217391304,0.020976353928299007,0.012013729977116704,0.02154843630816171,0.011823035850495805,0.02135774218154081,0.0005720823798627002,0.02917620137299771,0.010869565217391304,0.020976353928299007,0.015064836003051106,0.026506483600305112,0.062356979405034325,0.08218916857360793,0.008199847444698703,0.008199847444698703
Japan_003057.jpg,transverse crack,control,0.038520213577421816,0.06292906178489703,0.041952707856598014,0.06655225019069412,0.039473684210526314,0.06445461479786423,0.03813882532418002,0.06273836765827613,0.016590389016018305,0.033752860411899316,0.041952707856598014,0.06655225019069412,0.04938977879481312,0.07704042715484363,0.039282990083905414,0.05663615560640732,0.0,0.0
Japan_003139.jpg,transverse crack,damage,0.0050041701417848205,0.017097581317764805,0.0050041701417848205,0.01751459549624687,0.0050041701417848205,0.016680567139282735,0.0050041701417848205,0.017097581317764805,0.0008340283569641367,0.015012510425354461,0.0050041701417848205,0.016680567139282735,0.0045871559633027525,0.011676396997497914,0.0,0.013344453711426188,0.006672226855713094,0.0079232693911593
Japan_003139.jpg,transverse crack,control,0.0016680567139282735,0.006672226855713094,0.0016680567139282735,0.007089241034195163,0.0016680567139282735,0.006672226855713094,0.0016680567139282735,0.007089241034195163,0.0,0.03878231859883236,0.0016680567139282735,0.006672226855713094,0.0012510425354462051,0.004170141784820684,0.042118432026688905,0.042118432026688905,0.0,0.002085070892410342
Japan_003139.jpg,transverse crack,damage,0.002380952380952381,0.004166666666666667,0.0017857142857142857,0.0035714285714285713,0.002380952380952381,0.004166666666666667,0.002380952380952381,0.004166666666666667,0.0,0.002976190476190476,0.002380952380952381,0.004166666666666667,0.0005952380952380953,0.002380952380952381,0.0,0.0,0.011904761904761904,0.011904761904761904
Japan_003139.jpg,transverse crack,control,0.0,0.002976190476190476,0.0,0.002976190476190476,0.0,0.002976190476190476,0.0,0.002976190476190476,0.0,0.002976190476190476,0.0,0.002976190476190476,0.0,0.0005952380952380953,0.0,0.0,0.0,0.0005952380952380953
Japan_003139.jpg,longitudinal crack,damage,0.0073964497041420114,0.008382642998027613,0.0073964497041420114,0.008382642998027613,0.007889546351084813,0.008875739644970414,0.006903353057199211,0.007889546351084813,0.0,0.01873767258382643,0.007889546351084813,0.008875739644970414,0.005424063116370809,0.005424063116370809,0.004437869822485207,0.004437869822485207,0.0,0.0009861932938856016
Japan_003139.jpg,longitudinal crack,control,0.0,0.0,0.0,0.0004930966469428008,0.0,0.0,0.0,0.0004930966469428008,0.0,0.0004930966469428008,0.0,0.0,0.0,0.0,0.0,0.0,0.055226824457593686,0.07001972386587771
Japan_003139.jpg,longitudinal crack,damage,0.01972807251399627,0.03225806451612903,0.01972807251399627,0.03225806451612903,0.020527859237536656,0.03359104238869635,0.01999466808850973,0.03225806451612903,0.009330845107971207,0.07971207677952546,0.020527859237536656,0.03359104238869635,0.018661690215942415,0.026392961876832845,0.017062116768861636,0.025326579578778992,0.0,0.0
Japan_003139.jpg,longitudinal crack,control,0.03519061583577713,0.047454012263396426,0.03439082911223674,0.04718741668888297,0.0346574246867502,0.046654225539856035,0.034924020261263664,0.0469208211143695,0.07837909890695814,0.18475073313782991,0.03519061583577713,0.04718741668888297,0.035723806984804055,0.046654225539856035,0.035990402559317514,0.11383631031724874,0.06558251133031191,0.1306318315115969
Japan_003155.jpg,longitudinal crack,damage,0.011431623931623931,0.027457264957264957,0.011324786324786324,0.02751068376068376,0.011858974358974358,0.02783119658119658,0.009615384615384616,0.02564102564102564,0.008333333333333333,0.11800213675213675,0.011858974358974358,0.02783119658119658,0.016666666666666666,0.031036324786324787,0.020192307692307693,0.048664529914529915,0.017254273504273505,0.027243589743589744
Japan_003155.jpg,longitudinal crack,control,0.0010683760683760685,0.013087606837606838,0.0011217948717948717,0.013087606837606838,0.0010683760683760685,0.013034188034188035,0.0010683760683760685,0.013034188034188035,0.0009615384615384616,0.054754273504273504,0.0010683760683760685,0.013034188034188035,0.002510683760683761,0.01282051282051282,0.01217948717948718,0.013514957264957266,0.0018162393162393163,0.031837606837606836
Japan_003194.jpg,alligator crack,damage,0.034722444408894576,0.05971044632858743,0.03589825627899536,0.060862262038073905,0.03462645976643737,0.059718445048792194,0.03437849944008958,0.05926251799712046,0.010566309390497521,0.08856183010718285,0.035570308750599904,0.060598304271316586,0.035970244760838266,0.058934570468725,0.021380579107342826,0.03531434970404735,0.027859542473204286,0.07465205567109262
Japan_003194.jpg,alligator crack,control,0.12222044472884339,0.21525355943049113,0.11858902575587905,0.217285234362502,0.12342025275955847,0.21567749160134378,0.12274836026235802,0.215773476243801,0.1004879219324908,0.27030075187969926,0.1250039993601024,0.2180131179011358,0.11794112941929291,0.2032234842425212,0.10954247320428731,0.2186530155175172,0.16207806750919854,0.3343465045592705
Japan_003487.jpg,alligator crack,damage,0.00021090372245070126,0.00021090372245070126,0.0006327111673521037,0.0006327111673521037,0.00021090372245070126,0.00021090372245070126,0.00021090372245070126,0.00021090372245070126,0.0,0.002636296530633766,0.00021090372245070126,0.00021090372245070126,0.0009490667510281556,0.0009490667510281556,0.0,0.0,0.0,0.0
Japan_003487.jpg,alligator crack,control,0.0,0.00031635558367605187,0.0,0.0006327111673521037,0.0,0.00021090372245070126,0.0,0.00031635558367605187,0.0035853632816619215,0.04882421174733734,0.0,0.00021090372245070126,0.0,0.00021090372245070126,0.016977749657281452,0.02847200253084467,0.02203943899609828,0.11325529895602657
Japan_003487.jpg,longitudinal crack,damage,0.0,0.0009319664492078285,0.0,0.0013979496738117428,0.0,0.0009319664492078285,0.0,0.0009319664492078285,0.0,0.012115563839701771,0.0,0.0009319664492078285,0.0,0.0009319664492078285,0.0,0.0,0.0,0.0
Japan_003487.jpg,longitudinal crack,control,0.0,0.007921714818266543,0.0,0.008387698042870456,0.0,0.007921714818266543,0.0,0.007921714818266543,0.0,0.04193849021435228,0.0,0.007921714818266543,0.0,0.008387698042870456,0.0,0.00046598322460391424,0.0,0.0
Japan_003487.jpg,alligator crack,damage,0.002179598953792502,0.008064516129032258,0.0013077593722755014,0.004359197907585004,0.003269398430688753,0.008718395815170008,0.002179598953792502,0.011333914559721011,0.0023975588491717526,0.04511769834350479,0.002833478639930253,0.011115954664341761,0.006102877070619006,0.010680034873583261,0.00043591979075850045,0.021795989537925022,0.03051438535309503,0.13840453356582388
Japan_003487.jpg,alligator crack,control,0.010680034873583261,0.0976460331299041,0.012423714036617262,0.09437663469921534,0.011769834350479512,0.09742807323452485,0.013513513513513514,0.10963382737576285,0.010462074978204011,0.21338273757628595,0.014167393199651265,0.10810810810810811,0.015039232781168265,0.0989537925021796,0.032476024411508285,0.060810810810810814,0.10636442894507411,0.3345684394071491
Japan_003487.jpg,alligator crack,damage,0.0,0.0,0.00030096308186195825,0.00030096308186195825,0.0,0.0,0.0,0.0,0.0,0.0013041733547351525,0.0,0.0,0.0006019261637239165,0.0006019261637239165,0.0,0.0020064205457463883,0.002407704654895666,0.003109951845906902
Japan_003487.jpg,alligator crack,control,0.056681380417335475,0.1497792937399679,0.06621187800963081,0.16984349919743177,0.058085874799357944,0.15148475120385232,0.05236757624398074,0.14646869983948635,0.04534510433386838,0.22792937399678972,0.05718298555377207,0.1497792937399679,0.058487158908507225,0.1451645264847512,0.06330256821829855,0.10894863563402889,0.07945425361155699,0.23214285714285715
Japan_003537.jpg,longitudinal crack,damage,0.00819088319088319,0.009259259259259259,0.012464387464387465,0.013888888888888888,0.007834757834757835,0.008903133903133903,0.00819088319088319,0.009259259259259259,0.0,0.006766381766381766,0.007834757834757835,0.008903133903133903,0.013532763532763533,0.0146011396011396,0.0,0.0,0.0,0.0
Japan_003537.jpg,longitudinal crack,control,0.0,0.0007122507122507123,0.0,0.0010683760683760685,0.0,0.0007122507122507123,0.0,0.0007122507122507123,0.0,0.0,0.0,0.0007122507122507123,0.0,0.0007122507122507123,0.0,0.0,0.0,0.0
Japan_003631.jpg,longitudinal crack,damage,0.0,0.0,0.0,0.0,0.0,0.0,0.0,0.0,0.0,0.04541353383458647,0.0,0.0,0.0,0.0,0.1055639097744361,0.12180451127819548,0.0,0.0
Japan_003631.jpg,longitudinal crack,control,0.0,0.0,0.0,0.0,0.0,0.0,0.0,0.0,0.0,0.02676691729323308,0.0,0.0,0.0,0.0,0.02075187969924812,0.023157894736842106,0.0003007518796992481,0.0003007518796992481
Japan_003631.jpg,longitudinal crack,damage,0.0,0.0,0.0,0.0,0.0,0.0,0.0,0.0,0.0,0.0887041831312168,0.0,0.0,0.0,0.0,0.021801335331789073,0.038050143071263115,0.009435890448289958,0.00964027796702548
Japan_003631.jpg,longitudinal crack,control,0.0,0.0,0.0,0.0,0.0,0.0,0.0,0.0,0.0,0.10560021801335331,0.0,0.0,0.0,0.0,0.02020029976836081,0.03311077803515465,0.01355770540945633,0.016282872325929964
Japan_003643.jpg,alligator crack,damage,0.01856432981263579,0.03228859681201196,0.012863811388130015,0.027921784584937725,0.01849979564179233,0.032245574031449654,0.01824165895841848,0.03168627788413965,0.014305074536967324,0.04797040032697313,0.01839223869038656,0.03205197151891927,0.021317787768623486,0.031191515907673113,0.027771204852969647,0.05448835158216275,0.019984081571191945,0.04201174521909351
Japan_003643.jpg,alligator crack,control,0.1000279648073655,0.18402994385527136,0.09275711489233548,0.18017940499494484,0.10217910383548089,0.18620259427366792,0.09929657753780627,0.18437412609976983,0.09972680534342934,0.2983629831996042,0.10248026329941703,0.1872781637877256,0.10129713683395358,0.17359691956891174,0.15137565340847978,0.26998945941876223,0.1788887215780756,0.3656075892184912
Japan_003643.jpg,longitudinal crack,damage,0.006992009132420091,0.014697488584474885,0.004138127853881278,0.013127853881278538,0.00670662100456621,0.014269406392694063,0.007134703196347032,0.014982876712328766,0.00028538812785388126,0.01569634703196347,0.007134703196347032,0.014697488584474885,0.00884703196347032,0.013841324200913241,0.005422374429223744,0.006992009132420091,0.017408675799086757,0.04894406392694064
Japan_003643.jpg,longitudinal crack,control,0.007705479452054794,0.023401826484018264,0.001997716894977169,0.01983447488584475,0.0075627853881278535,0.023401826484018264,0.00670662100456621,0.02240296803652968,0.006135844748858447,0.0343892694063927,0.008133561643835616,0.023972602739726026,0.011986301369863013,0.02440068493150685,0.012985159817351597,0.04223744292237443,0.026541095890410957,0.054366438356164386
Japan_003716.jpg,alligator crack,damage,0.008476634606042942,0.012119887302049936,0.006509278150199164,0.011342660060235111,0.008500922957349655,0.012119887302049936,0.008330904498202662,0.011949868842902944,0.02562421062858253,0.08282327795589235,0.008573788011269795,0.012168464004663364,0.012678519382104342,0.016346060429418052,0.021883804527348682,0.043500437190323524,0.03121053142912659,0.07789274264062955
Japan_003716.jpg,alligator crack,control,0.010638297872340425,0.01707471096861945,0.0011901292140289517,0.010201107548819586,0.010516856115806859,0.017050422617312738,0.010128242494899447,0.016443213834644903,0.03062761099776547,0.06397551734188284,0.011099776547167978,0.017536189643447,0.014354415622267561,0.020280773341105604,0.029996113863790926,0.03905566890119499,0.009545322063538328,0.019770717963664627
Japan_003822.jpg,longitudinal crack,damage,0.025482747704969926,0.06685660018993353,0.026052548274770496,0.06723646723646724,0.025957581513137068,0.06790123456790123,0.02551440329218107,0.06736308958531181,0.0044950933839822725,0.02962962962962963,0.025704336815447926,0.06758467869578981,0.01304210193099082,0.035897435897435895,0.01041468819246597,0.014245014245014245,0.0014561570117125674,0.012883823994935106
Japan_003822.jpg,longitudinal crack,control,0.018233618233618232,0.06622348844571067,0.019151630262741373,0.06736308958531181,0.01832858499525166,0.06660335549224439,0.01899335232668566,0.06723646723646724,0.045584045584045586,0.08664134219689776,0.018613485280151946,0.06660335549224439,0.008800253244697688,0.0393795504906616,0.02880658436213992,0.04577397910731244,0.008135485913263692,0.03640392529281418
Japan_003865.jpg,pothole,damage,0.057634408602150536,0.09978494623655915,0.057634408602150536,0.09505376344086021,0.05806451612903226,0.09935483870967741,0.057634408602150536,0.10236559139784947,0.03225806451612903,0.2486021505376344,0.05806451612903226,0.1010752688172043,0.07612903225806451,0.11526881720430107,0.06709677419354838,0.1513978494623656,0.09161290322580645,0.2756989247311828
Japan_003865.jpg,pothole,control,0.03655913978494624,0.08989247311827957,0.036989247311827955,0.08860215053763441,0.03655913978494624,0.08989247311827957,0.03655913978494624,0.09118279569892473,0.0,0.08602150537634409,0.036989247311827955,0.09032258064516129,0.04086021505376344,0.09290322580645162,0.013763440860215054,0.030107526881720432,0.004301075268817204,0.03354838709677419
Japan_003865.jpg,alligator crack,damage,0.02690537084398977,0.03273657289002557,0.027263427109974425,0.03309462915601023,0.02680306905370844,0.03268542199488491,0.02690537084398977,0.0329923273657289,0.00035805626598465475,0.06705882352941177,0.02680306905370844,0.03268542199488491,0.03324808184143223,0.03744245524296675,0.030434782608695653,0.04869565217391304,0.004245524296675192,0.010895140664961637
Japan_003865.jpg,alligator crack,control,0.010025575447570333,0.018823529411764704,0.010025575447570333,0.0189769820971867,0.010179028132992327,0.01887468030690537,0.010025575447570333,0.01887468030690537,0.0008695652173913044,0.048797953964194375,0.009974424552429667,0.018670076726342712,0.011713554987212276,0.01918158567774936,0.011304347826086957,0.03156010230179028,0.0052173913043478265,0.023273657289002558
Japan_003947.jpg,longitudinal crack,damage,0.037319422150882825,0.0377207062600321,0.03089887640449438,0.03170144462279294,0.0377207062600321,0.03812199036918138,0.040930979133226325,0.0413322632423756,0.010032102728731942,0.020064205457463884,0.040930979133226325,0.0413322632423756,0.05738362760834671,0.05898876404494382,0.048956661316211875,0.05056179775280899,0.052568218298555375,0.06621187800963081
Japan_003947.jpg,longitudinal crack,control,0.0,0.001203852327447833,0.0,0.001203852327447833,0.0,0.001203852327447833,0.0004012841091492777,0.0016051364365971107,0.0,0.0,0.0004012841091492777,0.0016051364365971107,0.0008025682182985554,0.002407704654895666,0.04654895666131621,0.05096308186195827,0.0,0.01765650080256822
Japan_003947.jpg,longitudinal crack,damage,0.04598506069094305,0.04598506069094305,0.035247432306255835,0.035247432306255835,0.04668534080298786,0.04668534080298786,0.056022408963585436,0.056022408963585436,0.00980392156862745,0.012605042016806723,0.056022408963585436,0.056022408963585436,0.08520074696545285,0.08520074696545285,0.08239962651727357,0.0842670401493931,0.050186741363211954,0.052754435107376284
Japan_003947.jpg,longitudinal crack,control,0.006535947712418301,0.006535947712418301,0.005368814192343604,0.005368814192343604,0.008636788048552755,0.008636788048552755,0.006535947712418301,0.006535947712418301,0.0,0.008870214752567693,0.006535947712418301,0.006535947712418301,0.011204481792717087,0.011204481792717087,0.04318394024276377,0.13655462184873948,0.014005602240896359,0.03338001867413632
Japan_003947.jpg,longitudinal crack,damage,0.020318633110136226,0.024474717155391363,0.018702378203648118,0.023089355806972984,0.01985684599399677,0.024012930039251906,0.022165781574694066,0.026321865619949203,0.009235742322789195,0.021473100900484876,0.022165781574694066,0.026321865619949203,0.03417224659432002,0.03994458554606326,0.04802586007850381,0.06234126067882706,0.02978526899099515,0.04756407296236435
Japan_003947.jpg,longitudinal crack,control,0.00023089355806972986,0.005541445393673516,0.00023089355806972986,0.005541445393673516,0.00023089355806972986,0.005541445393673516,0.00023089355806972986,0.005310551835603787,0.00023089355806972986,0.0006926806742091896,0.00023089355806972986,0.005310551835603787,0.0020780420226275687,0.009235742322789195,0.04664049873008543,0.09374278457631031,0.0,0.0
Japan_003947.jpg,alligator crack,damage,0.014196726061132842,0.08018252933507171,0.013472403302911778,0.07945820657685064,0.01361726785455599,0.07960307112849485,0.01361726785455599,0.07960307112849485,0.08728089236563813,0.1613066782558308,0.013472403302911778,0.07945820657685064,0.019049688541213965,0.09068520932927712,0.1303056642039693,0.13675213675213677,0.00927133130522961,0.03541938287701
Japan_003947.jpg,alligator crack,control,0.045125307837172245,0.20998116760828625,0.029842097638707807,0.1910763436187165,0.04751557293930175,0.21360278139939157,0.04679125018108069,0.21237143271041575,0.34383601332753877,0.639649427785021,0.04751557293930175,0.21338548457192524,0.04418368825148486,0.21765898884542953,0.18129798638273215,0.275894538606403,0.11024192380124584,0.3230479501665942
Japan_004023.jpg,longitudinal crack,damage,0.006896551724137931,0.02375478927203065,0.004980842911877395,0.014431673052362707,0.006768837803320562,0.023499361430395913,0.005236270753512133,0.018901660280970626,0.040485312899106,0.1342273307790549,0.006130268199233717,0.018518518518518517,0.007151979565772669,0.022222222222222223,0.04853128991060025,0.08492975734355045,0.014431673052362707,0.03461047254150702
Japan_004023.jpg,longitudinal crack,control,0.003703703703703704,0.02528735632183908,0.0033205619412515963,0.02362707535121328,0.0038314176245210726,0.02541507024265645,0.0020434227330779057,0.02247765006385696,0.017496807151979567,0.060280970625798215,0.0038314176245210726,0.0243933588761175,0.0038314176245210726,0.02490421455938697,0.027841634738186464,0.059514687100894,0.0,0.0011494252873563218
Japan_004023.jpg,longitudinal crack,damage,0.013613009163620954,0.019969278033794162,0.013560040256369511,0.01991630912654272,0.013824884792626729,0.020340060384554267,0.010752688172043012,0.014884262937655596,0.0,0.004184543672864029,0.013824884792626729,0.020340060384554267,0.013454102441866624,0.017850521743736428,0.007521584829704963,0.013718946978123842,0.0,0.0
Japan_004023.jpg,longitudinal crack,control,0.014937231844907039,0.02521319985168706,0.011176439430054558,0.01864505535250808,0.014725356215901266,0.02473647968642407,0.014513480586895493,0.023465225912389427,0.023783039355898088,0.06340378197997776,0.014619418401398378,0.02288256793262355,0.014831294030404153,0.024153821706658193,0.03146353090735738,0.060172678637639705,0.010858625986545897,0.020340060384554267
Japan_004023.jpg,pothole,damage,0.04182242990654206,0.0616822429906542,0.04205607476635514,0.060046728971962615,0.04205607476635514,0.0616822429906542,0.03574766355140187,0.05303738317757009,0.0,0.03271028037383177,0.04182242990654206,0.06191588785046729,0.04158878504672897,0.05817757009345794,0.013084112149532711,0.0308411214953271,0.0,0.00023364485981308412
Japan_004023.jpg,pothole,control,0.009813084112149532,0.021962616822429906,0.009813084112149532,0.021962616822429906,0.009813084112149532,0.021962616822429906,0.006775700934579439,0.014485981308411215,0.0,0.00023364485981308412,0.009813084112149532,0.021962616822429906,0.009579439252336449,0.01822429906542056,0.00397196261682243,0.00397196261682243,0.0,0.0
Japan_004104.jpg,alligator crack,damage,0.016406854286904266,0.08401261379187243,0.016570476587136312,0.08306062949961325,0.014562384720652109,0.07928244183970964,0.015930862140774677,0.08448860593800202,0.0020675908847504016,0.044341643362884514,0.015201999167013744,0.07972868447670614,0.014681382757184506,0.0770512286547272,0.023368239424049503,0.028187659903611592,0.008820729457963944,0.04099482358541084
Japan_004104.jpg,alligator crack,control,0.022832748259653715,0.0643184387457607,0.02311536859641816,0.06696614505860653,0.01976854881894449,0.05679181293508657,0.021568394121496994,0.06491342892842268,0.023695484024513595,0.13946569881596954,0.02043791277443922,0.05817516510977569,0.020780032129469862,0.05716368179925031,0.045174629618611295,0.06895936217052419,0.04596299161063842,0.12061938478015113
Japan_004183.jpg,alligator crack,damage,0.005842259006815969,0.009574813372281726,0.005842259006815969,0.009628908363085577,0.005788164016012117,0.009574813372281726,0.005842259006815969,0.009574813372281726,0.0,0.02207075624797144,0.005842259006815969,0.009628908363085577,0.00833062858379314,0.011522233041220383,0.026236070539868008,0.03224061451909553,0.0483609217786433,0.049442821594720326
Japan_004183.jpg,alligator crack,control,0.0004868549172346641,0.0038948393378773127,0.0005409499080385157,0.003948934328681164,0.0005950448988423672,0.004057124310288867,0.0004327599264308125,0.0038948393378773127,0.0,0.004868549172346641,0.0005409499080385157,0.0038948393378773127,0.0010278048252731797,0.003191604457427242,0.025803310613437196,0.03321432435356486,0.038299253489126904,0.04646759710050849
Japan_004183.jpg,transverse crack,damage,0.004464285714285714,0.006448412698412698,0.004464285714285714,0.006448412698412698,0.003968253968253968,0.005952380952380952,0.004464285714285714,0.006448412698412698,0.0,0.03968253968253968,0.004464285714285714,0.006448412698412698,0.004464285714285714,0.006448412698412698,0.012896825396825396,0.015376984126984126,0.004464285714285714,0.021825396825396824
Japan_004183.jpg,transverse crack,control,0.000992063492063492,0.00496031746031746,0.000992063492063492,0.005456349206349206,0.000992063492063492,0.00496031746031746,0.000992063492063492,0.00496031746031746,0.0,0.03869047619047619,0.000992063492063492,0.005456349206349206,0.000992063492063492,0.00496031746031746,0.012896825396825396,0.031746031746031744,0.0,0.01488095238095238
Japan_004183.jpg,transverse crack,damage,0.009583333333333333,0.014583333333333334,0.009583333333333333,0.014583333333333334,0.009583333333333333,0.014583333333333334,0.009583333333333333,0.014583333333333334,0.0,0.028333333333333332,0.009583333333333333,0.014583333333333334,0.014166666666666666,0.018333333333333333,0.0,0.0,0.0,0.0
Japan_004183.jpg,transverse crack,control,0.0,0.007916666666666667,0.0,0.008333333333333333,0.0,0.007916666666666667,0.0,0.007916666666666667,0.0,0.014583333333333334,0.0,0.008333333333333333,0.0004166666666666667,0.008333333333333333,0.0,0.0033333333333333335,0.01125,0.02125
Japan_004219.jpg,longitudinal crack,damage,0.07771013022154574,0.0810925080331473,0.07669541687806528,0.08202266193133773,0.0776255707762557,0.08100794858785726,0.0780483680027059,0.0810925080331473,0.0002536783358701167,0.07026889903602232,0.07737189244038559,0.08117706747843734,0.07787924911212582,0.07999323524437679,8.455944529003889e-05,0.0034669372568915946,0.09504481650600372,0.12726196516150853
Japan_004219.jpg,longitudinal crack,control,0.0074412311855234226,0.07026889903602232,0.008033147302553695,0.06866226957551158,0.007779468966683578,0.07111449348892271,0.008033147302553695,0.07128361237950279,0.2763402672078471,0.5816844241501776,0.008794182310164045,0.07204464738711314,0.008540503974293928,0.07542702519871469,0.031709791983764585,0.041518687637409096,0.18484694740402502,0.3778116015558938
Japan_004219.jpg,alligator crack,damage,0.09621859621859621,0.1269532936199603,0.0955279288612622,0.1258741258741259,0.09621859621859621,0.1267806267806268,0.09660709660709661,0.12829146162479496,0.03807303807303807,0.1592851592851593,0.0960459293792627,0.1269101269101269,0.09837693171026504,0.1278597945264612,0.006216006216006216,0.009928343261676595,0.11244927911594578,0.20845204178537513
Japan_004219.jpg,alligator crack,control,0.017827851161184495,0.047181213847880515,0.02490719157385824,0.052059052059052056,0.019295519295519297,0.04696538029871363,0.011870845204178538,0.046620046620046623,0.23305706639039972,0.4999568332901666,0.024993524993524995,0.05192955192955193,0.02270568937235604,0.05344038677372011,0.005525338858672192,0.022144522144522144,0.22658205991539324,0.46300612967279636
Japan_004219.jpg,longitudinal crack,damage,0.018796992481203006,0.018796992481203006,0.020050125313283207,0.020050125313283207,0.018796992481203006,0.018796992481203006,0.018796992481203006,0.018796992481203006,0.0,0.011278195488721804,0.018796992481203006,0.018796992481203006,0.018796992481203006,0.018796992481203006,0.0,0.0,0.006265664160401002,0.07518796992481203
Japan_004219.jpg,longitudinal crack,control,0.002506265664160401,0.002506265664160401,0.002506265664160401,0.002506265664160401,0.002506265664160401,0.002506265664160401,0.002506265664160401,0.002506265664160401,0.0,0.002506265664160401,0.002506265664160401,0.002506265664160401,0.002506265664160401,0.002506265664160401,0.0,0.0,0.023809523809523808,0.02631578947368421
Japan_004219.jpg,alligator crack,damage,0.05396969696969697,0.06042424242424242,0.051393939393939395,0.05918181818181818,0.05412121212121212,0.06066666666666667,0.054424242424242424,0.06081818181818182,0.00796969696969697,0.07218181818181818,0.053636363636363635,0.060181818181818184,0.0543939393939394,0.05954545454545455,0.00015151515151515152,0.007090909090909091,0.1116969696969697,0.1626969696969697
Japan_004219.jpg,alligator crack,control,0.10133333333333333,0.28093939393939393,0.07687878787878788,0.2545454545454545,0.1112121212121212,0.29209090909090907,0.09896969696969697,0.2781818181818182,0.3492121212121212,0.7405454545454545,0.11196969696969697,0.29284848484848486,0.12409090909090909,0.31218181818181817,0.15851515151515153,0.273,0.3469090909090909,0.7302121212121212
Japan_004346.jpg,longitudinal crack,damage,0.0066985645933014355,0.044976076555023926,0.007017543859649123,0.04784688995215311,0.007017543859649123,0.04529505582137161,0.00733652312599681,0.04529505582137161,0.0,0.022328548644338118,0.007017543859649123,0.04529505582137161,0.007974481658692184,0.0456140350877193,0.0006379585326953748,0.0019138755980861245,0.009888357256778309,0.01467304625199362
Japan_004346.jpg,longitudinal crack,control,0.0,0.002551834130781499,0.0,0.002551834130781499,0.0,0.002551834130781499,0.0,0.002551834130781499,0.0,0.007655502392344498,0.0,0.002551834130781499,0.0,0.0022328548644338117,0.0,0.0,0.0,0.0003189792663476874
Japan_004405.jpg,alligator crack,damage,0.021255299105040037,0.03049929345266133,0.02104922279792746,0.03058761186999529,0.021255299105040037,0.03049929345266133,0.021255299105040037,0.03049929345266133,0.032324540744229864,0.10085963259538389,0.021255299105040037,0.03049929345266133,0.023669335845501648,0.031323598681111633,0.0034149788035798398,0.004474799811587376,0.0005004710315591144,0.00877296278850683
Japan_004405.jpg,alligator crack,control,0.0016486104569006124,0.010774846914743287,0.0015014130946773433,0.01048045219029675,0.0017958078191238813,0.010833725859632595,0.0017958078191238813,0.010863165332077249,0.05699481865284974,0.13112341026848798,0.001972444653791804,0.011010362694300517,0.002237399905793688,0.011157560056523788,0.01451365991521432,0.02181464908148846,0.012040744229863402,0.04242227979274611
Japan_004447.jpg,alligator crack,damage,0.011478017607854968,0.020076245851731987,0.011875702805737638,0.019376868434765913,0.011423164477112531,0.020048819286360767,0.011519157455911797,0.020720770137955622,0.01810153314500425,0.05168536244206138,0.011560297303968623,0.019993966155618333,0.012849345876415896,0.021488713968349744,0.008131976632566304,0.013987548339321467,0.021680699925948274,0.04680343380598448
Japan_004447.jpg,alligator crack,control,0.08526919173911851,0.19860947313567923,0.07575217355530567,0.18709031567976742,0.09008255396176737,0.203285702531472,0.08223855626559885,0.19869175283179288,0.2086064562134884,0.4664710238336853,0.09164586818792683,0.20471188393077536,0.09717232111022736,0.21355695126299334,0.11859246866514907,0.19716957845369024,0.16630097912838376,0.35897260086119415
Japan_004501.jpg,longitudinal crack,damage,0.014553014553014554,0.019230769230769232,0.014553014553014554,0.018711018711018712,0.015072765072765074,0.01975051975051975,0.013513513513513514,0.018191268191268192,0.0,0.02494802494802495,0.014553014553014554,0.018711018711018712,0.015592515592515593,0.017671517671517672,0.0,0.0,0.0,0.0
Japan_004501.jpg,longitudinal crack,control,0.002598752598752599,0.010914760914760915,0.002598752598752599,0.011434511434511435,0.002598752598752599,0.010914760914760915,0.0031185031185031187,0.011954261954261955,0.0,0.009875259875259876,0.002598752598752599,0.011434511434511435,0.004677754677754678,0.011434511434511435,0.0,0.0,0.0,0.0005197505197505198
Japan_004501.jpg,longitudinal crack,damage,0.008455882352941176,0.012867647058823529,0.008455882352941176,0.012867647058823529,0.008455882352941176,0.012867647058823529,0.008088235294117648,0.0125,0.0,0.0125,0.008455882352941176,0.012867647058823529,0.008455882352941176,0.011029411764705883,0.0,0.0,0.0,0.0
Japan_004501.jpg,longitudinal crack,control,0.006985294117647059,0.03272058823529412,0.008823529411764706,0.03308823529411765,0.007720588235294118,0.033823529411764704,0.0058823529411764705,0.03272058823529412,0.0,0.01213235294117647,0.007720588235294118,0.03125,0.010294117647058823,0.030147058823529412,0.0,0.0029411764705882353,0.0003676470588235294,0.02022058823529412
Japan_004567.jpg,pothole,damage,0.018068887634105024,0.07707509881422925,0.016657255787690572,0.07368718238283456,0.0189158667419537,0.07820440429136082,0.018351214003387916,0.07876905702992659,0.020045172219085264,0.12111801242236025,0.018633540372670808,0.07792207792207792,0.023150762281197064,0.07961603613777526,0.0251270468661773,0.053642010163749296,0.05561829474872953,0.24082439299830605
Japan_004567.jpg,pothole,control,0.005081874647092038,0.03585544889892716,0.005364201016374929,0.03698475437605872,0.004799548277809147,0.035290796160361376,0.005364201016374929,0.03670242800677583,0.000282326369282891,0.023715415019762844,0.004799548277809147,0.035290796160361376,0.006775832862789385,0.03557312252964427,0.0,0.001129305477131564,0.001411631846414455,0.032185206098249576
Japan_004567.jpg,pothole,damage,0.022946859903381644,0.07729468599033816,0.027777777777777776,0.07729468599033816,0.022946859903381644,0.07729468599033816,0.022946859903381644,0.07729468599033816,0.0,0.15821256038647344,0.022946859903381644,0.07729468599033816,0.030193236714975844,0.08333333333333333,0.0024154589371980675,0.0024154589371980675,0.0,0.2584541062801932
Japan_004567.jpg,pothole,control,0.0,0.004830917874396135,0.0012077294685990338,0.0036231884057971015,0.0,0.004830917874396135,0.0,0.004830917874396135,0.0,0.15579710144927536,0.0,0.004830917874396135,0.0012077294685990338,0.004830917874396135,0.049516908212560384,0.049516908212560384,0.0,0.31521739130434784
Japan_004597.jpg,alligator crack,damage,0.018860482627559252,0.063860303345405,0.01850191831905052,0.06264118469647531,0.01882462619670838,0.06432643694646635,0.011725052888235506,0.0467926422603894,0.0003944207393596041,0.0335974757072681,0.012047760765893364,0.04700778084549464,0.023593531499874504,0.06429058051561548,0.0008246979095700814,0.0012549750797805586,0.00103983649467532,0.002402380867008498
Japan_004597.jpg,alligator crack,control,0.11768080605256553,0.2158557137222561,0.09774463049948008,0.19817849331277565,0.11226648499408369,0.2135609021478002,0.11936605830255656,0.2014414285202051,0.06285632328158056,0.1926566029617412,0.11843379110043387,0.19885976549894224,0.115852128079171,0.20266054716913479,0.021227007063716878,0.09053748789845459,0.09821076410054143,0.1447882677758256
Japan_004597.jpg,longitudinal crack,damage,0.02122347066167291,0.0366729088639201,0.02122347066167291,0.0366729088639201,0.020911360799001247,0.03636079900124844,0.014044943820224719,0.026061173533083647,0.0,0.027153558052434457,0.013888888888888888,0.025436953807740324,0.026373283395755304,0.04041822721598003,0.0,0.0014044943820224719,0.0,0.0
Japan_004597.jpg,longitudinal crack,control,0.0012484394506866417,0.005461922596754058,0.0012484394506866417,0.005774032459425718,0.0012484394506866417,0.005461922596754058,0.0009363295880149813,0.0032771535580524347,0.0,0.004213483146067416,0.0009363295880149813,0.0032771535580524347,0.0024968789013732834,0.005774032459425718,0.0,0.0,0.0,0.0
Japan_004621.jpg,alligator crack,damage,0.08601373861257702,0.11969692502727085,0.08520298357852531,0.11716147292078186,0.08557150859400336,0.11901883899879123,0.08719301866210678,0.1232789881777175,0.005188832217930953,0.04509272089389428,0.08561573159586072,0.12036027005513135,0.09244081488251422,0.12868893540493528,0.046434151950234384,0.08736991066953625,0.03179633833544621,0.0726878740528907
Japan_004621.jpg,alligator crack,control,0.014519885609835196,0.04485686488398832,0.011674872490344644,0.03711783955894926,0.01418084259559539,0.043839735841268906,0.01571390665998408,0.04804092101771868,0.011674872490344644,0.043235354815884905,0.015448568648839884,0.0473186119873817,0.01528641764202954,0.04627200094342404,0.056060025354521065,0.10424835637843097,0.02890710221409829,0.0886081547215425
Japan_004621.jpg,transverse crack,damage,0.08848484848484849,0.1987878787878788,0.08606060606060606,0.18626262626262627,0.08565656565656565,0.19555555555555557,0.08767676767676767,0.1987878787878788,0.0036363636363636364,0.02585858585858586,0.08565656565656565,0.19555555555555557,0.09252525252525252,0.2088888888888889,0.01616161616161616,0.04525252525252525,0.016565656565656565,0.06383838383838383
Japan_004621.jpg,transverse crack,control,0.028686868686868688,0.028686868686868688,0.028282828282828285,0.028282828282828285,0.027878787878787878,0.027878787878787878,0.027878787878787878,0.027878787878787878,0.0,0.0,0.027878787878787878,0.027878787878787878,0.03191919191919192,0.03191919191919192,0.0008080808080808081,0.0052525252525252525,0.0,0.0032323232323232323
Japan_004741.jpg,transverse crack,damage,0.0006265664160401002,0.0006265664160401002,0.0006265664160401002,0.0006265664160401002,0.0006265664160401002,0.0006265664160401002,0.0006265664160401002,0.0006265664160401002,0.0,0.0009398496240601503,0.0006265664160401002,0.0006265664160401002,0.0006265664160401002,0.0006265664160401002,0.0,0.02976190476190476,0.0006265664160401002,0.010338345864661654
Japan_004741.jpg,transverse crack,control,0.0018796992481203006,0.06265664160401002,0.0018796992481203006,0.06265664160401002,0.0018796992481203006,0.06265664160401002,0.0018796992481203006,0.06265664160401002,0.0,0.022243107769423558,0.0018796992481203006,0.06265664160401002,0.0021929824561403508,0.06265664160401002,0.006578947368421052,0.02756892230576441,0.0,0.012218045112781954
Japan_004741.jpg,transverse crack,damage,0.0017966223499820337,0.0017966223499820337,0.0017966223499820337,0.0021559468199784403,0.0017966223499820337,0.0017966223499820337,0.0017966223499820337,0.0017966223499820337,0.03665109593963349,0.056054617319439455,0.0017966223499820337,0.0017966223499820337,0.0025152712899748474,0.0025152712899748474,0.005749191519942508,0.006108515989938915,0.005749191519942508,0.05785123966942149
Japan_004741.jpg,transverse crack,control,0.0,0.0010779734099892202,0.0,0.0007186489399928135,0.0,0.0010779734099892202,0.0,0.0010779734099892202,0.002874595759971254,0.01221703197987783,0.0,0.0010779734099892202,0.0,0.0007186489399928135,0.01221703197987783,0.01221703197987783,0.0,0.007905138339920948
Japan_004774.jpg,alligator crack,damage,0.006587837837837838,0.01114864864864865,0.0054617117117117114,0.01036036036036036,0.006587837837837838,0.01114864864864865,0.006475225225225225,0.01097972972972973,0.024155405405405405,0.0634009009009009,0.006418918918918919,0.010923423423423423,0.010247747747747747,0.015033783783783785,0.0006756756756756757,0.006362612612612613,0.0,0.002984234234234234
Japan_004774.jpg,alligator crack,control,0.0018581081081081082,0.008051801801801801,0.0011824324324324325,0.007263513513513514,0.0018581081081081082,0.008051801801801801,0.0019144144144144144,0.007995495495495495,0.04690315315315315,0.11998873873873873,0.0019144144144144144,0.007995495495495495,0.0036036036036036037,0.01052927927927928,0.0036036036036036037,0.005686936936936937,0.0009572072072072072,0.026351351351351353
Japan_004820.jpg,alligator crack,damage,0.0,0.0,0.0,0.0,0.0,0.0,0.0,0.0007012622720897616,0.0,0.0007012622720897616,0.0,0.0,0.0,0.0,0.0,0.0,0.13744740532959326,0.13920056100981767
Japan_004820.jpg,alligator crack,control,0.0,0.0,0.0,0.0,0.0,0.0,0.0,0.0,0.0,0.0,0.0,0.0,0.0,0.0,0.0,0.0,0.07889200561009818,0.08099579242636747
Japan_004914.jpg,pothole,damage,0.06740491092922485,0.09725565719788155,0.08521906596051998,0.12325469427058257,0.06884930187770823,0.0991815117958594,0.06596051998074146,0.09821858449687049,0.0,0.058738565238324505,0.06884930187770823,0.0991815117958594,0.0731824747231584,0.09484833895040924,0.02407318247472316,0.07270101107366393,0.0,0.19643716899374097
Japan_004914.jpg,pothole,control,0.029369282619162253,0.04477611940298507,0.04285026480500722,0.06355320173326914,0.029369282619162253,0.04525758305247954,0.029850746268656716,0.04429465575349061,0.0,0.028406355320173327,0.029369282619162253,0.04525758305247954,0.03322099181511796,0.043813192103996146,0.013480982185844969,0.04862782859894078,0.08714492055849783,0.10207029369282619
Japan_004914.jpg,pothole,damage,0.08041958041958042,0.125,0.09965034965034965,0.15384615384615385,0.08041958041958042,0.125,0.07954545454545454,0.12412587412587413,0.0,0.10227272727272728,0.08129370629370629,0.1258741258741259,0.09265734265734266,0.13024475524475523,0.027972027972027972,0.051573426573426576,0.09702797202797203,0.1486013986013986
Japan_004914.jpg,pothole,control,0.019230769230769232,0.04895104895104895,0.033216783216783216,0.07255244755244755,0.019230769230769232,0.049825174825174824,0.017482517482517484,0.04895104895104895,0.0,0.06031468531468531,0.021853146853146852,0.04895104895104895,0.030594405594405596,0.056818181818181816,0.04632867132867133,0.0777972027972028,0.06293706293706294,0.09877622377622378
Japan_004928.jpg,longitudinal crack,damage,0.025036818851251842,0.031865042174320526,0.02543847904672647,0.03240058910162003,0.02530459231490159,0.032132815637970276,0.024902932119426964,0.03159726871067077,0.028651760610523498,0.06935332708528585,0.025572365778551345,0.032266702369795154,0.027714553487749365,0.03440889007899317,0.00013388673182487614,0.01499531396438613,0.006560449859418931,0.013522559914312492
Japan_004928.jpg,longitudinal crack,control,0.010175391618690587,0.017539161869058777,0.010175391618690587,0.017539161869058777,0.010175391618690587,0.017539161869058777,0.010309278350515464,0.01780693533270853,0.008568750836792073,0.025036818851251842,0.010175391618690587,0.0174052751372339,0.011246485473289597,0.018208595528183158,0.0026777346364975233,0.006292676395769179,0.0002677734636497523,0.0030793948319721514
Japan_005050.jpg,alligator crack,damage,0.018169898741129883,0.0381736195395069,0.02031378732979562,0.03925442287759459,0.018258489178678054,0.03840395467713215,0.018010435953543173,0.03821791475828099,0.09569539063953438,0.19408393058053314,0.017921845515995002,0.03796986153314611,0.01769151037836976,0.03311510555550634,0.028331221927905104,0.04339159631109418,0.01637151285890201,0.05660043054952649
Japan_005050.jpg,alligator crack,control,0.11165052844195998,0.2095961161952179,0.1109949592041035,0.20500713153022262,0.1152384411626609,0.2133877869222796,0.11051657084134339,0.21075665092709892,0.23537593352173566,0.5213724430584963,0.11547763534404096,0.21056175196449295,0.10569725103872288,0.1916831297229777,0.15551165407205947,0.28094685459651486,0.18820152552733457,0.40116407834938295
Japan_005054.jpg,pothole,damage,0.026143790849673203,0.0718954248366013,0.031667126944674585,0.0856117094725214,0.025775568443339777,0.0718954248366013,0.026419957654423273,0.07244775844610145,0.00046027800791678176,0.062413697873515604,0.026419957654423273,0.07244775844610145,0.03746662984442603,0.08607198748043818,0.030378348522507596,0.05366841572309675,0.0003682224063334254,0.0003682224063334254
Japan_005054.jpg,pothole,control,0.0005523336095001381,0.00782472613458529,0.0011967228205836326,0.009757893767835773,0.0006443892110834944,0.008008837337752003,0.0006443892110834944,0.008192948540918715,9.205560158335634e-05,0.018227009113504555,0.0006443892110834944,0.008192948540918715,0.0019331676332504833,0.010862560986836049,0.06793703396851698,0.10890177667311056,0.0,0.0
Japan_005096.jpg,longitudinal crack,damage,0.014285714285714285,0.014285714285714285,0.014285714285714285,0.014285714285714285,0.014285714285714285,0.014285714285714285,0.014285714285714285,0.014285714285714285,0.0,0.04183673469387755,0.014285714285714285,0.014285714285714285,0.02040816326530612,0.02040816326530612,0.0,0.0,0.0,0.0010204081632653062
Japan_005096.jpg,longitudinal crack,control,0.0,0.0,0.0,0.0,0.0,0.0,0.0,0.0,0.0,0.0,0.0,0.0,0.0,0.0,0.0,0.0,0.0,0.0
Japan_005448.jpg,transverse crack,damage,0.006337412587412587,0.011363636363636364,0.00743006993006993,0.012674825174825174,0.00590034965034965,0.010926573426573426,0.005463286713286713,0.010926573426573426,0.00043706293706293706,0.031031468531468532,0.00743006993006993,0.012674825174825174,0.018138111888111888,0.031687062937062936,0.07910839160839161,0.11341783216783216,0.00590034965034965,0.06228146853146853
Japan_005448.jpg,transverse crack,control,0.00021853146853146853,0.01201923076923077,0.00043706293706293706,0.012237762237762238,0.00021853146853146853,0.012237762237762238,0.00021853146853146853,0.0118006993006993,0.00021853146853146853,0.0013111888111888112,0.00043706293706293706,0.012237762237762238,0.0008741258741258741,0.021634615384615384,0.09222027972027973,0.09222027972027973,0.0,0.021197552447552448
Japan_005448.jpg,transverse crack,damage,0.000982961992136304,0.023591087811271297,0.000655307994757536,0.02326343381389253,0.000982961992136304,0.023918741808650064,0.000655307994757536,0.02162516382699869,0.001310615989515072,0.003931847968545216,0.000655307994757536,0.02326343381389253,0.0022935779816513763,0.034403669724770644,0.048820445609436436,0.048820445609436436,0.0,0.0
Japan_005448.jpg,transverse crack,control,0.0,0.011795543905635648,0.0,0.011467889908256881,0.0,0.011467889908256881,0.0,0.011795543905635648,0.001310615989515072,0.0163826998689384,0.0,0.011467889908256881,0.0,0.022935779816513763,0.18020969855832242,0.18020969855832242,0.002621231979030144,0.003931847968545216
Japan_005472.jpg,alligator crack,damage,0.02349948519169039,0.08689156723800295,0.023943633537237802,0.08652817313710053,0.02374174792562534,0.08727514990006663,0.023095713968465468,0.086568550259423,0.034502251024569476,0.07114448953223104,0.023519673752851633,0.08701269860497042,0.027052671956069693,0.09016211414612481,0.00829749863727212,0.014414632669129672,0.009105041083721963,0.04366785779177518
Japan_005472.jpg,alligator crack,control,0.17085579310762522,0.34859588557123533,0.14992025518341306,0.34469949326711485,0.17402539720994084,0.3600831768719843,0.17842650354309247,0.3379565138392587,0.31457816001453576,0.6741566228574889,0.18452344901378878,0.34381119657602005,0.18831889851210304,0.3706821714816385,0.23303656148426302,0.47463307290089435,0.22847394666182141,0.536470635737791
Japan_005472.jpg,transverse crack,damage,0.0013348164627363737,0.0017797552836484984,0.0013348164627363737,0.0017797552836484984,0.0013348164627363737,0.0017797552836484984,0.0013348164627363737,0.0017797552836484984,0.054060066740823136,0.05850945494994438,0.0013348164627363737,0.0017797552836484984,0.003114571746384872,0.004226918798665183,0.002224694104560623,0.0026696329254727474,0.001557285873192436,0.001557285873192436
Japan_005472.jpg,transverse crack,control,0.0006674082313681868,0.0020022246941045607,0.0006674082313681868,0.0020022246941045607,0.0008898776418242492,0.002224694104560623,0.0006674082313681868,0.0020022246941045607,0.05027808676307008,0.05494994438264739,0.0008898776418242492,0.002224694104560623,0.002224694104560623,0.0046718576195773085,0.0,0.0,0.0,0.0
Japan_005472.jpg,transverse crack,damage,0.008494208494208495,0.010553410553410553,0.009009009009009009,0.010810810810810811,0.008494208494208495,0.010810810810810811,0.00797940797940798,0.010810810810810811,0.029086229086229085,0.04916344916344916,0.008494208494208495,0.011325611325611325,0.015186615186615187,0.01879021879021879,0.0,0.002059202059202059,0.004118404118404118,0.0069498069498069494
Japan_005472.jpg,transverse crack,control,0.0005148005148005148,0.0005148005148005148,0.0005148005148005148,0.0005148005148005148,0.0002574002574002574,0.0002574002574002574,0.0005148005148005148,0.0005148005148005148,0.03552123552123552,0.037065637065637064,0.0002574002574002574,0.0002574002574002574,0.0010296010296010295,0.0018018018018018018,0.0,0.0,0.0,0.0
Japan_005477.jpg,longitudinal crack,damage,0.06259300595238096,0.07003348214285714,0.06147693452380952,0.06928943452380952,0.0626860119047619,0.07021949404761904,0.06147693452380952,0.06863839285714286,0.04092261904761905,0.15262276785714285,0.06305803571428571,0.0704985119047619,0.07105654761904762,0.0802641369047619,0.04640997023809524,0.10928199404761904,0.029854910714285716,0.08733258928571429
Japan_005477.jpg,longitudinal crack,control,0.008091517857142858,0.017206101190476192,0.006138392857142857,0.014229910714285714,0.00939360119047619,0.01906622023809524,0.006417410714285714,0.014322916666666666,0.030691964285714284,0.10853794642857142,0.00939360119047619,0.01906622023809524,0.018229166666666668,0.029017857142857144,0.039806547619047616,0.13327752976190477,0.031901041666666664,0.06547619047619048
Japan_005477.jpg,transverse crack,damage,0.035414725069897485,0.03783783783783784,0.032432432432432434,0.03522833178005592,0.036533084808946875,0.03895619757688723,0.036346691519105315,0.0385834109972041,0.01938490214352283,0.03280521901211556,0.036533084808946875,0.03895619757688723,0.0391425908667288,0.042311276794035416,0.004473438956197577,0.06877912395153775,0.05778191985088537,0.06188257222739981
Japan_005477.jpg,transverse crack,control,0.0,0.0007455731593662628,0.0,0.0005591798695246971,0.0,0.0007455731593662628,0.0,0.0007455731593662628,0.005032618825722274,0.010997204100652377,0.0,0.0007455731593662628,0.0,0.0007455731593662628,0.006710158434296365,0.007269338303821062,0.021808014911463187,0.04734389561975769
Japan_005477.jpg,transverse crack,damage,0.016550522648083623,0.016550522648083623,0.01916376306620209,0.01916376306620209,0.016550522648083623,0.016550522648083623,0.0156794425087108,0.0156794425087108,0.0,0.0,0.016550522648083623,0.016550522648083623,0.0156794425087108,0.0156794425087108,0.0,0.0,0.0,0.024390243902439025
Japan_005477.jpg,transverse crack,control,0.0,0.0,0.0,0.0,0.0,0.0,0.0,0.0,0.0,0.029616724738675958,0.0,0.0,0.0,0.0,0.0,0.0,0.0,0.05313588850174216
Japan_005515.jpg,pothole,damage,0.008960390998879951,0.048620303431422464,0.009062213623867223,0.04439466449445067,0.009062213623867223,0.04831483555646065,0.008400366561449954,0.05162407086854699,0.010691375623663579,0.08110172080236229,0.008400366561449954,0.051573159556053357,0.009927705936259038,0.04414010793198249,0.07713063842785867,0.12956929029630385,0.08191630180226046,0.21128194684858975
Japan_005515.jpg,pothole,control,0.01130231137358721,0.09718969555035128,0.011098666123612667,0.09214947561348132,0.011353222686080848,0.09698605030037674,0.011353222686080848,0.09897159148762855,0.005905712249261786,0.06684655330414419,0.011404133998574484,0.09892068017513492,0.013236941248345383,0.08940026473882497,0.04918032786885246,0.10375725486203034,0.0400672029324916,0.16744730679156908
Japan_005545.jpg,alligator crack,damage,0.11373626373626373,0.12893772893772895,0.11373626373626373,0.12857142857142856,0.11391941391941392,0.12893772893772895,0.11373626373626373,0.12912087912087913,0.00018315018315018315,0.12875457875457874,0.11391941391941392,0.12893772893772895,0.11190476190476191,0.12142857142857143,0.006593406593406593,0.01336996336996337,0.01098901098901099,0.01684981684981685
Japan_005545.jpg,alligator crack,control,0.0016483516483516484,0.0062271062271062275,0.0016483516483516484,0.0062271062271062275,0.0016483516483516484,0.006043956043956044,0.0016483516483516484,0.006043956043956044,0.0,0.00989010989010989,0.0016483516483516484,0.006043956043956044,0.0016483516483516484,0.004212454212454212,0.010073260073260074,0.010073260073260074,0.0016483516483516484,0.0016483516483516484
Japan_005545.jpg,longitudinal crack,damage,0.0919661733615222,0.113107822410148,0.09090909090909091,0.1109936575052854,0.0919661733615222,0.11416490486257928,0.0919661733615222,0.11416490486257928,0.0,0.12896405919661733,0.0919661733615222,0.11416490486257928,0.08985200845665962,0.10253699788583509,0.03276955602536998,0.042283298097251586,0.010570824524312896,0.052854122621564484
Japan_005545.jpg,longitudinal crack,control,0.005285412262156448,0.012684989429175475,0.005285412262156448,0.012684989429175475,0.005285412262156448,0.012684989429175475,0.004228329809725159,0.011627906976744186,0.0,0.006342494714587738,0.005285412262156448,0.012684989429175475,0.0021141649048625794,0.007399577167019027,0.0,0.0,0.0306553911205074,0.0306553911205074
Japan_005545.jpg,transverse crack,damage,0.01597222222222222,0.025231481481481483,0.01597222222222222,0.025925925925925925,0.01597222222222222,0.025231481481481483,0.01574074074074074,0.025231481481481483,0.0002314814814814815,0.03634259259259259,0.01597222222222222,0.025231481481481483,0.015277777777777777,0.021064814814814814,0.0,0.0,0.0,0.0
Japan_005545.jpg,transverse crack,control,0.003472222222222222,0.014351851851851852,0.003472222222222222,0.014583333333333334,0.003703703703703704,0.015046296296296295,0.003472222222222222,0.01412037037037037,0.000462962962962963,0.046064814814814815,0.003703703703703704,0.015046296296296295,0.003472222222222222,0.008564814814814815,0.03634259259259259,0.049305555555555554,0.014814814814814815,0.028703703703703703
Japan_005601.jpg,longitudinal crack,damage,0.03650586701434159,0.03911342894393742,0.037157757496740544,0.039765319426336376,0.03650586701434159,0.03911342894393742,0.03650586701434159,0.03911342894393742,0.0,0.0003259452411994785,0.03650586701434159,0.03911342894393742,0.038135593220338986,0.041720990873533245,0.0,0.007170795306388526,0.0,0.015319426336375489
Japan_005601.jpg,longitudinal crack,control,0.0,0.0,0.0,0.0,0.0,0.0,0.0,0.0,0.0,0.0,0.0,0.0,0.0,0.0,0.0,0.0,0.0,0.0
Japan_005601.jpg,alligator crack,damage,0.0634345626605812,0.127092542648772,0.06507827585656607,0.12575203868311444,0.06443994063482437,0.12824154604790705,0.062110017075467185,0.12752341892344765,0.029826213235880823,0.08453154173914432,0.06526977642308858,0.1299490927660661,0.0745256371383432,0.14354563298916426,0.02155977211432584,0.03512439557633691,0.0175223018368096,0.0880583438392672
Japan_005601.jpg,alligator crack,control,0.01614988111006495,0.05580645676076792,0.016453090340392256,0.05598199894674689,0.016133922729521407,0.05574262323859375,0.01587858864082473,0.05604583246892105,0.0026969663118586724,0.016852049853980818,0.01608604758789078,0.056061790849464596,0.018320220863986724,0.059365175621977885,0.013803999170164212,0.01731484288974355,0.0045321800743660535,0.03710323476373618
Japan_005807.jpg,longitudinal crack,damage,0.021604938271604937,0.04985754985754986,0.0194681861348528,0.046296296296296294,0.02207977207977208,0.050332383665717,0.023741690408357077,0.05294396961063628,0.005935422602089269,0.006885090218423552,0.024216524216524215,0.05318138651471985,0.024453941120607788,0.05294396961063628,0.050332383665717,0.11989553656220323,0.10398860398860399,0.16666666666666666
Japan_005807.jpg,longitudinal crack,control,0.02540360873694207,0.10161443494776828,0.023979107312440646,0.09876543209876543,0.02492877492877493,0.100664767331434,0.026828110161443496,0.10208926875593542,0.03418803418803419,0.046058879392212725,0.027065527065527065,0.10280151946818614,0.028252611585944918,0.10422602089268757,0.042735042735042736,0.059591642924976256,0.0698005698005698,0.14791073124406456
Japan_005807.jpg,transverse crack,damage,0.00297441998810232,0.010113027959547887,0.00297441998810232,0.011005353955978583,0.00297441998810232,0.01041046995835812,0.003569303985722784,0.01041046995835812,0.0,0.0,0.003569303985722784,0.01041046995835812,0.00297441998810232,0.008625817965496729,0.0725758477096966,0.10945865556216537,0.0,0.0
Japan_005807.jpg,transverse crack,control,0.0,0.00148720999405116,0.0,0.00148720999405116,0.0,0.00148720999405116,0.0,0.000594883997620464,0.0,0.0,0.0,0.000594883997620464,0.0,0.00148720999405116,0.11748958953004164,0.11748958953004164,0.011600237953599048,0.011600237953599048
Japan_005850.jpg,transverse crack,damage,0.006740196078431373,0.014808006535947712,0.0068423202614379085,0.015012254901960785,0.0068423202614379085,0.01491013071895425,0.0068423202614379085,0.01491013071895425,0.0,0.0022467320261437907,0.0068423202614379085,0.01491013071895425,0.007965686274509803,0.014399509803921568,0.0004084967320261438,0.0004084967320261438,0.0,0.0
Japan_005850.jpg,transverse crack,control,0.0032679738562091504,0.013378267973856208,0.0033700980392156864,0.013276143790849673,0.0033700980392156864,0.013378267973856208,0.0033700980392156864,0.013480392156862746,0.0,0.003574346405228758,0.0033700980392156864,0.013378267973856208,0.003574346405228758,0.01184640522875817,0.0004084967320261438,0.0004084967320261438,0.0,0.0
Japan_005972.jpg,longitudinal crack,damage,0.0037495313085864268,0.024934383202099737,0.002905886764154481,0.024090738657667792,0.004405699287589051,0.025590551181102362,0.003093363329583802,0.02540307461567304,0.0074053243344581925,0.07002249718785152,0.00431196100487439,0.026059242594675666,0.004593175853018373,0.025590551181102362,0.007217847769028871,0.010123734533183352,0.016685414323209597,0.050337457817772775
Japan_005972.jpg,longitudinal crack,control,0.21409823772028497,0.41019872515935507,0.20847394075740533,0.4020434945631796,0.21747281589801276,0.4136670416197975,0.20313085864266966,0.40101237345331836,0.05080614923134608,0.28252718410198724,0.2230971128608924,0.4241657292838395,0.2178477690288714,0.39763779527559057,0.047337832770903636,0.11886014248218972,0.06514810648668916,0.20800524934383202
Japan_005972.jpg,transverse crack,damage,0.0006738544474393531,0.0006738544474393531,0.0006738544474393531,0.0006738544474393531,0.0006738544474393531,0.0006738544474393531,0.0006738544474393531,0.0006738544474393531,0.0,0.0020215633423180594,0.0006738544474393531,0.0006738544474393531,0.0006738544474393531,0.0006738544474393531,0.0,0.0,0.0,0.0
Japan_005972.jpg,transverse crack,control,0.0013477088948787063,0.0013477088948787063,0.0013477088948787063,0.0013477088948787063,0.0013477088948787063,0.0013477088948787063,0.0013477088948787063,0.0013477088948787063,0.0,0.0013477088948787063,0.0013477088948787063,0.0013477088948787063,0.0013477088948787063,0.0013477088948787063,0.0,0.0,0.0,0.0
Japan_006087.jpg,alligator crack,damage,0.032149223325693914,0.054558186911128084,0.02750190985485103,0.05831423478482302,0.03552330022918258,0.05723198370257194,0.03832442067736185,0.06550802139037433,0.08002291825821238,0.18309141838553603,0.03545963840081487,0.05825057295645531,0.04341736694677871,0.06799083269671505,0.09542908072319838,0.1811815635345047,0.09549274255156608,0.21390374331550802
Japan_006087.jpg,alligator crack,control,0.040870893812070284,0.2055003819709702,0.03603259485612427,0.20874713521772345,0.047619047619047616,0.21384008148714032,0.048828622358034125,0.23242933537051183,0.39451235039470334,0.8189457601222307,0.04742806213394449,0.21479500891265596,0.06423478482302011,0.24681690858161445,0.3645912910618793,0.6855742296918768,0.28590527119938886,0.6801629742806213
Japan_006267.jpg,longitudinal crack,damage,0.01343459407975537,0.021756021756021756,0.013735368574078251,0.022182118956312506,0.013384464997368223,0.021806150838408905,0.013559916785723238,0.021956538085570344,0.004461488332456074,0.019475148507406573,0.013534852244529664,0.02193147354437677,0.01591598365791914,0.025239992981928465,0.018472566859663635,0.02556583201744492,0.004085520214552473,0.026392961876832845
Japan_006267.jpg,longitudinal crack,control,0.04276010727623631,0.06291199839586936,0.04524149685440008,0.06619545329222748,0.04376268892397925,0.0637391282552573,0.03849913527332882,0.059202446299220494,0.020227084743213775,0.09684938717196782,0.03849913527332882,0.059202446299220494,0.04684562749078878,0.06774945484622905,0.019700729378148735,0.08133443617314585,0.014211594856756148,0.08000601548988646
Japan_006267.jpg,longitudinal crack,damage,0.015760734673616283,0.028418962521717547,0.01600893521965748,0.028294862248696945,0.015884834946636884,0.028418962521717547,0.015760734673616283,0.028170761975676348,0.0012410027302060065,0.03723008190618019,0.01551253412757508,0.027550260610573342,0.02494415487714073,0.04058078927773641,0.00781831720029784,0.02072474559444031,0.0194837428642343,0.037726482998262596
Japan_006267.jpg,longitudinal crack,control,0.0379746835443038,0.23715562174236784,0.04616530156366344,0.2452221394887069,0.04082898982377761,0.24087862993298587,0.03437577562670638,0.2313229089103996,0.2122114668652271,0.48969967733929015,0.047158103747828244,0.24596674112683048,0.06937205261851576,0.2771159096550012,0.05112931248448747,0.15909655001241002,0.12732688011913626,0.19036981881360138
Japan_006267.jpg,alligator crack,damage,0.019902454373820013,0.034927627438640654,0.019941787287602264,0.034770295783511644,0.020177784770295783,0.03520295783511643,0.019784455632473254,0.034691629955947136,0.018486469477658904,0.08979704216488357,0.020217117684078037,0.03516362492133417,0.031151667715544368,0.050228130899937065,0.012311202013845186,0.021593769666456892,0.005742605412208937,0.04971680302076778
Japan_006267.jpg,alligator crack,control,0.04535084959093769,0.09660163624921334,0.04590151038388924,0.09699496538703588,0.045704845814977975,0.09691629955947137,0.044721522970421645,0.09557898049087477,0.06741661422278163,0.2937382001258653,0.045783511642542477,0.09683763373190686,0.04653083700440529,0.0986469477658905,0.03657960981749528,0.12330868470736313,0.027179043423536817,0.03960824417872876
Japan_006267.jpg,transverse crack,damage,0.014050632911392405,0.02759493670886076,0.01379746835443038,0.027341772151898733,0.013924050632911392,0.02759493670886076,0.014050632911392405,0.027341772151898733,0.004303797468354431,0.023670886075949367,0.014050632911392405,0.027341772151898733,0.016708860759493672,0.03278481012658228,0.00012658227848101267,0.0010126582278481013,0.0,0.010126582278481013
Japan_006267.jpg,transverse crack,control,0.0013924050632911392,0.02050632911392405,0.0012658227848101266,0.02050632911392405,0.0012658227848101266,0.02050632911392405,0.0015189873417721519,0.020253164556962026,0.0013924050632911392,0.007721518987341772,0.0013924050632911392,0.020126582278481013,0.002531645569620253,0.024430379746835443,0.01139240506329114,0.014556962025316455,0.0030379746835443038,0.010379746835443038
Japan_006485.jpg,transverse crack,damage,0.024390243902439025,0.024390243902439025,0.0,0.0,0.0,0.0,0.0,0.0,0.0,0.0,0.0,0.0,0.002152080344332855,0.002152080344332855,0.0,0.0,0.0,0.0
Japan_006485.jpg,transverse crack,control,0.01291248206599713,0.21807747489239598,0.0028694404591104736,0.1994261119081779,0.003586800573888092,0.20014347202295552,0.00430416068866571,0.20157819225251075,0.18292682926829268,0.1836441893830703,0.0028694404591104736,0.1994261119081779,0.005738880918220947,0.20229555236728838,0.0,0.0,0.0,0.0
Japan_006701.jpg,transverse crack,damage,0.006884057971014493,0.007971014492753623,0.007608695652173913,0.008695652173913044,0.006884057971014493,0.007971014492753623,0.006884057971014493,0.007971014492753623,0.0,0.009420289855072464,0.006884057971014493,0.007971014492753623,0.009782608695652175,0.010869565217391304,0.0,0.0,0.0,0.004347826086956522
Japan_006701.jpg,transverse crack,control,0.017391304347826087,0.04456521739130435,0.017391304347826087,0.04456521739130435,0.017391304347826087,0.04456521739130435,0.017391304347826087,0.04456521739130435,0.0,0.013043478260869565,0.017391304347826087,0.04456521739130435,0.020289855072463767,0.04746376811594203,0.0,0.0,0.0,0.0
Japan_006742.jpg,alligator crack,damage,0.025422237860661508,0.11699507389162561,0.044774806474313866,0.12077762139338494,0.026301900070372978,0.11347642505277973,0.02920478536242083,0.1352920478536242,0.036857846586910624,0.15297325826882477,0.025158339197748066,0.12755102040816327,0.04037649542575651,0.1376671358198452,0.04433497536945813,0.13916256157635468,0.04917311752287122,0.17575650950035188
Japan_006742.jpg,alligator crack,control,0.0007037297677691766,0.002902885292047854,0.0007037297677691766,0.002902885292047854,0.0015833919774806474,0.0037825475017593244,0.0005277973258268825,0.0038705137227304713,0.0,0.0,0.0015833919774806474,0.0037825475017593244,0.0037825475017593244,0.010819845179451091,0.0029908515130190006,0.020935960591133004,0.0,0.0
Japan_006839.jpg,longitudinal crack,damage,0.032454361054766734,0.0603448275862069,0.03144016227180527,0.05916159567275186,0.032454361054766734,0.06051386071670047,0.03313049357674104,0.06051386071670047,0.0,0.004563894523326572,0.03313049357674104,0.06051386071670047,0.028397565922920892,0.051217038539553755,0.002028397565922921,0.0042258282623394185,0.0008451656524678837,0.017748478701825558
Japan_006839.jpg,longitudinal crack,control,0.03211629479377958,0.07809330628803246,0.035665990534144695,0.08772819472616633,0.03228532792427316,0.07826233941852603,0.03279242731575389,0.07809330628803246,0.01977687626774848,0.05172413793103448,0.032623394185260314,0.07792427315753887,0.03177822853279243,0.072684246112238,0.017241379310344827,0.03803245436105477,0.029411764705882353,0.07420554428668019
Japan_006839.jpg,longitudinal crack,damage,0.024493243243243243,0.10684121621621621,0.026182432432432432,0.10092905405405406,0.02533783783783784,0.1089527027027027,0.022381756756756757,0.10641891891891891,0.041807432432432436,0.08445945945945946,0.02533783783783784,0.1085304054054054,0.028293918918918918,0.10641891891891891,0.012246621621621621,0.019425675675675675,0.033783783783783786,0.09755067567567567
Japan_006839.jpg,longitudinal crack,control,0.0004222972972972973,0.024070945945945946,0.0,0.02195945945945946,0.0004222972972972973,0.024070945945945946,0.0004222972972972973,0.024070945945945946,0.0,0.028293918918918918,0.0004222972972972973,0.024070945945945946,0.0004222972972972973,0.022804054054054054,0.01097972972972973,0.01097972972972973,0.0016891891891891893,0.0629222972972973
Japan_006899.jpg,longitudinal crack,damage,0.037037037037037035,0.042328042328042326,0.03968253968253968,0.04497354497354497,0.03968253968253968,0.04497354497354497,0.03968253968253968,0.04497354497354497,0.0,0.017195767195767195,0.03968253968253968,0.04497354497354497,0.04894179894179894,0.056878306878306875,0.0,0.0,0.0,0.0
Japan_006899.jpg,longitudinal crack,control,0.0,0.0,0.0,0.0,0.0,0.0,0.0,0.0,0.0,0.0,0.0,0.0,0.0,0.0,0.0013227513227513227,0.056878306878306875,0.24735449735449735,0.24867724867724866
Japan_006901.jpg,alligator crack,damage,0.014083368366587976,0.020971445202600008,0.014148045144390907,0.021036121980402937,0.014196552727743103,0.021084629563755133,0.013873168838728455,0.020761245674740483,0.011835850337936164,0.0924392846748375,0.014131875949940174,0.02105229117485367,0.018529896840539406,0.024302299259450894,0.0179801442292145,0.03798143776477056,0.009620670698185816,0.04344662548911813
Japan_006901.jpg,alligator crack,control,0.06740937166510365,0.13145555088445493,0.058936713772919834,0.12400155224266728,0.06920415224913495,0.1322316722180901,0.06913947547133202,0.1356757106360961,0.1707790317886363,0.4138343627720467,0.07014196552727743,0.1305824143841154,0.06915564466578275,0.12393687546486434,0.16827280664877275,0.3273130032661773,0.19829900074378295,0.4605471655402128
Japan_006968.jpg,alligator crack,damage,0.03665433012583272,0.049267209474463364,0.036476683937823835,0.04908956328645448,0.036624722427831234,0.04929681717246484,0.03659511472982976,0.04929681717246484,0.00014803849000740192,0.04417468541820874,0.036624722427831234,0.04929681717246484,0.03499629903774981,0.043523316062176166,0.002072538860103627,0.004411547002220577,0.005447816432272391,0.010925240562546262
Japan_006968.jpg,alligator crack,control,0.015218356772760918,0.035558845299777944,0.014715025906735752,0.03558845299777942,0.01530717986676536,0.03573649148778683,0.01527757216876388,0.035233160621761656,0.0023686158401184307,0.028097705403404886,0.01530717986676536,0.03573649148778683,0.01474463360473723,0.03165062916358253,0.015040710584752036,0.02081421169504071,0.006069578090303479,0.017527757216876386
Japan_006968.jpg,alligator crack,damage,0.032989690721649485,0.06391752577319587,0.032989690721649485,0.06350515463917526,0.032989690721649485,0.0643298969072165,0.032989690721649485,0.06391752577319587,0.0053608247422680414,0.11752577319587629,0.032989690721649485,0.0643298969072165,0.037525773195876286,0.0622680412371134,0.0,0.004123711340206186,0.018969072164948454,0.018969072164948454
Japan_006968.jpg,alligator crack,control,0.0016494845360824743,0.010721649484536083,0.0016494845360824743,0.010721649484536083,0.0016494845360824743,0.010721649484536083,0.0016494845360824743,0.010721649484536083,0.0,0.015257731958762887,0.0016494845360824743,0.010721649484536083,0.002061855670103093,0.009896907216494845,0.0,0.0,0.0,0.0
Japan_007019.jpg,alligator crack,damage,0.022431930693069306,0.14433787128712872,0.022122524752475246,0.1438737623762376,0.022122524752475246,0.14402846534653466,0.022741336633663366,0.14449257425742573,0.002165841584158416,0.014696782178217821,0.022122524752475246,0.14402846534653466,0.01608910891089109,0.1328898514851485,0.024907178217821783,0.040532178217821783,0.0029393564356435644,0.01021039603960396
Japan_007019.jpg,alligator crack,control,0.012066831683168317,0.012685643564356437,0.011602722772277228,0.012221534653465347,0.011912128712871287,0.012530940594059407,0.012685643564356437,0.013304455445544554,0.0,0.011602722772277228,0.011912128712871287,0.012530940594059407,0.008818069306930692,0.008972772277227722,0.04873143564356436,0.04873143564356436,0.003094059405940594,0.009127475247524752
Japan_007035.jpg,alligator crack,damage,0.004250780355434254,0.008485875174501592,0.0038743274826282684,0.00809373676532869,0.004282151428168087,0.008517246247235424,0.004313522500901918,0.008564302856336173,0.012407259266230609,0.06445186893165812,0.003968440700829765,0.00817216444716327,0.004658604300974071,0.008689787147271501,1.5685536366916068e-05,6.274214546766427e-05,0.04940943955578561,0.08498423603595125
Japan_007035.jpg,alligator crack,control,0.0583815663576616,0.10813608771351936,0.06169121453108089,0.11219864163255062,0.061989239722052294,0.11277900647812653,0.04860947720107289,0.1030853450033724,0.19909651310526563,0.4109296817404671,0.06227157937665678,0.11202610073251455,0.06095399432183583,0.11059871692312519,0.0471507223189497,0.11210452841434913,0.2404592725048233,0.5102504980157796
Japan_007035.jpg,transverse crack,damage,0.00783040488922842,0.00878533231474408,0.009358288770053475,0.00974025974025974,0.007639419404125287,0.008594346829640947,0.007448433919022154,0.008403361344537815,0.0,0.015087853323147441,0.00783040488922842,0.00878533231474408,0.00783040488922842,0.008403361344537815,0.002291825821237586,0.002291825821237586,0.05080213903743316,0.1674942704354469
Japan_007035.jpg,transverse crack,control,0.0819327731092437,0.1816271963330787,0.01871657754010695,0.12203972498090145,0.09549274255156608,0.19404125286478227,0.07734912146676852,0.1816271963330787,0.29736440030557676,0.6671122994652406,0.09549274255156608,0.19385026737967914,0.10313216195569137,0.18850267379679145,0.08384262796027502,0.18449197860962566,0.3519862490450726,0.7563025210084033
Japan_007038.jpg,longitudinal crack,damage,0.08425720620842572,0.15654101995565411,0.08381374722838138,0.1614190687361419,0.08425720620842572,0.15654101995565411,0.08292682926829269,0.15077605321507762,0.00753880266075388,0.01818181818181818,0.08470066518847007,0.15388026607538802,0.09090909090909091,0.16807095343680709,0.0,0.03414634146341464,0.05454545454545454,0.07849223946784922
Japan_007038.jpg,longitudinal crack,control,0.003547671840354767,0.02350332594235033,0.0017738359201773836,0.021729490022172948,0.003547671840354767,0.024390243902439025,0.0066518847006651885,0.027494456762749447,0.0,0.0,0.0066518847006651885,0.027494456762749447,0.005321507760532151,0.026607538802660754,0.05144124168514413,0.16452328159645233,0.019068736141906874,0.13082039911308205
Japan_007043.jpg,transverse crack,damage,0.015669113495200452,0.17758328627893846,0.016092603049124788,0.17786561264822134,0.015951439864483344,0.1777244494635799,0.01510446075663467,0.17701863354037267,0.018351214003387916,0.042348955392433656,0.016233766233766232,0.17800677583286278,0.018068887634105024,0.1789949181253529,0.007481648785996612,0.007481648785996612,0.0001411631846414455,0.0001411631846414455
Japan_007043.jpg,transverse crack,control,0.000564652738565782,0.00282326369282891,0.000564652738565782,0.0026821005081874645,0.000564652738565782,0.00282326369282891,0.000564652738565782,0.0029644268774703555,0.0007058159232072275,0.003952569169960474,0.000564652738565782,0.00282326369282891,0.0007058159232072275,0.002258610954263128,0.0,0.0,0.0,0.00042348955392433656
Japan_007090.jpg,alligator crack,damage,0.0051920341394025606,0.0055476529160739686,0.007965860597439544,0.00860597439544808,0.005263157894736842,0.00561877667140825,0.0051920341394025606,0.0055476529160739686,0.0,0.01465149359886202,0.005263157894736842,0.00561877667140825,0.0064722617354196306,0.006685633001422475,0.018421052631578946,0.025817923186344238,0.0,0.0
Japan_007090.jpg,alligator crack,control,0.003058321479374111,0.005049786628733997,0.003982930298719772,0.006614509246088193,0.003058321479374111,0.005049786628733997,0.003058321479374111,0.005049786628733997,0.0,0.014793741109530583,0.003058321479374111,0.005049786628733997,0.003271692745376956,0.004907539118065434,0.016571834992887623,0.029516358463726886,0.0,0.0
Japan_007090.jpg,alligator crack,damage,0.007769343169749456,0.019423357924373642,0.008963255996293525,0.023414947075804556,0.009159271534979864,0.021205317366976728,0.007858441141879611,0.019726291029616167,0.03490858548059446,0.09282226736519476,0.009230549912683987,0.021294415339106882,0.011636195160198154,0.02145479168894116,0.05137389073024698,0.09831070244841228,0.021044941017142448,0.047382301578816066
Japan_007090.jpg,alligator crack,control,0.05320930895612816,0.13350440143982323,0.04273138743362201,0.12386400085534054,0.060586621048504936,0.14269931216365517,0.0536369792223529,0.1364802737089704,0.23803414234292028,0.5246088599023486,0.062493317652090236,0.14540789051641184,0.06359813250650415,0.1404184040771232,0.23600270857835276,0.45803485512669734,0.15367618233009017,0.33242453401760574
Japan_007338.jpg,pothole,damage,0.05703125,0.05703125,0.05546875,0.05546875,0.05703125,0.057421875,0.05625,0.056640625,0.0,0.046875,0.05703125,0.057421875,0.0671875,0.0671875,0.004296875,0.005859375,0.0,0.0015625
Japan_007338.jpg,pothole,control,0.001171875,0.001171875,0.001171875,0.001171875,0.001171875,0.001171875,0.001171875,0.001171875,0.0,0.001953125,0.001171875,0.001171875,0.001953125,0.001953125,0.0,0.0,0.0,0.0
Japan_007338.jpg,pothole,damage,0.037587412587412584,0.04020979020979021,0.039335664335664336,0.04195804195804196,0.037587412587412584,0.04108391608391608,0.037587412587412584,0.04108391608391608,0.0,0.0472027972027972,0.037587412587412584,0.04108391608391608,0.045454545454545456,0.0472027972027972,0.004370629370629371,0.004370629370629371,0.0,0.0034965034965034965
Japan_007338.jpg,pothole,control,0.0,0.0,0.0,0.0,0.0,0.0,0.0,0.0,0.0,0.0,0.0,0.0,0.0017482517482517483,0.0017482517482517483,0.0,0.0,0.0,0.0
Japan_007338.jpg,pothole,damage,0.042588042588042586,0.04504504504504504,0.04054054054054054,0.042588042588042586,0.04217854217854218,0.04463554463554464,0.04217854217854218,0.04463554463554464,0.0,0.04504504504504504,0.04217854217854218,0.04463554463554464,0.049959049959049956,0.052006552006552006,0.000819000819000819,0.0028665028665028664,0.0,0.0
Japan_007338.jpg,pothole,control,0.004914004914004914,0.005323505323505323,0.0036855036855036856,0.004095004095004095,0.0045045045045045045,0.004914004914004914,0.005323505323505323,0.005733005733005733,0.0,0.0045045045045045045,0.0045045045045045045,0.004914004914004914,0.006552006552006552,0.006961506961506962,0.021294021294021293,0.02334152334152334,0.0,0.0
Japan_007338.jpg,pothole,damage,0.08717948717948718,0.08717948717948718,0.09102564102564102,0.09102564102564102,0.08717948717948718,0.08717948717948718,0.08846153846153847,0.08846153846153847,0.0,0.09743589743589744,0.08717948717948718,0.08717948717948718,0.1,0.1,0.010256410256410256,0.016666666666666666,0.0,0.0
Japan_007338.jpg,pothole,control,0.001282051282051282,0.0038461538461538464,0.0,0.001282051282051282,0.001282051282051282,0.002564102564102564,0.001282051282051282,0.0038461538461538464,0.0,0.001282051282051282,0.001282051282051282,0.002564102564102564,0.001282051282051282,0.002564102564102564,0.020512820512820513,0.08717948717948718,0.0,0.0
Japan_007483.jpg,alligator crack,damage,0.09896103896103896,0.1496969696969697,0.09774891774891775,0.1491774891774892,0.09922077922077922,0.1496969696969697,0.09757575757575758,0.14822510822510823,0.07835497835497836,0.1728138528138528,0.0987012987012987,0.1491774891774892,0.12666666666666668,0.19558441558441558,0.028831168831168832,0.03619047619047619,0.0033766233766233766,0.06121212121212121
Japan_007483.jpg,alligator crack,control,0.027532467532467533,0.03696969696969697,0.027445887445887447,0.03696969696969697,0.027878787878787878,0.03748917748917749,0.027792207792207792,0.0374025974025974,0.08025974025974025,0.12173160173160173,0.027878787878787878,0.03748917748917749,0.04666666666666667,0.06424242424242424,0.008744588744588744,0.00909090909090909,0.0,0.008311688311688312
Japan_007527.jpg,longitudinal crack,damage,0.003951149425287357,0.017241379310344827,0.007543103448275862,0.02693965517241379,0.004310344827586207,0.017600574712643677,0.0021551724137931034,0.015445402298850575,0.0,0.0610632183908046,0.004310344827586207,0.017600574712643677,0.008261494252873564,0.020833333333333332,0.008979885057471264,0.014008620689655173,0.005028735632183908,0.00646551724137931
Japan_007527.jpg,longitudinal crack,control,0.0021551724137931034,0.023706896551724137,0.005028735632183908,0.034482758620689655,0.0021551724137931034,0.023706896551724137,0.0014367816091954023,0.022988505747126436,0.0,0.06465517241379311,0.0021551724137931034,0.023706896551724137,0.005028735632183908,0.024066091954022987,0.011853448275862068,0.015086206896551725,0.005387931034482759,0.006824712643678161
Japan_007527.jpg,transverse crack,damage,0.017676767676767676,0.08017676767676768,0.036616161616161616,0.04671717171717172,0.019570707070707072,0.05808080808080808,0.013257575757575758,0.1167929292929293,0.027146464646464648,0.1710858585858586,0.017045454545454544,0.11805555555555555,0.028409090909090908,0.07765151515151515,0.050505050505050504,0.22664141414141414,0.07575757575757576,0.25315656565656564
Japan_007527.jpg,transverse crack,control,0.0031565656565656565,0.008838383838383838,0.004419191919191919,0.013888888888888888,0.004419191919191919,0.010101010101010102,0.0025252525252525255,0.008207070707070708,0.0012626262626262627,0.03787878787878788,0.003787878787878788,0.00946969696969697,0.005050505050505051,0.00946969696969697,0.022727272727272728,0.028409090909090908,0.02335858585858586,0.036616161616161616
Japan_007536.jpg,alligator crack,damage,0.020998037566582563,0.02500700869077656,0.020998037566582563,0.024838800112139053,0.021012054948135687,0.025147182506307823,0.021096159237454445,0.02504906083543594,0.0,0.019652368937482477,0.020998037566582563,0.025133165124754695,0.027319876647042333,0.031553125876086344,0.013961312026913373,0.03055789178581441,0.0,2.8034763106251752e-05
Japan_007536.jpg,alligator crack,control,0.0576955424726661,0.14073451079338378,0.047504906083543595,0.13184749088870198,0.060148584244463135,0.1441547518923465,0.05846649845808803,0.1403560414914494,0.2127838519764508,0.4886319035604149,0.05873282870759742,0.14164564059433699,0.0679843005326605,0.1575273338940286,0.18703392206335856,0.36752172694140733,0.09032800672834315,0.19167367535744323
Japan_007557.jpg,alligator crack,damage,0.028819577327040012,0.03797253050984394,0.02768210230896798,0.03625037207126759,0.02901092826465961,0.03845090785389293,0.028968405834077476,0.037898116256325214,0.015488795339541608,0.09466556108347153,0.02901092826465961,0.03844027724624739,0.03469830335501977,0.042671259089169536,0.021654547773950757,0.04086405578942892,0.006463409448484075,0.015924650253008463
Japan_007557.jpg,alligator crack,control,0.059520772207339374,0.10442445890207085,0.038791087298549985,0.08505549177190969,0.06348598885912318,0.10897435897435898,0.058723476633924396,0.10471148530850023,0.22183952034698304,0.4581791895224731,0.06402814984904537,0.10949525874899009,0.06380490708848918,0.10286175957817749,0.18500446485521113,0.3515435642301314,0.08628864225879151,0.22169069183994558
Japan_007557.jpg,alligator crack,damage,0.032931121166415285,0.04057315233785822,0.03273001508295626,0.04032176973353444,0.03288084464555053,0.040522875816993466,0.0330316742081448,0.04062342885872298,0.0024132730015082957,0.07521367521367521,0.03288084464555053,0.04047259929612871,0.039567621920563095,0.046053293112116644,0.0030668677727501256,0.009502262443438913,0.0005530417295123177,0.0005530417295123177
Japan_007557.jpg,alligator crack,control,0.003519356460532931,0.054650578179989945,0.0032679738562091504,0.04268476621417798,0.0036199095022624436,0.0583710407239819,0.003519356460532931,0.05299145299145299,0.33157365510306686,0.6972850678733031,0.003519356460532931,0.05746606334841629,0.004122674710910005,0.06153846153846154,0.20819507290095526,0.4471593765711413,0.08094519859225742,0.1701860231271996
Japan_007751.jpg,alligator crack,damage,0.022081108385048346,0.023524318083417522,0.021888680425265792,0.023379997113580603,0.02236975032472218,0.023812960023091356,0.022033001395102707,0.02342810410352624,4.8106989945639104e-05,0.0781257516717179,0.02236975032472218,0.023812960023091356,0.022706499254341657,0.023331890123634964,0.010872179727714436,0.013229422235050753,0.000481069899456391,0.022273536344830903
Japan_007751.jpg,alligator crack,control,0.004858805984509549,0.008226295280704286,0.004570164044835715,0.008081974310867369,0.004858805984509549,0.008130081300813009,0.004858805984509549,0.008226295280704286,0.0,0.025544811661134363,0.004858805984509549,0.008130081300813009,0.004570164044835715,0.007119834511954587,0.002212921537499399,0.004858805984509549,0.01650069755135421,0.03131765045461105
Japan_007751.jpg,alligator crack,damage,0.050755718954248366,0.16018178104575165,0.05039828431372549,0.16079452614379086,0.05131740196078431,0.161203022875817,0.050296160130718956,0.15936478758169934,0.029616013071895424,0.1371527777777778,0.05131740196078431,0.161203022875817,0.05065359477124183,0.1551266339869281,0.041207107843137254,0.09860089869281045,0.03278186274509804,0.10197099673202614
Japan_007751.jpg,alligator crack,control,0.03191380718954248,0.0808312908496732,0.02267156862745098,0.07230392156862746,0.03390522875816993,0.08287377450980392,0.03211805555555555,0.08093341503267974,0.037888071895424834,0.11754493464052287,0.029360702614379085,0.07832924836601307,0.03079044117647059,0.07735906862745098,0.07689950980392157,0.21226511437908496,0.14767156862745098,0.266186683006536
Japan_007992.jpg,pothole,damage,0.061500177746178455,0.09070133563556955,0.06363313188766441,0.09166624346147986,0.06139860850134579,0.09090447412523488,0.060992331522015136,0.09115839723731654,0.00807475496419684,0.08282971916103804,0.06368391651008075,0.0917170280838962,0.06393783962216242,0.08780661215783861,0.050733837793916,0.060941546899598804,0.06525823980498704,0.12000406276979331
Japan_007992.jpg,pothole,control,0.026915849880656137,0.03113097354121172,0.027118988370321468,0.030978619673962725,0.026915849880656137,0.031232542786044384,0.026915849880656137,0.031283327408460716,0.002082169519069626,0.019501295007871615,0.0271697729927378,0.031029404296379057,0.024884464984002843,0.02747448072723579,0.039459651617490224,0.07780204154182113,0.0761769336244985,0.17556243969326088
Japan_007992.jpg,pothole,damage,0.04032258064516129,0.07007168458781363,0.04390681003584229,0.06989247311827956,0.04032258064516129,0.06971326164874551,0.03978494623655914,0.07007168458781363,0.022939068100358423,0.07060931899641577,0.04390681003584229,0.06989247311827956,0.044623655913978495,0.06971326164874551,0.048566308243727596,0.06594982078853047,0.012365591397849462,0.09408602150537634
Japan_007992.jpg,pothole,control,0.0016129032258064516,0.004121863799283154,0.0017921146953405018,0.004480286738351254,0.0016129032258064516,0.004301075268817204,0.0016129032258064516,0.004121863799283154,0.0,0.004121863799283154,0.0017921146953405018,0.004480286738351254,0.0016129032258064516,0.002867383512544803,0.0,0.015591397849462365,0.08243727598566308,0.09086021505376345
Japan_008079.jpg,pothole,damage,0.1318570143884892,0.15849820143884893,0.08678057553956835,0.09858363309352518,0.18221672661870503,0.21964928057553956,0.18199190647482014,0.30553057553956836,0.1252248201438849,0.3341951438848921,0.17637140287769784,0.29889838129496404,0.14500899280575538,0.17423561151079137,0.06991906474820143,0.2395458633093525,0.17625899280575538,0.45784622302158273
Japan_008079.jpg,pothole,control,0.003147482014388489,0.003147482014388489,0.0019109712230215828,0.0019109712230215828,0.008430755395683453,0.00910521582733813,0.016299460431654676,0.016299460431654676,0.0,0.004383992805755395,0.016299460431654676,0.016299460431654676,0.0038219424460431656,0.0038219424460431656,0.0,0.00427158273381295,0.03732014388489208,0.09892086330935251
Japan_008079.jpg,pothole,damage,0.047172726336388915,0.08569368627047069,0.03007518796992481,0.05973838706354928,0.08589968070862086,0.13647131527448758,0.09949531362653208,0.1774642084663714,0.0493356679369657,0.19342877742300957,0.09434545267277783,0.1705633947883407,0.05304356782366876,0.09259449994850139,0.02008445771964157,0.11504789370686991,0.1198887630033989,0.3411267895766814
Japan_008079.jpg,pothole,control,0.0022659388196518693,0.0022659388196518693,0.0011329694098259346,0.0011329694098259346,0.006282830363580183,0.006797816458955608,0.01390462457513647,0.01390462457513647,0.0,0.00041198887630033987,0.013595632917911216,0.013595632917911216,0.002780924915027294,0.002780924915027294,0.00020599443815016993,0.00041198887630033987,0.03872695437223195,0.09630239983520444
Japan_008079.jpg,pothole,damage,0.05472972972972973,0.10202702702702703,0.05878378378378379,0.060810810810810814,0.11148648648648649,0.15945945945945947,0.07297297297297298,0.325,0.0722972972972973,0.38716216216216215,0.07567567567567568,0.32635135135135135,0.06621621621621622,0.11216216216216217,0.008783783783783784,0.25,0.11824324324324324,0.5425675675675675
Japan_008079.jpg,pothole,control,0.0,0.0033783783783783786,0.0,0.0,0.0033783783783783786,0.00472972972972973,0.0,0.08445945945945946,0.0,0.22432432432432434,0.0,0.08445945945945946,0.0,0.0033783783783783786,0.0,0.17297297297297298,0.04864864864864865,0.4608108108108108
Japan_008159.jpg,pothole,damage,0.03116710875331565,0.10941644562334217,0.035145888594164454,0.09416445623342175,0.03116710875331565,0.11007957559681697,0.03050397877984085,0.10742705570291777,0.0,0.09615384615384616,0.03116710875331565,0.10941644562334217,0.035145888594164454,0.10610079575596817,0.08885941644562334,0.09880636604774536,0.0,0.013262599469496022
Japan_008159.jpg,pothole,control,0.006631299734748011,0.029840848806366047,0.007294429708222812,0.028514588859416445,0.006631299734748011,0.03050397877984085,0.006631299734748011,0.029177718832891247,0.004641909814323607,0.01856763925729443,0.005968169761273209,0.029177718832891247,0.007957559681697613,0.028514588859416445,0.000663129973474801,0.023209549071618037,0.001989389920424403,0.001989389920424403
Japan_008159.jpg,alligator crack,damage,0.025691699604743084,0.04019724471391842,0.02559576345984113,0.03998618519513412,0.025749261291684256,0.04019724471391842,0.025423078399017612,0.03989024905023217,0.013047315706665643,0.05355155608427031,0.0258643846655666,0.040158870255957636,0.02732261406807629,0.04173222303234967,0.010975094976783452,0.023427606585056986,0.003971756398940865,0.00470087110019571
Japan_008159.jpg,alligator crack,control,0.08095091906826817,0.14843240339230207,0.09639663839748264,0.16318738247822248,0.08486511378026786,0.15274952991288998,0.05967228212901493,0.13129820791281324,0.2056679074408074,0.4300049886795349,0.09653094900034537,0.16220883380022258,0.09252081814344372,0.16303388464637936,0.16595034345139875,0.3459265512874631,0.07527149929007253,0.17746268083963315
Japan_008159.jpg,transverse crack,damage,0.0006587615283267457,0.0230566534914361,0.0006587615283267457,0.021080368906455864,0.0006587615283267457,0.02404479578392622,0.0006587615283267457,0.0230566534914361,0.013504611330698288,0.0533596837944664,0.0006587615283267457,0.02404479578392622,0.0009881422924901185,0.023386034255599472,0.058300395256917,0.06488801054018445,0.00691699604743083,0.009552042160737812
Japan_008159.jpg,transverse crack,control,0.00032938076416337287,0.009552042160737812,0.00032938076416337287,0.00922266139657444,0.00032938076416337287,0.009552042160737812,0.00032938076416337287,0.009552042160737812,0.0,0.0029644268774703555,0.00032938076416337287,0.009552042160737812,0.0006587615283267457,0.009552042160737812,0.0,0.0,0.0,0.0
Japan_008205.jpg,alligator crack,damage,0.001851851851851852,0.0025089605734767025,0.003106332138590203,0.004062126642771804,0.0019115890083632018,0.0025686977299880526,0.001971326164874552,0.002688172043010753,0.0,0.0030465949820788533,0.0019115890083632018,0.0025686977299880526,0.003106332138590203,0.003763440860215054,0.0,0.0,0.00023894862604540023,0.003166069295101553
Japan_008205.jpg,alligator crack,control,0.03530465949820789,0.08823178016726403,0.025627240143369177,0.07043010752688172,0.04133811230585424,0.0979689366786141,0.03142174432497013,0.08536439665471923,0.16152927120669056,0.38847072879330946,0.04109916367980884,0.09755077658303465,0.0543010752688172,0.11517323775388291,0.08219832735961768,0.14910394265232976,0.2360215053763441,0.5232377538829152
Japan_008205.jpg,alligator crack,damage,0.0044943820224719105,0.007087294727744166,0.006568712186689715,0.009853068280034571,0.00466724286949006,0.007260155574762317,0.00414866032843561,0.006741573033707865,0.0,0.007778738115816767,0.00466724286949006,0.007260155574762317,0.007260155574762317,0.009853068280034571,0.0,0.0,0.0010371650821089024,0.005531547104580812
Japan_008205.jpg,alligator crack,control,0.0005185825410544512,0.001382886776145203,0.0010371650821089024,0.0025929127052722557,0.0005185825410544512,0.001382886776145203,0.0005185825410544512,0.0015557476231633535,0.0,0.0012100259291270526,0.0005185825410544512,0.001382886776145203,0.0010371650821089024,0.0019014693171996544,0.0,0.0,0.00017286084701815038,0.00414866032843561
Japan_008380.jpg,alligator crack,damage,0.03992392655987126,0.0953405017921147,0.04135761831614366,0.09680345256382122,0.039997074098456584,0.09545753785385122,0.03971911345183234,0.0953405017921147,0.05876673249945139,0.11529515031819179,0.040070221637041915,0.09551605588471948,0.025587008997147245,0.0725184697534928,0.012113232389730085,0.01297637334503694,0.005456806378465365,0.034906005412917857
Japan_008380.jpg,alligator crack,control,0.06643259454319363,0.12787652695486798,0.0669007387901397,0.1285787433252871,0.06671055518981786,0.12834467120181406,0.0666081486357984,0.1286226318484383,0.09551605588471948,0.27025089605734764,0.06723721746763221,0.129002999049082,0.05756711286665204,0.11207665862043742,0.049667178699436765,0.07929193182649404,0.009640845585546046,0.03350157267207959
Japan_008380.jpg,transverse crack,damage,0.03855466567330974,0.04544607934438443,0.046377351462097226,0.05364127398025703,0.04116222760290557,0.048239895697522815,0.040230955485192774,0.048239895697522815,0.2182901843918793,0.29148817284410505,0.04116222760290557,0.048053641273980256,0.023281802942819892,0.027193145837213634,0.030918234308064816,0.033525796237660645,0.00018625442354255913,0.011175265412553549
Japan_008380.jpg,transverse crack,control,0.10989010989010989,0.17209908735332463,0.10951760104302477,0.17023654311789904,0.1089588377723971,0.17154032408269695,0.11510523374930155,0.17805922890668655,0.1631588750232818,0.2790091264667536,0.10877258334885453,0.16986403427081392,0.10206742410132241,0.15477742596386665,0.059415161110076366,0.06686533805177873,0.016762898118830322,0.024399329484075246
Japan_008495.jpg,transverse crack,damage,0.008304498269896194,0.008304498269896194,0.008304498269896194,0.008304498269896194,0.008304498269896194,0.008304498269896194,0.008304498269896194,0.008304498269896194,0.0,0.0,0.008304498269896194,0.008304498269896194,0.004844290657439446,0.004844290657439446,0.0,0.0,0.0,0.0
Japan_008495.jpg,transverse crack,control,0.0034602076124567475,0.004844290657439446,0.005536332179930796,0.006228373702422145,0.0034602076124567475,0.006228373702422145,0.004152249134948097,0.005536332179930796,0.09065743944636678,0.1439446366782007,0.0034602076124567475,0.006228373702422145,0.0034602076124567475,0.004152249134948097,0.04152249134948097,0.04152249134948097,0.02837370242214533,0.0726643598615917
Japan_008495.jpg,alligator crack,damage,0.012009803921568628,0.013725490196078431,0.012990196078431373,0.014705882352941176,0.012009803921568628,0.013480392156862746,0.0125,0.013970588235294118,0.004166666666666667,0.10882352941176471,0.012254901960784314,0.013725490196078431,0.006127450980392157,0.006372549019607843,0.00980392156862745,0.00980392156862745,0.0,0.03259803921568628
Japan_008495.jpg,alligator crack,control,0.003676470588235294,0.004901960784313725,0.004166666666666667,0.005392156862745098,0.003676470588235294,0.004901960784313725,0.004166666666666667,0.005392156862745098,0.0,0.008088235294117648,0.004166666666666667,0.005392156862745098,0.000980392156862745,0.0014705882352941176,0.0,0.0,0.0,0.0
Japan_008561.jpg,transverse crack,damage,0.0013736263736263737,0.019230769230769232,0.0010302197802197802,0.018887362637362636,0.0013736263736263737,0.019230769230769232,0.0013736263736263737,0.019574175824175824,0.0,0.0010302197802197802,0.0013736263736263737,0.019230769230769232,0.001717032967032967,0.017857142857142856,0.0,0.0,0.0,0.0
Japan_008561.jpg,transverse crack,control,0.0,0.0010302197802197802,0.0,0.0006868131868131869,0.0,0.0006868131868131869,0.0,0.0013736263736263737,0.0,0.0037774725274725275,0.0,0.0006868131868131869,0.0,0.0006868131868131869,0.0,0.0,0.0,0.0
Japan_008627.jpg,alligator crack,damage,0.020744931636020744,0.08942322803708942,0.019801980198019802,0.08895175231808895,0.021687883074021686,0.09036617947509036,0.021216407355021217,0.09115197234009115,0.031117397454031116,0.08392267798208393,0.021687883074021686,0.09036617947509036,0.019644821625019643,0.07465032217507465,0.005972025774005972,0.06003457488606003,0.023573785950023574,0.029231494578029232
Japan_008627.jpg,alligator crack,control,0.010215307245010215,0.020273455917020275,0.009586672953009587,0.019959138771019957,0.010215307245010215,0.020744931636020744,0.00942951438000943,0.019644821625019643,0.009272355807009273,0.07465032217507465,0.010215307245010215,0.020744931636020744,0.010372465818010372,0.016973125884016973,0.004243281471004243,0.01885902876001886,0.0,0.00722929435800723
Japan_008627.jpg,longitudinal crack,damage,0.03880718954248366,0.0494281045751634,0.03799019607843137,0.04779411764705882,0.03880718954248366,0.049019607843137254,0.03839869281045752,0.051470588235294115,0.0,0.03839869281045752,0.03880718954248366,0.049019607843137254,0.03104575163398693,0.03758169934640523,0.004901960784313725,0.05555555555555555,0.0,0.0625
Japan_008627.jpg,longitudinal crack,control,0.015931372549019607,0.044526143790849675,0.016339869281045753,0.044526143790849675,0.015931372549019607,0.04411764705882353,0.016339869281045753,0.0457516339869281,0.01715686274509804,0.03145424836601307,0.015931372549019607,0.04411764705882353,0.013888888888888888,0.03594771241830065,0.004493464052287581,0.010212418300653595,0.0,0.0024509803921568627
Japan_008749.jpg,longitudinal crack,damage,0.036544850498338874,0.03920265780730897,0.036544850498338874,0.03920265780730897,0.036544850498338874,0.03920265780730897,0.036544850498338874,0.03920265780730897,0.0,0.02724252491694352,0.036544850498338874,0.03920265780730897,0.038538205980066444,0.04119601328903655,0.0,0.0,0.0026578073089701,0.0026578073089701
Japan_008749.jpg,longitudinal crack,control,0.0053156146179402,0.0053156146179402,0.0053156146179402,0.0053156146179402,0.0053156146179402,0.0053156146179402,0.0053156146179402,0.0053156146179402,0.0,0.0053156146179402,0.0053156146179402,0.0053156146179402,0.006644518272425249,0.006644518272425249,0.0,0.0,0.0,0.0
Japan_008749.jpg,longitudinal crack,damage,0.013568521031207599,0.014382632293080054,0.013297150610583446,0.014111261872455903,0.013568521031207599,0.014382632293080054,0.01383989145183175,0.014654002713704206,0.0,0.0067842605156037995,0.013568521031207599,0.014382632293080054,0.01519674355495251,0.016010854816824967,0.0,0.000271370420624152,0.000542740841248304,0.000542740841248304
Japan_008749.jpg,longitudinal crack,control,0.01383989145183175,0.03419267299864315,0.01383989145183175,0.036635006784260515,0.01383989145183175,0.03364993215739484,0.01383989145183175,0.03364993215739484,0.02876526458616011,0.11831750339213026,0.014111261872455903,0.035278154681139755,0.014111261872455903,0.033921302578018994,0.014925373134328358,0.09308005427408413,0.10067842605156038,0.12754409769335143
Japan_008749.jpg,transverse crack,damage,0.0021929824561403508,0.0021929824561403508,0.0021929824561403508,0.0021929824561403508,0.0021929824561403508,0.0021929824561403508,0.0021929824561403508,0.0021929824561403508,0.0,0.0014619883040935672,0.0021929824561403508,0.0021929824561403508,0.0021929824561403508,0.0021929824561403508,0.0,0.0,0.0,0.0
Japan_008749.jpg,transverse crack,control,0.0,0.0014619883040935672,0.0,0.0014619883040935672,0.0,0.0014619883040935672,0.0,0.0014619883040935672,0.0,0.0,0.0,0.0014619883040935672,0.0,0.0014619883040935672,0.0,0.017543859649122806,0.0,0.0
Japan_008749.jpg,alligator crack,damage,0.012016718913270637,0.016849529780564265,0.012147335423197491,0.016849529780564265,0.012016718913270637,0.016849529780564265,0.012016718913270637,0.016588296760710552,0.0,0.013061650992685475,0.012016718913270637,0.016849529780564265,0.01371473354231975,0.018286311389759665,0.0,0.00039184952978056425,0.00026123301985370953,0.01319226750261233
Japan_008749.jpg,alligator crack,control,0.0011755485893416929,0.004440961337513062,0.0011755485893416929,0.004310344827586207,0.0011755485893416929,0.004440961337513062,0.0010449320794148381,0.0041797283176593526,0.00013061650992685477,0.006530825496342737,0.0011755485893416929,0.004440961337513062,0.002220480668756531,0.0053552769070010445,0.00013061650992685477,0.0023510971786833857,0.05890804597701149,0.06857366771159874
Japan_008942.jpg,transverse crack,damage,0.031186406186406185,0.06623931623931624,0.03250915750915751,0.06786731786731787,0.03184778184778185,0.067002442002442,0.02971102971102971,0.06496743996743996,0.0025437525437525437,0.044922669922669925,0.029965404965404965,0.06517094017094018,0.02787952787952788,0.05545380545380545,0.018772893772893772,0.03591778591778592,0.06405168905168905,0.10978835978835978
Japan_008942.jpg,transverse crack,control,0.1335978835978836,0.37164224664224665,0.1307997557997558,0.3688949938949939,0.13349613349613348,0.3726088726088726,0.13486975986975988,0.37128612128612126,0.059727309727309726,0.23931623931623933,0.13324175824175824,0.37154049654049653,0.129985754985755,0.3622812372812373,0.05204517704517705,0.07844932844932845,0.08765771265771266,0.118996743996744
Japan_008951.jpg,pothole,damage,0.11751662971175167,0.13968957871396895,0.11751662971175167,0.14079822616407983,0.11751662971175167,0.13968957871396895,0.1197339246119734,0.1419068736141907,0.0,0.06097560975609756,0.1197339246119734,0.14301552106430154,0.1319290465631929,0.1662971175166297,0.0,0.0011086474501108647,0.0011086474501108647,0.0011086474501108647
Japan_008951.jpg,pothole,control,0.009977827050997782,0.022172949002217297,0.011086474501108648,0.02106430155210643,0.009977827050997782,0.022172949002217297,0.009977827050997782,0.022172949002217297,0.13303769401330376,0.1973392461197339,0.011086474501108648,0.02106430155210643,0.01662971175166297,0.031042128603104215,0.0,0.0011086474501108647,0.0,0.0
Japan_008951.jpg,pothole,damage,0.10047846889952153,0.1303827751196172,0.10047846889952153,0.1303827751196172,0.10047846889952153,0.1303827751196172,0.10047846889952153,0.1303827751196172,0.0,0.08373205741626795,0.10047846889952153,0.1303827751196172,0.12081339712918661,0.15669856459330145,0.0,0.0,0.0,0.0
Japan_008951.jpg,pothole,control,0.0,0.0035885167464114833,0.0,0.0035885167464114833,0.0,0.0035885167464114833,0.0,0.0035885167464114833,0.0,0.10047846889952153,0.0,0.0035885167464114833,0.0023923444976076554,0.007177033492822967,0.0,0.0,0.0,0.0
Japan_008951.jpg,alligator crack,damage,0.011612364243943192,0.017794486215538845,0.011612364243943192,0.017627401837928155,0.011612364243943192,0.017794486215538845,0.011612364243943192,0.017794486215538845,0.06950710108604845,0.0998329156223893,0.011612364243943192,0.017627401837928155,0.018379281537176273,0.026482873851294903,0.0,0.0004177109440267335,0.0001670843776106934,0.0001670843776106934
Japan_008951.jpg,alligator crack,control,0.007685881370091897,0.010442773600668337,0.00760233918128655,0.010275689223057645,0.007685881370091897,0.010442773600668337,0.007685881370091897,0.010526315789473684,0.06248955722639933,0.11762740183792815,0.00760233918128655,0.010275689223057645,0.011278195488721804,0.015037593984962405,0.0,0.00810359231411863,0.0002506265664160401,0.0002506265664160401
Japan_008998.jpg,alligator crack,damage,0.008816386865167353,0.04030197444831591,0.007285397529299968,0.037979094076655055,0.009988385598141697,0.04161123429416112,0.008077288565093443,0.03954175905395418,0.08377151303980572,0.19261957554640483,0.009671629183824306,0.041875197972758946,0.00936543131665083,0.04047091120261852,0.07401541547883012,0.13718720304086157,0.06126069052898321,0.14392355611867808
Japan_008998.jpg,alligator crack,control,0.07247386759581882,0.17848168092070532,0.06448104740787668,0.16942244747122795,0.07413155949741315,0.18056171470805618,0.07284341674585577,0.17833386126069053,0.26706789145813536,0.5843205574912892,0.07399429838454229,0.18089958821666138,0.07089008552423187,0.17396262274311056,0.22921549994720727,0.43369232393622636,0.17778481680920705,0.40559602998627386
Japan_009054.jpg,alligator crack,damage,0.0014554411106135244,0.003694581280788177,0.0014554411106135244,0.003694581280788177,0.0014554411106135244,0.003694581280788177,0.0012315270935960591,0.003470667263770712,0.0,0.016793551276309895,0.0014554411106135244,0.003694581280788177,0.003134796238244514,0.005373936408419167,0.0,0.0004478280340349306,0.0,0.0
Japan_009054.jpg,alligator crack,control,0.00011195700850873264,0.0020152261531571876,0.00011195700850873264,0.0020152261531571876,0.00011195700850873264,0.0020152261531571876,0.00011195700850873264,0.0020152261531571876,0.0,0.003694581280788177,0.00011195700850873264,0.0020152261531571876,0.00011195700850873264,0.0020152261531571876,0.0,0.0,0.010300044782803403,0.11005373936408419
Japan_009054.jpg,pothole,damage,0.039986445272788884,0.0636507398621936,0.04049474754320569,0.06396136902744833,0.043911668361007565,0.06729357280018072,0.03114763357054106,0.05571557664068677,0.00016943409013893597,0.09581497797356828,0.043911668361007565,0.06729357280018072,0.05023720772619451,0.07294137580481193,0.0,0.028097819948040212,0.00626906133514063,0.03340675477239354
Japan_009054.jpg,pothole,control,0.0746921947362476,0.14876313114198578,0.07525697503671072,0.1498362137128657,0.07841974471930419,0.1531119394555518,0.06370721789223992,0.13664859369705185,0.05419066982943635,0.20981588162204903,0.07884332994465153,0.15347904665085282,0.08019880266576301,0.15376143680108437,0.03970405512255733,0.10092623969275952,0.08562069355020897,0.19287247260815543
Japan_009124.jpg,alligator crack,damage,0.006404901141743247,0.03313840155945419,0.005847953216374269,0.03258145363408521,0.006683375104427736,0.03341687552213868,0.006404901141743247,0.03313840155945419,0.010303536619326092,0.031467557783347255,0.006683375104427736,0.03341687552213868,0.008632692843219159,0.03508771929824561,0.015316067947646894,0.047619047619047616,0.003063213589529379,0.012809802283486493
Japan_009124.jpg,alligator crack,control,0.000556947925368978,0.000556947925368978,0.000556947925368978,0.000556947925368978,0.000556947925368978,0.000556947925368978,0.000556947925368978,0.000556947925368978,0.0,0.004455583402951824,0.000556947925368978,0.000556947925368978,0.000835421888053467,0.000835421888053467,0.001949317738791423,0.004734057365636313,0.0,0.0
Japan_009124.jpg,transverse crack,damage,0.011529126213592233,0.013956310679611651,0.010922330097087379,0.013349514563106795,0.011529126213592233,0.013956310679611651,0.011529126213592233,0.013956310679611651,0.0,0.0825242718446602,0.011529126213592233,0.013956310679611651,0.016383495145631068,0.018810679611650484,0.03216019417475728,0.03519417475728155,0.0006067961165048543,0.027912621359223302
Japan_009124.jpg,transverse crack,control,0.0054611650485436895,0.0491504854368932,0.00424757281553398,0.05157766990291262,0.0054611650485436895,0.04611650485436893,0.00424757281553398,0.05036407766990291,0.0,0.016383495145631068,0.0054611650485436895,0.04611650485436893,0.007888349514563107,0.038834951456310676,0.013956310679611651,0.08555825242718447,0.06432038834951456,0.08737864077669903
Japan_009124.jpg,transverse crack,damage,0.008762322015334063,0.008762322015334063,0.008762322015334063,0.008762322015334063,0.008762322015334063,0.008762322015334063,0.008762322015334063,0.008762322015334063,0.0,0.033953997809419496,0.008762322015334063,0.008762322015334063,0.009857612267250822,0.009857612267250822,0.0032858707557502738,0.00547645125958379,0.002190580503833516,0.002190580503833516
Japan_009124.jpg,transverse crack,control,0.0,0.19605695509309967,0.0,0.19605695509309967,0.0,0.19605695509309967,0.0,0.1982475355969332,0.1171960569550931,0.12157721796276014,0.0,0.19605695509309967,0.0,0.1927710843373494,0.03066812705366922,0.23986856516976998,0.018619934282584884,0.044906900328587074
Japan_009124.jpg,transverse crack,damage,0.024858757062146894,0.03559322033898305,0.024858757062146894,0.03559322033898305,0.025423728813559324,0.03615819209039548,0.024858757062146894,0.03559322033898305,0.0,0.11186440677966102,0.025423728813559324,0.03615819209039548,0.03728813559322034,0.0480225988700565,0.00903954802259887,0.02768361581920904,0.003389830508474576,0.010169491525423728
Japan_009124.jpg,transverse crack,control,0.001694915254237288,0.00903954802259887,0.001694915254237288,0.0096045197740113,0.001694915254237288,0.00903954802259887,0.001694915254237288,0.00903954802259887,0.0,0.03898305084745763,0.001694915254237288,0.00903954802259887,0.002824858757062147,0.010734463276836158,0.010169491525423728,0.010169491525423728,0.006779661016949152,0.007909604519774011
Japan_009124.jpg,transverse crack,damage,0.025210084033613446,0.03559070687098369,0.025210084033613446,0.03509639149777558,0.025210084033613446,0.03559070687098369,0.025210084033613446,0.03559070687098369,0.0,0.0731586752347998,0.025210084033613446,0.03559070687098369,0.031141868512110725,0.04102817597627286,0.007909045971329708,0.01828966880869995,0.002965892239248641,0.006920415224913495
Japan_009124.jpg,transverse crack,control,0.0034602076124567475,0.012852199703410776,0.0034602076124567475,0.012852199703410776,0.0034602076124567475,0.012852199703410776,0.0034602076124567475,0.012852199703410776,0.0,0.02619871478002966,0.0034602076124567475,0.012852199703410776,0.003954522985664854,0.012357884330202669,0.014829461196243203,0.017795353435491844,0.0,0.0004943153732081067
Japan_009301.jpg,alligator crack,damage,0.13833623135352796,0.27875903724718587,0.09175436990939874,0.18067173057563832,0.13877551020408163,0.2787956438180653,0.13994692047222476,0.2830786126109637,0.01118330740367896,0.03448338976846344,0.09407888716024526,0.1864372654891553,0.1417223391598792,0.27896037338702295,0.057691955706049236,0.1121808364601446,0.09111375491900796,0.18815777432049052
Japan_009301.jpg,alligator crack,control,0.05414111833074037,0.12832433421799214,0.030200420975565113,0.07381715017845704,0.05439736432689668,0.12872700649766633,0.0549098563192093,0.1292211952045392,0.059595497391781826,0.09982611878832251,0.030712912967877735,0.0732497483298252,0.05273176535188066,0.12329093072206461,0.07925322595405876,0.16937860345932096,0.06431774503523383,0.12867209664134713
Japan_009301.jpg,transverse crack,damage,0.048862115127175365,0.10620258813029898,0.023427041499330656,0.05064703257474342,0.048415885765283356,0.10597947344935296,0.04730031236055333,0.10887996430165105,0.0,0.00535475234270415,0.021642124051762607,0.053324408746095495,0.04596162427487729,0.09928603302097277,0.051316376617581434,0.06403391343150379,0.0107095046854083,0.09326193663543061
Japan_009301.jpg,transverse crack,control,0.036367692994199015,0.08099062918340026,0.022757697456492636,0.04172244533690317,0.036590807675145026,0.0821062025881303,0.03413654618473896,0.08299866131191433,0.008478357875948238,0.018072289156626505,0.0178491744756805,0.043284248103525214,0.03480589022757698,0.07318161535029005,0.07206604194556002,0.08813029897367247,0.058902275769745646,0.1354306113342258
Japan_009325.jpg,alligator crack,damage,0.026375524302985443,0.0617567234147545,0.022526523562792992,0.04453491241056008,0.026572908956328644,0.05773501110288675,0.02788058228472736,0.0763385146804836,0.026548235874660746,0.11902294596595114,0.028423390081421168,0.07545028374043918,0.032864544781643225,0.06634591660498396,0.05099925980754996,0.14791512459906242,0.0460152973106341,0.1465087589439921
Japan_009325.jpg,alligator crack,control,0.010905502097211943,0.026474216629657044,0.005674808783617074,0.0229459659511473,0.011250925240562546,0.02681963977300765,0.009844559585492229,0.025487293362941033,0.01613619541080681,0.06355785837651122,0.01149765605724155,0.02699235134468295,0.01389094497902788,0.02918825561312608,0.021070811744386873,0.04534912410560079,0.012410560078953862,0.0231680236861584
Japan_009345.jpg,alligator crack,damage,0.10785864978902954,0.1371308016877637,0.10803445850914205,0.13757032348804502,0.10838607594936708,0.1365154711673699,0.1075070323488045,0.14064697609001406,0.05581926863572433,0.14961322081575246,0.10812236286919831,0.13809774964838256,0.13291139240506328,0.17985232067510548,0.0145042194092827,0.0379746835443038,0.010109001406469762,0.04175457102672293
Japan_009345.jpg,alligator crack,control,0.04140295358649789,0.05309423347398031,0.04140295358649789,0.054940225035161744,0.04140295358649789,0.05450070323488045,0.04219409282700422,0.053445850914205346,0.017932489451476793,0.08482770745428973,0.04140295358649789,0.05388537271448664,0.05511603375527426,0.07788326300984529,0.006417018284106892,0.00808720112517581,0.00017580872011251758,0.0013185654008438818
Japan_009345.jpg,pothole,damage,0.28835164835164834,0.43032967032967034,0.3028571428571429,0.44747252747252747,0.28703296703296705,0.4298901098901099,0.28527472527472525,0.4224175824175824,0.2153846153846154,0.3534065934065934,0.290989010989011,0.43164835164835164,0.3283516483516484,0.48527472527472526,0.023296703296703296,0.036483516483516484,0.0,0.0778021978021978
Japan_009345.jpg,pothole,control,0.007032967032967033,0.1476923076923077,0.008791208791208791,0.1463736263736264,0.01098901098901099,0.1578021978021978,0.004835164835164835,0.13494505494505493,0.054945054945054944,0.09362637362637363,0.00967032967032967,0.149010989010989,0.018901098901098902,0.17626373626373626,0.0654945054945055,0.15120879120879122,0.014065934065934066,0.014065934065934066
Japan_009404.jpg,longitudinal crack,damage,0.038342290202563044,0.07389417114510129,0.03896238114923522,0.07606448945845391,0.0395824720959074,0.07544439851178172,0.03885903265812319,0.07389417114510129,0.10014468788755684,0.2371847871021083,0.041029350971475816,0.07596114096734188,0.04619677552707731,0.08278214138073584,0.0878462174452253,0.12071103761885077,0.09632079371641174,0.1795163290615957
Japan_009404.jpg,longitudinal crack,control,0.03100454733360893,0.06883009508061182,0.033588259611409675,0.07286068623398098,0.03100454733360893,0.07007027697395618,0.029661016949152543,0.06696982224059529,0.04588673005374121,0.2680859859446052,0.032864820173625464,0.07182720132286069,0.03069450186027284,0.06924348904505995,0.042889623811492354,0.10551880942538239,0.04971062422488632,0.08278214138073584
Japan_009404.jpg,alligator crack,damage,0.12054318970798449,0.21166020012252398,0.11639779456810292,0.20414539513988156,0.12013477639371044,0.21231366142536245,0.1259546661221156,0.21923626710230754,0.11298754339391465,0.25374719215846436,0.11874617112517868,0.2089442515826016,0.13395956708188686,0.22932407596487644,0.08942209516030222,0.13277516847049214,0.12005309373085563,0.21315090871962425
Japan_009404.jpg,alligator crack,control,0.011129262813967736,0.017520931182356547,0.009801919542577088,0.016806207882376967,0.011231366142536246,0.017908923830916888,0.012191137431080253,0.01884827445374719,0.03042679191341638,0.050500306309985706,0.010108229528282622,0.016622421890953646,0.01333469471104758,0.020257300387992647,0.032958954461915456,0.048703287727179904,0.027241168062078824,0.04421074127016541
Japan_009408.jpg,alligator crack,damage,0.009699385484138847,0.016508885567181532,0.009641255605381167,0.01578641421690749,0.009956817804351436,0.016849360571333665,0.009732602557714666,0.016890881913303436,0.030177711343630627,0.11583623982727122,0.010122903172230526,0.017214748380667663,0.013884736754691911,0.02016276366052151,0.006552067762830095,0.010446769639594752,0.055198472014615516,0.13888058462049493
Japan_009408.jpg,alligator crack,control,0.04112273708686265,0.08159774123899684,0.038955323036040525,0.07972097658196313,0.04117256269722638,0.08148148148148149,0.0444527487128384,0.08726955655206776,0.15524829762497924,0.3912722139179538,0.04405414382992858,0.08560039860488292,0.043481149310745724,0.0836488955323036,0.04277528649725959,0.06639262580966616,0.16143497757847533,0.3619249294137187
Japan_009521.jpg,alligator crack,damage,0.012203744555687538,0.024478194468012898,0.012005769557101646,0.02442163018270264,0.012868374908083036,0.025369081961649415,0.009559364217433112,0.021664121273827705,2.8282142655127553e-05,0.06502064596413824,0.012868374908083036,0.025369081961649415,0.009276542790881838,0.02142372306125912,0.0,0.0002969624978788393,0.007947282086090843,0.014932971321907348
Japan_009521.jpg,alligator crack,control,0.05096442106453985,0.11587193845805759,0.04902709429266361,0.11529215453362747,0.05394818711465581,0.11911024379206969,0.04751399966061429,0.1119972849143051,0.060976299564455,0.21106963063521691,0.053806776401380166,0.11908196164941456,0.051247242491091125,0.11457095989592171,0.018977317721590586,0.02568018553085582,0.10195712427173483,0.20944340743254708
Japan_009565.jpg,alligator crack,damage,0.017946808510638297,0.02342553191489362,0.018053191489361704,0.023414893617021277,0.018021276595744682,0.023510638297872342,0.018,0.023297872340425532,0.014308510638297873,0.04546808510638298,0.018106382978723405,0.023606382978723403,0.021319148936170214,0.02651063829787234,0.02346808510638298,0.03269148936170213,0.011861702127659574,0.03536170212765957
Japan_009565.jpg,alligator crack,control,0.047180851063829785,0.14635106382978724,0.02396808510638298,0.11785106382978723,0.05186170212765957,0.15163829787234043,0.048723404255319146,0.15332978723404256,0.38465957446808513,0.7965531914893617,0.05219148936170213,0.15536170212765957,0.06837234042553192,0.18053191489361703,0.3037021276595745,0.5904893617021276,0.32804255319148934,0.7005425531914894
Japan_009660.jpg,longitudinal crack,damage,0.01338345864661654,0.021052631578947368,0.003157894736842105,0.0055639097744360905,0.003157894736842105,0.005413533834586466,0.014736842105263158,0.02360902255639098,0.03684210526315789,0.07263157894736842,0.003157894736842105,0.005413533834586466,0.008721804511278195,0.012932330827067668,0.005263157894736842,0.005714285714285714,0.0,0.0
Japan_009660.jpg,longitudinal crack,control,0.002556390977443609,0.007067669172932331,0.0012030075187969924,0.002706766917293233,0.0012030075187969924,0.003157894736842105,0.002556390977443609,0.007067669172932331,0.01443609022556391,0.03699248120300752,0.0012030075187969924,0.003157894736842105,0.002406015037593985,0.005413533834586466,0.013533834586466165,0.013533834586466165,0.009774436090225564,0.03849624060150376
Japan_009660.jpg,transverse crack,damage,0.01859817813765182,0.022899797570850203,0.010121457489878543,0.011007085020242915,0.010121457489878543,0.011007085020242915,0.018977732793522266,0.02277327935222672,0.015182186234817813,0.03365384615384615,0.010121457489878543,0.011007085020242915,0.012272267206477732,0.013410931174089069,0.016067813765182185,0.018345141700404858,0.010501012145748988,0.053643724696356275
Japan_009660.jpg,transverse crack,control,0.009994939271255061,0.014802631578947368,0.004175101214574899,0.004934210526315789,0.0031629554655870445,0.004048582995951417,0.009741902834008097,0.014676113360323886,0.0,0.005819838056680162,0.0031629554655870445,0.004048582995951417,0.00430161943319838,0.005440283400809717,0.007338056680161943,0.00860323886639676,0.0015182186234817814,0.01492914979757085
Japan_009738.jpg,longitudinal crack,damage,0.0045377197958026095,0.008508224617129892,0.0017016449234259785,0.003970504821327283,0.0017016449234259785,0.003970504821327283,0.0005672149744753262,0.0028360748723766306,0.0,0.036301758366420876,0.0017016449234259785,0.003970504821327283,0.0017016449234259785,0.005672149744753261,0.0,0.0,0.0,0.0
Japan_009738.jpg,longitudinal crack,control,0.01588201928530913,0.07260351673284175,0.008508224617129892,0.04197390811117414,0.009642654566080544,0.046511627906976744,0.00737379466817924,0.0476460578559274,0.0,0.019285309132161088,0.009642654566080544,0.046511627906976744,0.018150879183210438,0.07543959160521838,0.0,0.0,0.0,0.0
Japan_009738.jpg,longitudinal crack,damage,0.009009009009009009,0.009009009009009009,0.0045045045045045045,0.0045045045045045045,0.0045045045045045045,0.0045045045045045045,0.0045045045045045045,0.0045045045045045045,0.0,0.006006006006006006,0.0045045045045045045,0.0045045045045045045,0.009009009009009009,0.009009009009009009,0.0,0.0,0.0,0.0
Japan_009738.jpg,longitudinal crack,control,0.0,0.0,0.0,0.0,0.0,0.0,0.0,0.0,0.0,0.0,0.0,0.0,0.0,0.0,0.0,0.0,0.0,0.0
Japan_009798.jpg,alligator crack,damage,0.04537286612758311,0.05121293800539083,0.04537286612758311,0.05121293800539083,0.04582210242587601,0.05211141060197664,0.044923629829290206,0.050314465408805034,0.01752021563342318,0.12488769092542677,0.04582210242587601,0.05211141060197664,0.05121293800539083,0.05929919137466307,0.0013477088948787063,0.0013477088948787063,0.0,0.0
Japan_009798.jpg,alligator crack,control,0.0004492362982929021,0.0004492362982929021,0.0004492362982929021,0.0004492362982929021,0.0004492362982929021,0.0004492362982929021,0.0004492362982929021,0.0004492362982929021,0.016172506738544475,0.10377358490566038,0.0004492362982929021,0.0004492362982929021,0.0004492362982929021,0.0004492362982929021,0.0,0.0,0.0,0.0
Japan_009798.jpg,longitudinal crack,damage,0.01577012383900929,0.03782894736842105,0.015673374613003097,0.037635448916408666,0.015673374613003097,0.037635448916408666,0.015673374613003097,0.03753869969040248,0.01431888544891641,0.08997678018575851,0.015673374613003097,0.037635448916408666,0.01944659442724458,0.04150541795665635,0.0007739938080495357,0.0007739938080495357,0.0,0.0009674922600619195
Japan_009798.jpg,longitudinal crack,control,0.0029992260061919504,0.004934210526315789,0.0029992260061919504,0.004740712074303406,0.0030959752321981426,0.004934210526315789,0.0029024767801857586,0.004934210526315789,0.05185758513931889,0.1322561919504644,0.0030959752321981426,0.005030959752321981,0.00445046439628483,0.006869195046439629,0.0,0.0,0.0,0.0
Japan_009824.jpg,transverse crack,damage,0.01773049645390071,0.01773049645390071,0.015704154002026342,0.016210739614994935,0.015197568389057751,0.015197568389057751,0.025329280648429583,0.025329280648429583,0.006585612968591692,0.02735562310030395,0.025329280648429583,0.025329280648429583,0.02077001013171226,0.02077001013171226,0.07041540020263425,0.07801418439716312,0.02330293819655522,0.030395136778115502
Japan_009824.jpg,transverse crack,control,0.008611955420466059,0.008611955420466059,0.008105369807497468,0.008105369807497468,0.007598784194528876,0.007598784194528876,0.008611955420466059,0.008611955420466059,0.0,0.008105369807497468,0.008611955420466059,0.008611955420466059,0.008611955420466059,0.008611955420466059,0.002026342451874367,0.0025329280648429585,0.0070921985815602835,0.008105369807497468
Japan_009896.jpg,longitudinal crack,damage,0.027566807313642756,0.035864978902953586,0.02812939521800281,0.03741209563994374,0.027144866385372713,0.036286919831223625,0.02728551336146273,0.034317862165963435,0.024050632911392405,0.07130801687763713,0.0279887482419128,0.03713080168776371,0.021237693389592124,0.024894514767932488,0.024753867791842476,0.02911392405063291,0.013924050632911392,0.014767932489451477
Japan_009896.jpg,longitudinal crack,control,0.02278481012658228,0.06765119549929677,0.027707454289732772,0.07088607594936709,0.02390998593530239,0.06919831223628692,0.020253164556962026,0.06610407876230662,0.0749648382559775,0.1928270042194093,0.02419127988748242,0.06976090014064698,0.018424753867791844,0.05119549929676512,0.03333333333333333,0.048241912798874825,0.01659634317862166,0.0808720112517581
Japan_009896.jpg,longitudinal crack,damage,0.03241252302025783,0.039226519337016576,0.03314917127071823,0.03959484346224678,0.032780847145488026,0.039779005524861875,0.03186003683241252,0.039042357274401474,0.0721915285451197,0.09281767955801105,0.032780847145488026,0.03959484346224678,0.0281767955801105,0.032044198895027624,0.00018416206261510129,0.00018416206261510129,0.0,0.0005524861878453039
Japan_009896.jpg,longitudinal crack,control,0.003130755064456722,0.00865561694290976,0.003130755064456722,0.008839779005524863,0.003130755064456722,0.00865561694290976,0.003130755064456722,0.008839779005524863,0.034990791896869246,0.09705340699815838,0.003130755064456722,0.00865561694290976,0.003130755064456722,0.006998158379373849,0.0,0.0,0.0,0.0
Japan_010051.jpg,longitudinal crack,damage,0.0,0.0,0.0,0.0,0.0,0.0004761904761904762,0.0,0.0,0.0019047619047619048,0.13047619047619047,0.0,0.0,0.0,0.0004761904761904762,0.0,0.002857142857142857,0.0,0.0
Japan_010051.jpg,longitudinal crack,control,0.0,0.0,0.0,0.0,0.0,0.0,0.0,0.0,0.0,0.06523809523809523,0.0,0.0,0.0,0.0,0.0,0.0,0.0,0.0
Japan_010121.jpg,longitudinal crack,damage,0.03438339844291137,0.04421910065663702,0.0326379076275178,0.04081123763610672,0.033552212340343,0.04496716814894855,0.034909816307871336,0.04488404953869171,0.05278031751309118,0.13412573075111517,0.035159172138641843,0.0456044108275843,0.036932369157454355,0.04831961876264095,0.03590723963095337,0.06641176959521237,0.015044468456487407,0.05444268971822791
Japan_010121.jpg,longitudinal crack,control,0.0905438727731139,0.17274817831712522,0.0918183581303854,0.17468761255645138,0.09112570304491176,0.1752417366248303,0.08976809907738342,0.16931260909317597,0.07935056659185992,0.21738287202504641,0.09156900229961489,0.17496467459064086,0.09553098938852408,0.17912060510348268,0.0163189538137589,0.04629706591305793,0.03629512647881861,0.04665724655750422
Japan_010121.jpg,longitudinal crack,damage,0.06029637199795605,0.06719468574348493,0.05825242718446602,0.06642820643842616,0.06055186509964231,0.06745017884517118,0.0633622892181911,0.07026060296371998,0.04292284108329075,0.0830352580480327,0.0633622892181911,0.07026060296371998,0.06438426162493613,0.07051609606540624,0.0,0.014563106796116505,0.0,0.0035769034236075624
Japan_010121.jpg,longitudinal crack,control,0.0007664793050587634,0.0007664793050587634,0.0002554931016862545,0.0002554931016862545,0.0007664793050587634,0.0007664793050587634,0.001021972406745018,0.001021972406745018,0.004598875830352581,0.004598875830352581,0.001021972406745018,0.001021972406745018,0.0007664793050587634,0.0007664793050587634,0.0,0.0,0.0,0.0
Japan_010121.jpg,longitudinal crack,damage,0.03454997647375143,0.09827250117631244,0.033407272971701284,0.09665927270282987,0.03528937285743093,0.09921355111917725,0.03528937285743093,0.09901189755999193,0.020434227330779056,0.07393963836795053,0.03535659071049271,0.0993479868253008,0.03777643342071654,0.10149895812327754,0.007057874571486187,0.01277139208173691,0.0,0.020232573771593734
Japan_010121.jpg,longitudinal crack,control,0.043893258049337906,0.0599583249311017,0.046649190024870606,0.06331921758419036,0.045237615110573365,0.06116824628621362,0.040129058277878604,0.0561941251596424,0.10573368286616926,0.27687033676144385,0.045372050816696916,0.06163877125764603,0.04604422934731465,0.0649996639107347,0.012435302816428044,0.0627142569066344,0.010217113665389528,0.03905357262889023
Japan_010121.jpg,transverse crack,damage,0.026874115983026876,0.027817067421027818,0.027817067421027818,0.02876001885902876,0.026874115983026876,0.027817067421027818,0.026874115983026876,0.027817067421027818,0.0,0.0,0.026874115983026876,0.027817067421027818,0.028288543140028287,0.029231494578029232,0.0,0.0,0.0,0.0
Japan_010121.jpg,transverse crack,control,0.0,0.0,0.0,0.0,0.0,0.0,0.0,0.0,0.0,0.0,0.0,0.0,0.0,0.0,0.0,0.0,0.0,0.0
Japan_010138.jpg,transverse crack,damage,0.0026619343389529724,0.005767524401064774,0.0022182786157941437,0.0044365572315882874,0.0026619343389529724,0.006211180124223602,0.001774622892635315,0.003992901508429458,0.09361135758651287,0.3070097604259095,0.0026619343389529724,0.0048802129547471165,0.0026619343389529724,0.003992901508429458,0.08385093167701864,0.1095829636202307,0.0940550133096717,0.11401952085181899
Japan_010138.jpg,transverse crack,control,0.0,0.0008873114463176575,0.0,0.0008873114463176575,0.0,0.0008873114463176575,0.0,0.0008873114463176575,0.10869565217391304,0.28748890860692106,0.0,0.0008873114463176575,0.0,0.00044365572315882877,0.05323868677905945,0.1095829636202307,0.0417036379769299,0.04614019520851819
Japan_010138.jpg,transverse crack,damage,0.03908355795148248,0.04043126684636118,0.03908355795148248,0.04043126684636118,0.03773584905660377,0.03908355795148248,0.03908355795148248,0.04043126684636118,0.0,0.14016172506738545,0.03908355795148248,0.04043126684636118,0.03908355795148248,0.04043126684636118,0.0,0.0,0.0,0.0
Japan_010138.jpg,transverse crack,control,0.004043126684636119,0.005390835579514825,0.004043126684636119,0.005390835579514825,0.004043126684636119,0.005390835579514825,0.004043126684636119,0.005390835579514825,0.0,0.0673854447439353,0.004043126684636119,0.005390835579514825,0.004043126684636119,0.004043126684636119,0.0,0.0,0.0,0.0
Japan_010255.jpg,longitudinal crack,damage,0.06626506024096386,0.10154905335628227,0.05679862306368331,0.10757314974182444,0.06597819850831899,0.10183591508892714,0.05909351692484223,0.08921399885255307,0.012335054503729202,0.030120481927710843,0.03126792885829031,0.050774526678141134,0.05966724039013196,0.08491107286288009,0.0017211703958691911,0.0017211703958691911,0.00889271371199082,0.00889271371199082
Japan_010255.jpg,longitudinal crack,control,0.037292025243832475,0.04618473895582329,0.025243832472748137,0.047332185886402756,0.039873780837636257,0.04905335628227195,0.02868617326448652,0.031841652323580036,0.0011474469305794606,0.005737234652897304,0.009753298909925417,0.012048192771084338,0.03155479059093517,0.034710269650028686,0.0,0.0,0.0,0.0
Japan_010255.jpg,alligator crack,damage,0.03993649242794333,0.05263800683927699,0.035417684416218856,0.051538837322911576,0.040058622374206154,0.05288226673180264,0.04091353199804592,0.053126526624328284,0.0039081582804103565,0.013312164142647777,0.020639960918417195,0.026746458231558377,0.03517342452369321,0.04433317049340498,0.0,0.0,0.013678553981436248,0.013678553981436248
Japan_010255.jpg,alligator crack,control,0.09904738641914998,0.17024914509037617,0.09929164631167563,0.1704934049829018,0.0986809965803615,0.1698827552515877,0.10136785539814362,0.1720810942843185,0.03492916463116756,0.15828041035661944,0.06008793356130923,0.12408402540302882,0.06680508060576454,0.13458720078163167,0.0,0.0,0.001709819247679531,0.0028089887640449437
Japan_010371.jpg,alligator crack,damage,0.008804232804232804,0.03129100529100529,0.006592592592592593,0.03125925925925926,0.008793650793650794,0.03129100529100529,0.009333333333333334,0.031735449735449735,0.07687830687830688,0.16555555555555557,0.009280423280423281,0.03153439153439153,0.011798941798941798,0.032306878306878305,0.01911111111111111,0.028105820105820106,0.017619047619047618,0.03603174603174603
Japan_010371.jpg,alligator crack,control,0.10492063492063491,0.19926984126984126,0.1040952380952381,0.2006984126984127,0.10524867724867724,0.1994920634920635,0.10464550264550264,0.19925925925925925,0.20203174603174603,0.4657354497354497,0.10595767195767196,0.20067724867724868,0.1048994708994709,0.19373544973544973,0.09602116402116402,0.18173544973544972,0.10360846560846561,0.23271957671957672
Japan_010373.jpg,alligator crack,damage,0.030506807992933687,0.047864273452994016,0.02449044214455944,0.04103961468593237,0.03126510341149609,0.04921420595636885,0.03079846007699615,0.048289252204056464,0.04903088178924387,0.1455593886972318,0.03125677049480859,0.049222538873056346,0.03229005216405846,0.04739763011849408,0.05645551055780544,0.09443694481942569,0.050122493875306234,0.11565255070579804
Japan_010373.jpg,alligator crack,control,0.07257137143142843,0.14768428245254403,0.06870489808842892,0.14260120327316966,0.07615452560705298,0.1520840624635435,0.0711881072613036,0.14733429995166908,0.2606869656517174,0.5777044481109278,0.07739613019349033,0.15344232788360582,0.07584620768961552,0.14841757912104395,0.21935569888172257,0.4280119327366965,0.21252270719797345,0.48522573871306435
Japan_010451.jpg,longitudinal crack,damage,0.01568627450980392,0.01568627450980392,0.01568627450980392,0.01568627450980392,0.01568627450980392,0.01568627450980392,0.01568627450980392,0.01568627450980392,0.0,0.0718954248366013,0.01568627450980392,0.01568627450980392,0.0196078431372549,0.0196078431372549,0.0,0.00130718954248366,0.0,0.0
Japan_010451.jpg,longitudinal crack,control,0.0,0.0,0.0,0.0,0.0,0.0,0.0,0.0,0.0,0.2222222222222222,0.0,0.0,0.0,0.0,0.0,0.00784313725490196,0.0,0.0
Japan_010451.jpg,longitudinal crack,damage,0.014957264957264958,0.0292022792022792,0.014957264957264958,0.0292022792022792,0.014957264957264958,0.0292022792022792,0.014957264957264958,0.0292022792022792,0.15883190883190884,0.23504273504273504,0.014957264957264958,0.0292022792022792,0.019230769230769232,0.03347578347578348,0.0,0.0,0.0,0.0
Japan_010451.jpg,longitudinal crack,control,0.0014245014245014246,0.008547008547008548,0.0014245014245014246,0.008547008547008548,0.0007122507122507123,0.007834757834757835,0.0014245014245014246,0.008547008547008548,0.12179487179487179,0.20156695156695156,0.0014245014245014246,0.008547008547008548,0.002849002849002849,0.009971509971509971,0.0,0.0,0.0,0.0
Japan_010451.jpg,transverse crack,damage,0.0052296126818107535,0.01160320313776761,0.004249060303971237,0.010622650759928094,0.0052296126818107535,0.01160320313776761,0.005393038078117339,0.011766628534074196,0.13678705670861252,0.3121425069455793,0.005393038078117339,0.011766628534074196,0.01029579996731492,0.017159666612191534,0.005393038078117339,0.029089720542572316,0.004085634907664651,0.033992482431769895
Japan_010451.jpg,transverse crack,control,0.0017976793593724465,0.024677234842294494,0.0016342539630658604,0.02516751103121425,0.0017976793593724465,0.024513809445987907,0.0017976793593724465,0.02435038404968132,0.11717600915182219,0.28043798006210163,0.0017976793593724465,0.025004085634907663,0.0026148063409053767,0.025494361823827423,0.0013074031704526884,0.00784441902271613,0.0,0.0032685079261317207
Japan_010568.jpg,transverse crack,damage,0.16228070175438597,0.16885964912280702,0.16228070175438597,0.16885964912280702,0.16228070175438597,0.16885964912280702,0.16228070175438597,0.16885964912280702,0.0,0.20833333333333334,0.16228070175438597,0.16885964912280702,0.16666666666666666,0.16885964912280702,0.006578947368421052,0.06359649122807018,0.0,0.0
Japan_010568.jpg,transverse crack,control,0.05921052631578947,0.07456140350877193,0.05921052631578947,0.07456140350877193,0.05921052631578947,0.07456140350877193,0.05921052631578947,0.07456140350877193,0.0,0.09210526315789473,0.05921052631578947,0.07456140350877193,0.06140350877192982,0.06798245614035088,0.0043859649122807015,0.013157894736842105,0.0,0.0
Japan_010568.jpg,transverse crack,damage,0.07936507936507936,0.07936507936507936,0.07539682539682539,0.07539682539682539,0.07936507936507936,0.07936507936507936,0.07936507936507936,0.07936507936507936,0.0,0.21428571428571427,0.07936507936507936,0.07936507936507936,0.10317460317460317,0.10317460317460317,0.13095238095238096,0.15079365079365079,0.04365079365079365,0.06746031746031746
Japan_010568.jpg,transverse crack,control,0.0,0.01984126984126984,0.0,0.01984126984126984,0.0,0.015873015873015872,0.0,0.01984126984126984,0.023809523809523808,0.28174603174603174,0.0,0.01984126984126984,0.0,0.01984126984126984,0.19444444444444445,0.24206349206349206,0.051587301587301584,0.16666666666666666
Japan_010568.jpg,transverse crack,damage,0.044534412955465584,0.044534412955465584,0.044534412955465584,0.044534412955465584,0.044534412955465584,0.044534412955465584,0.044534412955465584,0.044534412955465584,0.0,0.13157894736842105,0.044534412955465584,0.044534412955465584,0.058704453441295545,0.058704453441295545,0.03643724696356275,0.06477732793522267,0.04048582995951417,0.15182186234817813
Japan_010568.jpg,transverse crack,control,0.02631578947368421,0.04251012145748988,0.02834008097165992,0.04251012145748988,0.02631578947368421,0.04251012145748988,0.02631578947368421,0.04251012145748988,0.048582995951417005,0.23684210526315788,0.02631578947368421,0.04251012145748988,0.02631578947368421,0.04251012145748988,0.024291497975708502,0.10121457489878542,0.06275303643724696,0.10121457489878542
Japan_010568.jpg,transverse crack,damage,0.08754208754208755,0.08754208754208755,0.09090909090909091,0.09090909090909091,0.07744107744107744,0.07744107744107744,0.08754208754208755,0.08754208754208755,0.0,0.15824915824915825,0.07744107744107744,0.07744107744107744,0.09090909090909091,0.09090909090909091,0.0,0.06060606060606061,0.12121212121212122,0.12121212121212122
Japan_010568.jpg,transverse crack,control,0.0,0.0,0.0,0.0,0.0,0.0,0.0,0.0,0.0,0.13804713804713806,0.0,0.0,0.0,0.0,0.11447811447811448,0.11447811447811448,0.13804713804713806,0.13804713804713806
Japan_010611.jpg,pothole,damage,0.07929292929292929,0.15681818181818183,0.07828282828282829,0.15075757575757576,0.07954545454545454,0.15656565656565657,0.07803030303030303,0.15808080808080807,0.1452020202020202,0.4356060606060606,0.07777777777777778,0.15782828282828282,0.08308080808080807,0.15202020202020203,0.03434343434343434,0.09747474747474748,0.07222222222222222,0.27474747474747474
Japan_010611.jpg,pothole,control,0.012373737373737374,0.03156565656565657,0.012626262626262626,0.031818181818181815,0.012878787878787878,0.03257575757575758,0.012626262626262626,0.031818181818181815,0.0022727272727272726,0.053282828282828286,0.012626262626262626,0.031818181818181815,0.012373737373737374,0.025252525252525252,0.01792929292929293,0.027777777777777776,0.0,0.0
Japan_010733.jpg,alligator crack,damage,0.07719774334071271,0.21216882096693565,0.07701921016924945,0.21184746125830178,0.077269156609298,0.2122759408698136,0.077269156609298,0.212133114332643,0.07202028136827823,0.28729557951867457,0.0770549168035421,0.2119902877954724,0.07762622295222453,0.20099264443333573,0.001856744983217882,0.004891808898093266,0.002428051131900307,0.0027494108405341712
Japan_010733.jpg,alligator crack,control,0.06752124544740412,0.15600228522459472,0.07205598800257088,0.16250089266585732,0.06716417910447761,0.15600228522459472,0.06855673784189102,0.1566092980075698,0.28858101835321004,0.6318288938084696,0.0713775619510105,0.16092980075698066,0.07116332214525459,0.1546811397557666,0.12979361565378847,0.26062272370206385,0.12425908733842748,0.26008712418767405
Japan_010769.jpg,alligator crack,damage,0.027543290043290043,0.03658008658008658,0.027435064935064934,0.03641774891774892,0.027651515151515153,0.03674242424242424,0.02748917748917749,0.03658008658008658,0.009253246753246753,0.054653679653679656,0.027435064935064934,0.03641774891774892,0.0316017316017316,0.0420995670995671,5.411255411255411e-05,0.007521645021645021,0.0079004329004329,0.008225108225108226
Japan_010769.jpg,alligator crack,control,0.0020562770562770564,0.017316017316017316,0.0021103896103896102,0.018993506493506493,0.0021103896103896102,0.017803030303030303,0.001948051948051948,0.016233766233766232,0.008279220779220779,0.05903679653679653,0.0021103896103896102,0.018993506493506493,0.0037337662337662337,0.020075757575757577,0.007954545454545454,0.011850649350649351,0.0183982683982684,0.019318181818181818
Japan_010837.jpg,longitudinal crack,damage,0.14814814814814814,0.15204678362573099,0.14912280701754385,0.15107212475633527,0.14814814814814814,0.15204678362573099,0.14717348927875243,0.15204678362573099,0.0,0.2037037037037037,0.14717348927875243,0.15107212475633527,0.15497076023391812,0.15886939571150097,0.0,0.0,0.0,0.001949317738791423
Japan_010837.jpg,longitudinal crack,control,0.0,0.0029239766081871343,0.0,0.0029239766081871343,0.0,0.0029239766081871343,0.0,0.0029239766081871343,0.14132553606237816,0.30701754385964913,0.0,0.0029239766081871343,0.0,0.0029239766081871343,0.037037037037037035,0.04093567251461988,0.008771929824561403,0.057504873294346975
Japan_010837.jpg,alligator crack,damage,0.06528306108749161,0.12732154844484225,0.07848511971358246,0.1291675990154397,0.06729693443723428,0.12776907585589617,0.05784291787872007,0.13090176773327367,0.18941597672857463,0.4121168046542851,0.05884985455359141,0.13129335421794586,0.07434549116133363,0.13850973372119044,0.022935779816513763,0.1283284851197136,0.033844260460953235,0.1728015215931976
Japan_010837.jpg,alligator crack,control,0.20541508167375253,0.4101029313045424,0.17996196017006041,0.371112105616469,0.2107294696800179,0.41955694786305664,0.20860371447751175,0.4168158424703513,0.3290445289773999,0.7420563884537928,0.20893936003580219,0.4196688297158201,0.23411277690758558,0.45396061758782724,0.17716491385097338,0.31875139852315953,0.21514880286417543,0.503468337435668
Japan_010837.jpg,transverse crack,damage,0.06514948683623382,0.09504685408299866,0.06559571619812583,0.0995091477019188,0.06559571619812583,0.09504685408299866,0.06470325747434182,0.09549308344489067,0.1749219098616689,0.23427041499330656,0.06604194556001784,0.09549308344489067,0.08612226684515842,0.12583668005354753,0.0,0.0,0.0004462293618920125,0.04462293618920125
Japan_010837.jpg,transverse crack,control,0.0142793395805444,0.03971441320838911,0.0142793395805444,0.03792949576082106,0.01606425702811245,0.04105310129406515,0.0142793395805444,0.040160642570281124,0.07898259705488621,0.09906291834002677,0.014725568942436412,0.040160642570281124,0.024096385542168676,0.050870147255689425,0.0,0.0,0.053993752788933515,0.053993752788933515
Japan_010837.jpg,transverse crack,damage,0.04197530864197531,0.04993141289437586,0.041700960219478736,0.048834019204389574,0.04197530864197531,0.04993141289437586,0.043072702331961595,0.05130315500685871,0.0757201646090535,0.1421124828532236,0.04252400548696845,0.050480109739369,0.050205761316872426,0.061454046639231825,0.02167352537722908,0.02167352537722908,0.0027434842249657062,0.05651577503429355
Japan_010837.jpg,transverse crack,control,0.006584362139917695,0.02551440329218107,0.006035665294924554,0.024417009602194787,0.006858710562414266,0.02551440329218107,0.007133058984910837,0.02606310013717421,0.04609053497942387,0.04718792866941015,0.006858710562414266,0.02551440329218107,0.009876543209876543,0.03209876543209877,0.0,0.0,0.0,0.0
Japan_010837.jpg,longitudinal crack,damage,0.04261363636363636,0.048295454545454544,0.04261363636363636,0.048863636363636366,0.04261363636363636,0.048863636363636366,0.04375,0.05,0.05113636363636364,0.10625,0.04261363636363636,0.048863636363636366,0.05113636363636364,0.058522727272727275,0.0,0.0,0.0,0.0
Japan_010837.jpg,longitudinal crack,control,0.005113636363636364,0.01875,0.005113636363636364,0.01875,0.005113636363636364,0.01875,0.005113636363636364,0.02215909090909091,0.07045454545454545,0.14375,0.005113636363636364,0.01875,0.007386363636363636,0.02215909090909091,0.03295454545454545,0.03295454545454545,0.0,0.0
Japan_010837.jpg,transverse crack,damage,0.08069458631256383,0.28804902962206336,0.08171603677221655,0.29111338100102147,0.08120531154239019,0.28907048008171604,0.08631256384065372,0.29111338100102147,0.08171603677221655,0.177732379979571,0.08580183861082738,0.2926455566905005,0.10469867211440245,0.3176710929519918,0.0030643513789581204,0.003575076608784474,0.02502553626149132,0.0449438202247191
Japan_010837.jpg,transverse crack,control,0.08426966292134831,0.10572012257405516,0.04034729315628192,0.06077630234933606,0.08120531154239019,0.1062308478038815,0.09039836567926456,0.11746680286006128,0.2982635342185904,0.72829417773238,0.0898876404494382,0.11593462717058223,0.059244126659857,0.09805924412665985,0.06281920326864147,0.13278855975485188,0.16853932584269662,0.3621041879468846
Japan_010837.jpg,transverse crack,damage,0.2732142857142857,0.49583333333333335,0.26011904761904764,0.4857142857142857,0.2755952380952381,0.4982142857142857,0.2785714285714286,0.5005952380952381,0.18333333333333332,0.42797619047619045,0.2761904761904762,0.4994047619047619,0.3011904761904762,0.5321428571428571,0.002976190476190476,0.030952380952380953,0.06666666666666667,0.0988095238095238
Japan_010837.jpg,transverse crack,control,0.008928571428571428,0.02976190476190476,0.008928571428571428,0.02976190476190476,0.008333333333333333,0.029166666666666667,0.008928571428571428,0.030357142857142857,0.04047619047619048,0.06726190476190476,0.008333333333333333,0.029166666666666667,0.015476190476190477,0.04345238095238095,0.0005952380952380953,0.0005952380952380953,0.0,0.0
Japan_010946.jpg,longitudinal crack,damage,0.0,0.0,0.0,0.0,0.0,0.0,0.0,0.0,0.0,0.0,0.0,0.0,0.0001818181818181818,0.0001818181818181818,0.0,0.0,0.0,0.0
Japan_010946.jpg,longitudinal crack,control,0.005454545454545455,0.0669090909090909,0.006909090909090909,0.06745454545454546,0.005090909090909091,0.06654545454545455,0.005818181818181818,0.06763636363636363,0.04454545454545455,0.06818181818181818,0.005818181818181818,0.06763636363636363,0.012545454545454545,0.07672727272727273,0.0,0.0,0.002,0.0034545454545454545
Japan_011152.jpg,alligator crack,damage,0.027874564459930314,0.027874564459930314,0.027439024390243903,0.027439024390243903,0.027874564459930314,0.027874564459930314,0.027874564459930314,0.027874564459930314,0.0,0.013501742160278746,0.027874564459930314,0.027874564459930314,0.027874564459930314,0.027874564459930314,0.0008710801393728223,0.0008710801393728223,0.0,0.0
Japan_011152.jpg,alligator crack,control,0.0013066202090592336,0.0078397212543554,0.0013066202090592336,0.006533101045296167,0.0013066202090592336,0.007404181184668989,0.0013066202090592336,0.0078397212543554,0.03484320557491289,0.12412891986062717,0.0013066202090592336,0.007404181184668989,0.0013066202090592336,0.0078397212543554,0.023519163763066203,0.04224738675958188,0.005662020905923345,0.09973867595818815
Japan_011279.jpg,alligator crack,damage,0.003514463368477967,0.007119041182301523,0.0036045778138235557,0.0072992700729927005,0.003514463368477967,0.007119041182301523,0.0036045778138235557,0.0072992700729927005,0.0,0.025051815806073713,0.003514463368477967,0.007119041182301523,0.006398125619536812,0.009371902315941245,0.012525907903036856,0.025682616923492836,0.0,0.0
Japan_011279.jpg,alligator crack,control,0.0023429755789853113,0.005767324502117689,0.0023429755789853113,0.005947553392808867,0.0023429755789853113,0.005947553392808867,0.0022528611336397227,0.0056772100567721,0.0,0.0170316301703163,0.0023429755789853113,0.005947553392808867,0.005046408939352979,0.008380643417139767,0.016671172388933946,0.037127151482382624,0.0,0.0
Japan_011279.jpg,transverse crack,damage,0.017394822006472493,0.03640776699029126,0.017394822006472493,0.036003236245954695,0.01901294498381877,0.0372168284789644,0.016585760517799353,0.034385113268608415,0.0008090614886731392,0.09789644012944984,0.01901294498381877,0.0372168284789644,0.023462783171521034,0.0412621359223301,0.024676375404530743,0.09101941747572816,0.0,0.0
Japan_011279.jpg,transverse crack,control,0.006067961165048544,0.019417475728155338,0.006067961165048544,0.019417475728155338,0.006067961165048544,0.019417475728155338,0.006067961165048544,0.019417475728155338,0.0004045307443365696,0.09911003236245955,0.006067961165048544,0.019417475728155338,0.010113268608414239,0.023867313915857606,0.006067961165048544,0.020226537216828478,0.0,0.0
Japan_011279.jpg,longitudinal crack,damage,0.001937984496124031,0.003229974160206718,0.001937984496124031,0.003229974160206718,0.001937984496124031,0.003229974160206718,0.001937984496124031,0.003229974160206718,0.0,0.04521963824289406,0.001937984496124031,0.003229974160206718,0.003229974160206718,0.004521963824289405,0.004521963824289405,0.010981912144702842,0.0,0.0
Japan_011279.jpg,longitudinal crack,control,0.0006459948320413437,0.003875968992248062,0.0006459948320413437,0.003229974160206718,0.0006459948320413437,0.003875968992248062,0.0006459948320413437,0.003875968992248062,0.0006459948320413437,0.025839793281653745,0.0006459948320413437,0.003875968992248062,0.0006459948320413437,0.003875968992248062,0.00904392764857881,0.040051679586563305,0.0,0.0
Japan_011279.jpg,longitudinal crack,damage,0.0025243418680129825,0.0025243418680129825,0.0025243418680129825,0.0025243418680129825,0.0025243418680129825,0.0025243418680129825,0.0025243418680129825,0.0025243418680129825,0.0,0.013703570140641904,0.0025243418680129825,0.0025243418680129825,0.0046880634691669676,0.0046880634691669676,0.0010818608005769925,0.002163721601153985,0.0,0.0
Japan_011279.jpg,longitudinal crack,control,0.0,0.0,0.0003606202668589975,0.0003606202668589975,0.0,0.0,0.0003606202668589975,0.0003606202668589975,0.0,0.0010818608005769925,0.0,0.0,0.0003606202668589975,0.0003606202668589975,0.00576992426974396,0.009736747205192933,0.0,0.0
Japan_011306.jpg,alligator crack,damage,0.011937111801242236,0.034064440993788817,0.010578416149068322,0.033967391304347824,0.01203416149068323,0.033967391304347824,0.012519409937888198,0.034743788819875776,0.006599378881987578,0.056579968944099376,0.012228260869565218,0.0343555900621118,0.015139751552795032,0.03319099378881987,0.021836180124223604,0.02717391304347826,0.0002911490683229814,0.0017468944099378882
Japan_011306.jpg,alligator crack,control,0.020865683229813664,0.04930124223602485,0.01591614906832298,0.04939829192546584,0.02096273291925466,0.0499805900621118,0.021642080745341616,0.05007763975155279,0.0265916149068323,0.0875388198757764,0.020865683229813664,0.049592391304347824,0.021739130434782608,0.044739906832298136,0.04483695652173913,0.07880434782608696,0.019409937888198756,0.03872282608695652
Japan_011346.jpg,transverse crack,damage,0.00799314872966029,0.06051955466742792,0.00799314872966029,0.06051955466742792,0.008278618327148159,0.06080502426491579,0.009135027119611762,0.06166143305737939,0.006280331144733086,0.028261490151298887,0.00799314872966029,0.06051955466742792,0.008564087924636025,0.06080502426491579,0.021695689409077932,0.038823865258349986,0.0,0.0
Japan_011346.jpg,transverse crack,control,0.02683414216385955,0.12988866685697972,0.027119611761347417,0.12988866685697972,0.02654867256637168,0.12960319725949188,0.02769055095632315,0.12988866685697972,0.0059948615472452185,0.10619469026548672,0.027405081358835286,0.1301741364544676,0.029688838138738224,0.13131601484441907,0.056237510705109905,0.058521267485012844,0.02540679417642021,0.0325435341136169
Japan_011346.jpg,transverse crack,damage,0.016795865633074936,0.05167958656330749,0.016795865633074936,0.05167958656330749,0.016795865633074936,0.05167958656330749,0.01744186046511628,0.05232558139534884,0.015503875968992248,0.06136950904392765,0.016795865633074936,0.05167958656330749,0.01808785529715762,0.05297157622739018,0.018733850129198967,0.020025839793281652,0.0,0.0
Japan_011346.jpg,transverse crack,control,0.003229974160206718,0.003229974160206718,0.003229974160206718,0.003229974160206718,0.003229974160206718,0.003229974160206718,0.003229974160206718,0.003229974160206718,0.0,0.07235142118863049,0.003229974160206718,0.003229974160206718,0.003229974160206718,0.003229974160206718,0.0071059431524547806,0.0071059431524547806,0.10077519379844961,0.10077519379844961
Japan_011576.jpg,longitudinal crack,damage,0.07060725835429393,0.18280632411067194,0.06503772906934963,0.1801113905856989,0.06809198706431908,0.18047071505569529,0.08641753503413582,0.19987423643550126,0.12046352856629536,0.23733381243262666,0.08587854832914121,0.19277757815307223,0.0801293568091987,0.1907114624505929,0.10842615882141574,0.21137261947538627,0.03251886453467481,0.051563061444484366
Japan_011576.jpg,longitudinal crack,control,0.011767876392382321,0.03826805605461732,0.009701760689902982,0.037459575997125405,0.010600071864894,0.036561264822134384,0.01706791232482932,0.04365792310456342,0.01931369026230686,0.03422565576715774,0.016708587854832913,0.04168163851958318,0.014462809917355372,0.038986704994610134,0.030093424362199066,0.03512396694214876,0.008893280632411068,0.009162773984908373
Japan_011645.jpg,alligator crack,damage,0.014637163276525563,0.0646417445482866,0.012002932013927067,0.06285504856148066,0.014957852299798425,0.0651227780831959,0.013995785229979843,0.06367967747846802,0.007856881070185083,0.04242257650723841,0.014316474253252703,0.06441268096023456,0.01985981308411215,0.07018508337914606,0.04065878687923768,0.05905259299981675,0.015347260399486898,0.037016675829210186
Japan_011645.jpg,alligator crack,control,0.006711563129924867,0.010262048744731538,0.002611324903793293,0.0074674729704966095,0.006734469488730071,0.010399486897562763,0.005153930731170973,0.008796041781198461,0.015026571376214036,0.03277899945024739,0.006207623236210372,0.009872640645043064,0.010101704233095107,0.014270661535642295,0.05380703683342496,0.07052867876122411,0.01807311709730621,0.053852849551035364
Japan_011733.jpg,longitudinal crack,damage,0.007986331849968213,0.01184043229497775,0.01013191354100445,0.013866815003178639,0.008026064844246662,0.011959631277813096,0.007747933884297521,0.0118006993006993,0.011919898283534647,0.04426255562619199,0.007986331849968213,0.011999364272091546,0.008979656706929434,0.011999364272091546,0.017085187539732993,0.039931659249841066,0.027415766052129687,0.053758741258741256
Japan_011733.jpg,longitudinal crack,control,0.037627145581691036,0.09400826446280992,0.011403369357914812,0.06961220597584233,0.04553401144310235,0.10203432930705658,0.03750794659885569,0.09492212333121423,0.34623331214240305,0.7185314685314685,0.04601080737444374,0.10255085823267641,0.052765416401780035,0.10664335664335664,0.2765416401780038,0.5393356643356644,0.307453909726637,0.6659647171010807
Japan_011733.jpg,alligator crack,damage,0.008500445632798575,0.024476381461675578,0.006261140819964349,0.0213903743315508,0.009436274509803921,0.025813279857397505,0.00822192513368984,0.024242424242424242,0.06453877005347594,0.15584893048128343,0.009503119429590017,0.025946969696969698,0.011497326203208556,0.026671122994652408,0.06887254901960785,0.11973039215686275,0.06983065953654188,0.1482174688057041
Japan_011733.jpg,alligator crack,control,0.01888368983957219,0.0908868092691622,0.00840017825311943,0.0749554367201426,0.022727272727272728,0.0954879679144385,0.018816844919786097,0.0936163101604278,0.29866310160427806,0.6384469696969697,0.022727272727272728,0.0946969696969697,0.027194741532976827,0.09932040998217469,0.24802807486631015,0.4823083778966132,0.29783868092691623,0.6233065953654189
Japan_011838.jpg,transverse crack,damage,0.005319148936170213,0.007387706855791962,0.005319148936170213,0.0070921985815602835,0.005319148936170213,0.007387706855791962,0.005319148936170213,0.007387706855791962,0.0,0.01152482269503546,0.005319148936170213,0.007387706855791962,0.005319148936170213,0.0065011820330969266,0.0,0.0,0.0,0.0
Japan_011838.jpg,transverse crack,control,0.001182033096926714,0.004137115839243499,0.001182033096926714,0.004137115839243499,0.001182033096926714,0.004137115839243499,0.0014775413711583924,0.004432624113475178,0.0,0.008274231678486997,0.001182033096926714,0.004137115839243499,0.001182033096926714,0.002955082742316785,0.0017730496453900709,0.0017730496453900709,0.0,0.0
Japan_011838.jpg,transverse crack,damage,0.026583710407239818,0.049773755656108594,0.026583710407239818,0.049773755656108594,0.026018099547511313,0.049773755656108594,0.027149321266968326,0.05090497737556561,0.006787330316742082,0.14875565610859728,0.026018099547511313,0.049773755656108594,0.030542986425339366,0.051470588235294115,0.010180995475113122,0.010180995475113122,0.041289592760180995,0.0418552036199095
Japan_011838.jpg,transverse crack,control,0.008484162895927601,0.034502262443438916,0.008484162895927601,0.033936651583710405,0.00904977375565611,0.034502262443438916,0.008484162895927601,0.034502262443438916,0.005656108597285068,0.10690045248868778,0.00904977375565611,0.034502262443438916,0.009615384615384616,0.030542986425339366,0.010746606334841629,0.010746606334841629,0.0,0.0
Japan_011838.jpg,transverse crack,damage,0.003736413043478261,0.012907608695652174,0.004076086956521739,0.013247282608695652,0.003736413043478261,0.012567934782608696,0.003736413043478261,0.012907608695652174,0.0,0.029551630434782608,0.003736413043478261,0.012567934782608696,0.003736413043478261,0.009171195652173914,0.0006793478260869565,0.0006793478260869565,0.0,0.0
Japan_011838.jpg,transverse crack,control,0.009510869565217392,0.016644021739130436,0.009510869565217392,0.016644021739130436,0.010529891304347826,0.018002717391304348,0.009510869565217392,0.016644021739130436,0.0,0.021399456521739132,0.010529891304347826,0.018002717391304348,0.00985054347826087,0.014945652173913044,0.0030570652173913045,0.0030570652173913045,0.010869565217391304,0.010869565217391304
Japan_011891.jpg,transverse crack,damage,0.02627212389380531,0.0351216814159292,0.02627212389380531,0.0351216814159292,0.02627212389380531,0.0351216814159292,0.025719026548672565,0.03456858407079646,0.0,0.10038716814159292,0.025995575221238937,0.03484513274336283,0.04092920353982301,0.051991150442477874,0.0,0.00663716814159292,0.018805309734513276,0.018805309734513276
Japan_011891.jpg,transverse crack,control,0.012444690265486726,0.016592920353982302,0.015210176991150442,0.019081858407079644,0.012168141592920354,0.016039823008849558,0.012721238938053098,0.01686946902654867,0.0146570796460177,0.11476769911504425,0.01327433628318584,0.017146017699115043,0.022123893805309734,0.02820796460176991,0.05503318584070797,0.07743362831858407,0.046460176991150445,0.12472345132743363
Japan_011895.jpg,pothole,damage,0.04331128653723064,0.04629827181566034,0.04395135481117986,0.04693834008960956,0.04352464262854704,0.046511627906976744,0.042031149989332196,0.0450181352677619,0.0038404096436953274,0.0844890121612972,0.04352464262854704,0.046511627906976744,0.05653936419884788,0.05952634947727758,0.008320887561339876,0.023255813953488372,0.02346917004480478,0.023682526136121186
Japan_011895.jpg,pothole,control,0.009814380200554727,0.01088116065713676,0.010027736291871132,0.01088116065713676,0.009814380200554727,0.01088116065713676,0.009814380200554727,0.01088116065713676,0.00661403883080862,0.029016428419031362,0.009814380200554727,0.01088116065713676,0.013014721570300833,0.014081502026882867,0.0004267121826328142,0.01600170684873053,0.007680819287390655,0.007680819287390655
Japan_011895.jpg,transverse crack,damage,0.004688445251058681,0.011343012704174229,0.00514216575922565,0.012099213551119177,0.004688445251058681,0.011494252873563218,0.004688445251058681,0.011494252873563218,0.001663641863278887,0.08000604960677556,0.004688445251058681,0.011494252873563218,0.009679370840895343,0.018451300665456746,0.03781004234724743,0.0382637628554144,0.032667876588021776,0.05414398064125832
Japan_011895.jpg,transverse crack,control,0.0019661222020568663,0.009528130671506351,0.002117362371445856,0.009528130671506351,0.0019661222020568663,0.009376890502117362,0.0019661222020568663,0.009679370840895343,0.00030248033877797946,0.032667876588021776,0.0019661222020568663,0.009376890502117362,0.006352087114337568,0.015577737447065941,0.017997580157289778,0.017997580157289778,0.00045372050816696913,0.00045372050816696913
Japan_011914.jpg,alligator crack,damage,0.03264133698916308,0.037080558819689254,0.03290246768507638,0.037472254863559214,0.03251077164120642,0.03734168951560256,0.03251077164120642,0.036231884057971016,0.010118814466640553,0.048374461417939676,0.03251077164120642,0.03734168951560256,0.036231884057971016,0.040932236584410496,0.016059537798668234,0.04178091134612874,0.0010445227836532185,0.013709361535448493
Japan_011914.jpg,alligator crack,control,0.008029768899334117,0.04719937328632981,0.008029768899334117,0.047264655960308134,0.008029768899334117,0.04732993863428646,0.007964486225355791,0.04713409061235148,6.528267397832615e-05,0.007246376811594203,0.008029768899334117,0.04732993863428646,0.008747878313095704,0.0479174827000914,0.0,0.0001305653479566523,0.0,0.0
Japan_011914.jpg,alligator crack,damage,0.021515988945913937,0.02783260955388867,0.021121200157915514,0.02770101329122253,0.021910777733912357,0.02822739834188709,0.020923805763916305,0.02730622450322411,0.0035530990919857876,0.03691275167785235,0.021647585208580077,0.02803000394788788,0.025529674957231213,0.03230688248453744,0.007764179497302277,0.015857349651269902,0.009014343992630609,0.059876299513093825
Japan_011914.jpg,alligator crack,control,0.005658639294644032,0.033228056323200424,0.005658639294644032,0.03316225819186735,0.005658639294644032,0.03316225819186735,0.005856033688643242,0.033491248848532704,6.579813133307015e-05,0.013159626266614028,0.005658639294644032,0.03316225819186735,0.007566785103303066,0.034807211475194104,0.003684695354651928,0.0050006579813133304,0.006645611264640084,0.03342545071719963
Japan_011914.jpg,transverse crack,damage,0.03044982698961938,0.04152249134948097,0.02975778546712803,0.04083044982698962,0.03044982698961938,0.04152249134948097,0.03044982698961938,0.04152249134948097,0.018685121107266434,0.047058823529411764,0.03044982698961938,0.04152249134948097,0.03667820069204152,0.04775086505190312,0.0,0.01660899653979239,0.0,0.0
Japan_011914.jpg,transverse crack,control,0.007612456747404845,0.01384083044982699,0.007612456747404845,0.01384083044982699,0.007612456747404845,0.01453287197231834,0.007612456747404845,0.01314878892733564,0.001384083044982699,0.011072664359861591,0.007612456747404845,0.01453287197231834,0.011764705882352941,0.01730103806228374,0.006228373702422145,0.02560553633217993,0.0,0.0
Japan_011939.jpg,alligator crack,damage,0.012771544521365481,0.022201002625925042,0.012811331264422694,0.021882708681467335,0.012672077663722447,0.02202196228216758,0.0128312246359513,0.022360149598153894,0.00015914697222885334,0.023076310973183734,0.012731757778308268,0.02202196228216758,0.017108299514601733,0.025682342643431208,0.005570144028009867,0.0140248269276677,0.006087371687753641,0.016332458024986073
Japan_011939.jpg,alligator crack,control,0.09962600461526219,0.19513408132410281,0.09322033898305085,0.18361581920903955,0.1029283042890109,0.1992917959735816,0.09622423808387046,0.1944577066921302,0.14036762950584866,0.3840017506166945,0.10179438211188033,0.19622821675817617,0.10372403915015517,0.19624811012970478,0.19059839261558048,0.34998408530277714,0.19941115620275324,0.4431845309142994
Japan_011939.jpg,alligator crack,damage,0.013488572999293175,0.03950365192806094,0.012860284300636142,0.03510563103746171,0.015707217466425824,0.04258619335584701,0.01327259875912982,0.040092672583051915,0.07050577240241891,0.18889892405560355,0.015844655619257048,0.042703997486845204,0.01975182596403047,0.046650435875284696,0.0788305976596246,0.14654833896175293,0.06848346815361658,0.15968349956805153
Japan_011939.jpg,alligator crack,control,0.061042173878897356,0.17872850074609284,0.04989004947773502,0.16306055132333308,0.06634335977381607,0.18634650121730936,0.058214874734940705,0.1765294903007932,0.29881017827691825,0.6409330087175057,0.06632372575198303,0.18675881567580302,0.06893505065577633,0.18719076415612973,0.29808371946909606,0.5593929160449227,0.2784300636142307,0.6066912746406974
Japan_012029.jpg,transverse crack,damage,0.001984126984126984,0.001984126984126984,0.001984126984126984,0.001984126984126984,0.001984126984126984,0.001984126984126984,0.001984126984126984,0.001984126984126984,0.0,0.0013227513227513227,0.001984126984126984,0.001984126984126984,0.003968253968253968,0.003968253968253968,0.0,0.0,0.0,0.0
Japan_012029.jpg,transverse crack,control,0.007275132275132275,0.008597883597883597,0.007275132275132275,0.008597883597883597,0.007275132275132275,0.008597883597883597,0.006613756613756613,0.007936507936507936,0.0,0.0033068783068783067,0.007275132275132275,0.008597883597883597,0.007275132275132275,0.008597883597883597,0.0,0.0,0.0,0.0013227513227513227
Japan_012029.jpg,transverse crack,damage,0.054376657824933686,0.13527851458885942,0.05702917771883289,0.13660477453580902,0.054376657824933686,0.13527851458885942,0.054376657824933686,0.13527851458885942,0.0,0.16312997347480107,0.054376657824933686,0.13527851458885942,0.05570291777188329,0.13660477453580902,0.0,0.0,0.022546419098143235,0.11671087533156499
Japan_012029.jpg,transverse crack,control,0.0,0.0,0.0,0.0,0.0,0.0,0.0,0.0,0.0,0.023872679045092837,0.0,0.0,0.0,0.0,0.0,0.0,0.0,0.09946949602122016
Japan_012049.jpg,alligator crack,damage,0.040226205719163466,0.0837245696400626,0.039479300042680326,0.08294209702660407,0.040048371034286524,0.08354673495518566,0.0406885758998435,0.08436477450561958,0.06384265187082089,0.19800113814198322,0.04026177265613885,0.08390240432493953,0.03225921183667663,0.07028026746336606,0.006793284962299047,0.018779342723004695,0.005797410726988192,0.023509745340731258
Japan_012049.jpg,alligator crack,control,0.008073694693413003,0.023367477592829707,0.008713899558969982,0.023936548584435908,0.008180395504339166,0.023474178403755867,0.008002560819462228,0.023509745340731258,0.13298477735097453,0.37871674491392804,0.008144828567363779,0.023403044529805093,0.0065087494664959455,0.017996870109546165,0.03634940958884621,0.09012661829563239,0.004517000995874236,0.008180395504339166
Japan_012049.jpg,transverse crack,damage,0.07936507936507936,0.08253968253968254,0.07222222222222222,0.07539682539682539,0.07698412698412699,0.08015873015873017,0.08015873015873017,0.08412698412698413,0.10317460317460317,0.17539682539682538,0.07777777777777778,0.08095238095238096,0.05555555555555555,0.05793650793650794,0.005555555555555556,0.005555555555555556,0.0,0.0
Japan_012049.jpg,transverse crack,control,0.0,0.016666666666666666,0.0,0.016666666666666666,0.0,0.018253968253968255,0.0,0.01507936507936508,0.04285714285714286,0.18333333333333332,0.0,0.015873015873015872,0.0,0.004761904761904762,0.03253968253968254,0.03333333333333333,0.0,0.03015873015873016
Japan_012089.jpg,alligator crack,damage,0.0823463056965595,0.15147852711304488,0.09588268471517203,0.15200225606316978,0.08629441624365482,0.1553460639755056,0.08355491096607848,0.15651438240270726,0.01889452904681331,0.08851019257110627,0.0829908951736363,0.15659495608734186,0.09970993473531545,0.1895495931028926,0.02098944484731287,0.08996051889452905,0.045967287084038355,0.10732414793328499
Japan_012089.jpg,alligator crack,control,0.0005237289501248892,0.0022560631697687537,0.0006445894770767867,0.0024977842236725487,0.0006043026347594875,0.002376923696720651,0.0005237289501248892,0.002094915800499557,0.012932076383853033,0.04665216340343244,0.0005640157924421884,0.002135202642816856,0.0015309000080573685,0.004391265812585609,0.029006526468455404,0.04209975022157763,0.01647731850777536,0.07533639513334944
Japan_012332.jpg,longitudinal crack,damage,0.02881646655231561,0.050085763293310465,0.02881646655231561,0.049914236706689534,0.02864493996569468,0.050085763293310465,0.028473413379073758,0.049399656946826756,0.0777015437392796,0.17547169811320754,0.02881646655231561,0.050085763293310465,0.03704974271012007,0.06106346483704974,0.027101200686106348,0.03018867924528302,0.08542024013722127,0.1183533447684391
Japan_012332.jpg,longitudinal crack,control,0.0,0.004288164665523156,0.0,0.0037735849056603774,0.0,0.004288164665523156,0.0,0.00411663807890223,0.0902229845626072,0.1423670668953688,0.0,0.004288164665523156,0.0,0.005145797598627788,0.01783876500857633,0.01972555746140652,0.07204116638078903,0.10497427101200686
Japan_012332.jpg,transverse crack,damage,0.007957100847604221,0.02266043937035115,0.007265179034769071,0.023179380729977512,0.007957100847604221,0.023006400276768726,0.007957100847604221,0.02266043937035115,0.167618059159315,0.24649714582252205,0.007957100847604221,0.023006400276768726,0.012454592631032694,0.03269330565646082,0.0,0.0008649022660439371,0.04878048780487805,0.04912644871129562
Japan_012332.jpg,transverse crack,control,0.0031136481577581734,0.016433143054834804,0.0034596090641757483,0.016433143054834804,0.0031136481577581734,0.016433143054834804,0.0031136481577581734,0.016260162601626018,0.010551807645736032,0.03580695381421899,0.0031136481577581734,0.016433143054834804,0.005189413596263622,0.021622556651098426,0.0024217263449230237,0.019200830306175403,0.0,0.0
Japan_012332.jpg,transverse crack,damage,0.012244897959183673,0.028765792031098154,0.011273080660835762,0.027988338192419825,0.012050534499514091,0.028765792031098154,0.012244897959183673,0.028960155490767737,0.01185617103984451,0.05694849368318756,0.012244897959183673,0.028765792031098154,0.016909620991253645,0.036151603498542274,0.005442176870748299,0.017103984450923225,0.0,0.017687074829931974
Japan_012332.jpg,transverse crack,control,0.026239067055393587,0.038872691933916424,0.02196307094266278,0.03381924198250729,0.026044703595724004,0.03848396501457726,0.026822157434402333,0.03906705539358601,0.024101068999028183,0.11253644314868805,0.026433430515063167,0.038872691933916424,0.03206997084548105,0.0456754130223518,0.0,0.01652089407191448,0.013994169096209912,0.08124392614188533
Japan_012354.jpg,alligator crack,damage,0.012903225806451613,0.026651305683563747,0.01282642089093702,0.026267281105990782,0.013210445468509985,0.026497695852534562,0.012442396313364055,0.02642089093701997,0.0,0.03778801843317972,0.013210445468509985,0.026497695852534562,0.015053763440860216,0.024270353302611368,0.011136712749615975,0.030337941628264208,0.0006144393241167435,0.007450076804915514
Japan_012354.jpg,alligator crack,control,0.002688172043010753,0.015360983102918587,0.002688172043010753,0.01543778801843318,0.0027649769585253456,0.015360983102918587,0.0027649769585253456,0.01543778801843318,0.0,0.02803379416282642,0.0027649769585253456,0.015360983102918587,0.0032258064516129032,0.011367127496159755,0.004608294930875576,0.017588325652841783,0.0,0.0031490015360983105
Japan_012354.jpg,transverse crack,damage,0.00985054347826087,0.015625,0.00985054347826087,0.015285326086956522,0.00985054347826087,0.015625,0.009510869565217392,0.014945652173913044,0.0,0.019021739130434784,0.00985054347826087,0.015625,0.00985054347826087,0.013247282608695652,0.006453804347826087,0.012907608695652174,0.0,0.007133152173913043
Japan_012354.jpg,transverse crack,control,0.0,0.001358695652173913,0.0,0.001358695652173913,0.0,0.001358695652173913,0.0,0.001358695652173913,0.0,0.0010190217391304348,0.0,0.001358695652173913,0.0,0.0010190217391304348,0.0010190217391304348,0.0010190217391304348,0.0,0.002717391304347826
Japan_012357.jpg,transverse crack,damage,0.07307692307692308,0.08571428571428572,0.07472527472527472,0.08846153846153847,0.07472527472527472,0.08736263736263736,0.07087912087912088,0.08241758241758242,0.00934065934065934,0.18571428571428572,0.07087912087912088,0.08241758241758242,0.08846153846153847,0.10329670329670329,0.0,0.0038461538461538464,0.0,0.13406593406593406
Japan_012357.jpg,transverse crack,control,0.0,0.0,0.0,0.0,0.0,0.0,0.0,0.0,0.046153846153846156,0.06098901098901099,0.0,0.0,0.0,0.0,0.0,0.001098901098901099,0.03461538461538462,0.04945054945054945
Japan_012357.jpg,transverse crack,damage,0.07972997628170042,0.19029374201787994,0.08939974457215837,0.19686188651705894,0.07754059478197409,0.18901660280970625,0.08082466703156359,0.19138843276774312,0.0722495894909688,0.2548804962598066,0.07918263090676884,0.18919905126801678,0.10052910052910052,0.21784345922276957,0.018609742747673783,0.030103995621237,0.024630541871921183,0.13026819923371646
Japan_012357.jpg,transverse crack,control,0.04926108374384237,0.17077175697865354,0.0481663929939792,0.16967706622879036,0.04980842911877394,0.17204889618682723,0.04798394453566868,0.16876482393723774,0.05856595511767926,0.07808794015690568,0.04980842911877394,0.17150155081189564,0.06914796569968984,0.19759168035030103,0.0016420361247947454,0.003284072249589491,0.014778325123152709,0.014778325123152709
Japan_012357.jpg,transverse crack,damage,0.056010928961748634,0.08743169398907104,0.06147540983606557,0.09289617486338798,0.056466302367941715,0.08743169398907104,0.05555555555555555,0.08697632058287796,0.145264116575592,0.1493624772313297,0.056466302367941715,0.08743169398907104,0.06876138433515483,0.1029143897996357,0.001366120218579235,0.001366120218579235,0.002276867030965392,0.006375227686703097
Japan_012357.jpg,transverse crack,control,0.12659380692167577,0.3524590163934426,0.1325136612021858,0.35655737704918034,0.12295081967213115,0.3483606557377049,0.1261384335154827,0.3529143897996357,0.050546448087431695,0.17531876138433516,0.12522768670309653,0.35063752276867033,0.13615664845173042,0.36475409836065575,0.039162112932604735,0.039162112932604735,0.0,0.09744990892531877
Japan_012389.jpg,longitudinal crack,damage,0.04030501089324619,0.0787037037037037,0.04139433551198257,0.08088235294117647,0.04112200435729847,0.07979302832244009,0.04656862745098039,0.09368191721132897,0.025326797385620915,0.054466230936819175,0.04139433551198257,0.07979302832244009,0.04411764705882353,0.07979302832244009,0.0,0.015250544662309368,0.0264161220043573,0.051470588235294115
Japan_012389.jpg,longitudinal crack,control,0.011982570806100218,0.024782135076252723,0.016339869281045753,0.032407407407407406,0.013071895424836602,0.026143790849673203,0.013344226579520698,0.032407407407407406,0.002178649237472767,0.014978213507625272,0.016339869281045753,0.030501089324618737,0.016884531590413945,0.029139433551198256,0.0,0.006263616557734205,0.0027233115468409588,0.0027233115468409588
Japan_012389.jpg,transverse crack,damage,0.047785547785547784,0.06060606060606061,0.05419580419580419,0.054778554778554776,0.0472027972027972,0.07167832167832168,0.06177156177156177,0.09615384615384616,0.0,0.0,0.049533799533799536,0.07400932400932402,0.04079254079254079,0.04836829836829837,0.02156177156177156,0.02156177156177156,0.002913752913752914,0.06351981351981352
Japan_012389.jpg,transverse crack,control,0.051864801864801864,0.05710955710955711,0.053613053613053616,0.060023310023310024,0.051864801864801864,0.07109557109557109,0.060023310023310024,0.10839160839160839,0.0,0.0168997668997669,0.04895104895104895,0.07692307692307693,0.049533799533799536,0.050699300699300696,0.018065268065268064,0.020396270396270396,0.05536130536130536,0.1357808857808858
Japan_012389.jpg,transverse crack,damage,0.015289256198347107,0.02768595041322314,0.015289256198347107,0.02727272727272727,0.01487603305785124,0.02727272727272727,0.022727272727272728,0.04297520661157025,0.0,0.0,0.01487603305785124,0.026859504132231406,0.011570247933884297,0.01818181818181818,0.00041322314049586776,0.00041322314049586776,0.0,0.002066115702479339
Japan_012389.jpg,transverse crack,control,0.10991735537190082,0.17272727272727273,0.09090909090909091,0.10661157024793388,0.10950413223140495,0.2285123966942149,0.12727272727272726,0.29173553719008266,0.0,0.03512396694214876,0.10661157024793388,0.24173553719008264,0.10330578512396695,0.15537190082644628,0.1115702479338843,0.11363636363636363,0.09421487603305785,0.30702479338842975
Japan_012477.jpg,alligator crack,damage,0.0011753392456459023,0.07554225878833208,0.001923282401966022,0.07308473127470884,0.001282188267977348,0.07596965487765787,0.001282188267977348,0.07287103323004594,0.0,0.01923282401966022,0.0013890372903087936,0.0727641842077145,0.002564376535954696,0.07340527834170317,0.0,0.011646543434127578,0.027673896783844427,0.046158777647184526
Japan_012477.jpg,alligator crack,control,0.01186024147879047,0.14681055668340634,0.01453146703707661,0.14242974676781708,0.011967090501121914,0.1462763115717491,0.011432845389464687,0.1518324607329843,0.00010684902233144567,0.07981621968158992,0.011432845389464687,0.14894753713003525,0.012501335612779142,0.14007906827652528,0.004915055027246501,0.04733411689283043,0.11315311464900096,0.22587883320867613
Japan_012521.jpg,alligator crack,damage,0.029957264957264956,0.03200854700854701,0.029914529914529916,0.03188034188034188,0.029957264957264956,0.03200854700854701,0.029871794871794873,0.03200854700854701,0.0,0.002136752136752137,0.030042735042735042,0.03205128205128205,0.02482905982905983,0.025726495726495727,0.0003846153846153846,0.00042735042735042735,0.0002564102564102564,0.0006837606837606838
Japan_012521.jpg,alligator crack,control,0.042435897435897436,0.06435897435897436,0.04051282051282051,0.06021367521367521,0.04141025641025641,0.06346153846153846,0.04482905982905983,0.06948717948717949,0.03047008547008547,0.11756410256410256,0.04414529914529915,0.0673931623931624,0.042478632478632476,0.059786324786324785,0.05243589743589744,0.10756410256410256,0.07696581196581197,0.18068376068376069
Japan_012521.jpg,alligator crack,damage,0.0031746031746031746,0.0062397372742200325,0.002955665024630542,0.0062397372742200325,0.003229337712096333,0.0064039408866995075,0.003393541324575807,0.006130268199233717,0.0003284072249589491,0.002955665024630542,0.0034482758620689655,0.006677613574165298,0.002955665024630542,0.005254515599343186,0.009414340448823208,0.015708812260536397,0.011713191023535852,0.015708812260536397
Japan_012521.jpg,alligator crack,control,0.04734537493158183,0.06918445539135194,0.03908045977011494,0.06321839080459771,0.0414887794198139,0.0666119321291735,0.06141215106732348,0.07827038861521621,0.0812807881773399,0.2223864258347017,0.04608648056923919,0.06732348111658457,0.05073891625615764,0.07066228790366721,0.1726327312534209,0.27148330596606457,0.06611932129173509,0.18379857690202517
Japan_012546.jpg,pothole,damage,0.1842622950819672,0.25114754098360653,0.18360655737704917,0.24786885245901638,0.18491803278688523,0.25245901639344265,0.1842622950819672,0.25114754098360653,0.017704918032786884,0.11409836065573771,0.1842622950819672,0.2518032786885246,0.1842622950819672,0.24721311475409835,0.020327868852459016,0.12786885245901639,0.1436065573770492,0.31081967213114753
Japan_012546.jpg,pothole,control,0.0045901639344262295,0.007213114754098361,0.0045901639344262295,0.007213114754098361,0.005245901639344262,0.007213114754098361,0.005245901639344262,0.007868852459016393,0.0,0.0,0.005245901639344262,0.007213114754098361,0.0045901639344262295,0.005245901639344262,0.0,0.0,0.0,0.08262295081967214
Japan_012546.jpg,alligator crack,damage,0.020714285714285713,0.03877551020408163,0.021326530612244897,0.04081632653061224,0.02142857142857143,0.04051020408163265,0.01989795918367347,0.03602040816326531,0.06928571428571428,0.19520408163265307,0.021836734693877553,0.039693877551020405,0.02336734693877551,0.042346938775510205,0.03836734693877551,0.08540816326530612,0.07489795918367347,0.16428571428571428
Japan_012546.jpg,alligator crack,control,0.028775510204081634,0.06785714285714285,0.02989795918367347,0.06612244897959184,0.03030612244897959,0.07071428571428572,0.024591836734693878,0.06357142857142857,0.1357142857142857,0.343265306122449,0.02989795918367347,0.06969387755102041,0.03520408163265306,0.07877551020408163,0.052244897959183675,0.1816326530612245,0.10408163265306122,0.18622448979591838
Japan_012546.jpg,longitudinal crack,damage,0.00011337868480725624,0.0013605442176870747,0.00011337868480725624,0.0013605442176870747,0.00011337868480725624,0.0013605442176870747,0.0,0.0012471655328798186,0.13095238095238096,0.3419501133786848,0.00011337868480725624,0.0012471655328798186,0.0010204081632653062,0.003401360544217687,0.010430839002267574,0.05022675736961451,0.02290249433106576,0.05680272108843538
Japan_012546.jpg,longitudinal crack,control,0.009297052154195011,0.01712018140589569,0.011791383219954649,0.019387755102040816,0.011111111111111112,0.01904761904761905,0.0003401360544217687,0.00816326530612245,0.16156462585034015,0.3679138321995465,0.011564625850340135,0.019160997732426303,0.024603174603174603,0.03764172335600907,0.02585034013605442,0.061564625850340136,0.017346938775510204,0.0673469387755102
Japan_012735.jpg,longitudinal crack,damage,0.017479739392976323,0.03344986492928651,0.017400286032099158,0.035197838868584144,0.017638646114730653,0.03424439853805816,0.017161925949467662,0.0320991577943747,0.01930716669315112,0.05021452407436835,0.017479739392976323,0.03305259812490068,0.013348164627363738,0.02192912760209757,0.01819481964087081,0.035674559033847135,0.029715556968059748,0.029715556968059748
Japan_012735.jpg,longitudinal crack,control,0.09145081836961703,0.15223263944064833,0.09184808517400286,0.15652312092801526,0.08771651040839028,0.15310662641029715,0.09502621960908947,0.15135865247099953,0.11798824090259018,0.29222946130621325,0.09558239313522962,0.1589067217543302,0.08588908310821548,0.1393611949785476,0.13578579373907515,0.26577149213411727,0.1286349912601303,0.26918798665183535
Japan_012735.jpg,alligator crack,damage,0.09206404455273233,0.15922187415400085,0.09537069265576052,0.16299261321885755,0.09100050276520864,0.15802297250261052,0.09324360908071315,0.16129094635881966,0.10575472792667363,0.27822253161619676,0.09277951811888463,0.16053679854584832,0.0888154078199327,0.14715550914645936,0.07649766020806745,0.13294272344046099,0.06822137138879221,0.1822717252581506
Japan_012735.jpg,alligator crack,control,0.19331322272498744,0.36050199172371117,0.18393471787136945,0.35402405538152143,0.1940867076613683,0.3627644351626252,0.19689059055574892,0.3641373709247012,0.33122558688169546,0.703194492787253,0.19679390493870133,0.3635185829755965,0.19147619600108287,0.34938314576323626,0.26325559809722704,0.48149437289708785,0.2414433228912867,0.49191708241481996
Japan_012794.jpg,alligator crack,damage,0.006169154228855721,0.014527363184079602,0.005970149253731343,0.014278606965174129,0.006417910447761194,0.014776119402985075,0.006069651741293532,0.014328358208955224,0.0,0.041044776119402986,0.006417910447761194,0.014776119402985075,0.010447761194029851,0.01835820895522388,0.015572139303482587,0.03253731343283582,0.012437810945273632,0.04164179104477612
Japan_012794.jpg,alligator crack,control,0.006318407960199005,0.006666666666666667,0.004676616915422886,0.005024875621890548,0.006517412935323383,0.006865671641791045,0.006218905472636816,0.006567164179104477,0.0,0.03218905472636816,0.006169154228855721,0.006517412935323383,0.009850746268656717,0.010199004975124378,0.014577114427860697,0.028407960199004975,0.018208955223880597,0.0408955223880597
Japan_012797.jpg,longitudinal crack,damage,0.01919191919191919,0.01919191919191919,0.01919191919191919,0.01919191919191919,0.01919191919191919,0.01919191919191919,0.010101010101010102,0.010101010101010102,0.0,0.06666666666666667,0.01919191919191919,0.01919191919191919,0.020202020202020204,0.020202020202020204,0.0,0.0,0.012121212121212121,0.012121212121212121
Japan_012797.jpg,longitudinal crack,control,0.0,0.0,0.0,0.0,0.0,0.00101010101010101,0.0,0.0,0.0,0.014141414141414142,0.0,0.0,0.0,0.00101010101010101,0.0,0.0,0.046464646464646465,0.046464646464646465
Japan_013032.jpg,pothole,damage,0.01953125,0.044921875,0.01953125,0.044921875,0.01953125,0.044921875,0.01953125,0.044921875,0.0,0.0703125,0.01953125,0.044921875,0.037109375,0.0625,0.0,0.0,0.0,0.0
Japan_013032.jpg,pothole,control,0.001953125,0.001953125,0.001953125,0.001953125,0.001953125,0.001953125,0.001953125,0.001953125,0.0,0.015625,0.001953125,0.001953125,0.00390625,0.00390625,0.0,0.0,0.0,0.0
Norway_000024.jpg,alligator crack,damage,0.08568654460578928,0.1242682086896631,0.07506839618129292,0.11177275249191682,0.08874763243987832,0.1294361858845587,0.08614331630603225,0.1259589814230232,0.045715433622223495,0.11989898410147506,0.08530630010139853,0.1247082400658134,0.08921875298934359,0.12801564981155178,0.06145133826933746,0.1605803631215443,0.02165002200156881,0.0352766458130058
Norway_000024.jpg,alligator crack,control,0.16885964912280702,0.31029147295720216,0.15761493428227055,0.2917695000860931,0.17097371290822477,0.3145626470757045,0.17105741452868814,0.31419914289540646,0.10695632210296734,0.2630622357420268,0.16901270351451148,0.3105975817406111,0.1751827086800972,0.317025866192198,0.13358061183493083,0.2733575350590216,0.04797059442499378,0.09052928121831295
Norway_000024.jpg,longitudinal crack,damage,0.04146236686565838,0.04423244996815145,0.036425852133852785,0.04104759506421556,0.04284000177759344,0.04602485668152932,0.04135867391529767,0.0444250225902499,0.028456308234701588,0.046054483238775236,0.041343860636674716,0.044202823410905534,0.04086983572074007,0.042914068170708225,0.01728709615299154,0.07338498229813205,0.01057668093679174,0.011243278474824833
Norway_000024.jpg,longitudinal crack,control,0.005658672433969811,0.005984564563674878,0.0053031537470188276,0.00554016620498615,0.005895684891937133,0.006295643414756988,0.005954938006428963,0.006443776200986564,0.009258299139348511,0.0262491297198809,0.005895684891937133,0.006384523086494734,0.005954938006428963,0.006295643414756988,0.03990697261024782,0.06369709807871776,0.0002962655724591524,0.0006665975380330929
Norway_000024.jpg,longitudinal crack,damage,0.10582010582010581,0.13523187052598817,0.096171802054155,0.12107065048241519,0.10784313725490197,0.14145658263305322,0.10815437286025521,0.13912231559290383,0.024743230625583566,0.03672580143168378,0.10799875505757858,0.1383442265795207,0.10037348272642391,0.12184873949579832,0.030656707127295364,0.07889822595704948,0.00902583255524432,0.013849984438219732
Norway_000024.jpg,longitudinal crack,control,0.021942110177404293,0.037970743853096796,0.015717398070339245,0.028478057889822595,0.027544351073762838,0.0457516339869281,0.02100840336134454,0.03890445066915655,0.06567071272953626,0.13103018985371925,0.02100840336134454,0.038593215063803296,0.024120759414877062,0.03688141923436041,0.08885776532835356,0.1870525988173047,0.007936507936507936,0.01758481170245876
Norway_000024.jpg,transverse crack,damage,0.02638653788708553,0.03893881310365429,0.022372548043413324,0.03331300408244548,0.027506721099273126,0.040948919645524245,0.027071094294533506,0.040083889276112714,0.016448023498954495,0.07373917156228219,0.026417654087424077,0.03940555610873245,0.028116598625908592,0.04065642736234193,0.06051478641840088,0.10584486707159216,0.015222045205615852,0.026971522453450164
Norway_000024.jpg,transverse crack,control,0.024314198944538484,0.06797645125958379,0.02005750273822563,0.057801453748879815,0.02596958080254904,0.07071467688937569,0.025397042716319825,0.07016080852334959,0.055100567559494176,0.12883973912177638,0.023430498854923827,0.06684382156726078,0.02916210295728368,0.07546923230110525,0.0720588967440008,0.1424375186697202,0.010056755949417505,0.031346460221049484
Norway_000215.jpg,longitudinal crack,damage,0.030215283897771623,0.08189600906458518,0.032922069746946996,0.0854211255193252,0.031159511519576986,0.08328087624323303,0.030467077930253054,0.08623945612488984,0.0005035880649628604,0.007364975450081833,0.030215283897771623,0.08605061060052877,0.03638423769356666,0.09247135842880523,6.294850812035755e-05,0.0020773007679717992,0.011267782953544001,0.01567417852196903
Norway_000215.jpg,longitudinal crack,control,0.013408032229636158,0.07610474631751228,0.015359435981367242,0.07528641571194762,0.01466700239204331,0.07837089260984514,0.016870200176255824,0.08340677325947375,0.0011960216542867934,0.007113181417600403,0.016744303160015107,0.08328087624323303,0.01768853078182047,0.08605061060052877,0.0,0.002203197784212514,0.008623945612488984,0.012400856099710436
Norway_000293.jpg,longitudinal crack,damage,0.022709960007617595,0.031175014282993716,0.017434774328699297,0.02328127975623691,0.013940201866311178,0.017977528089887642,0.015539897162445249,0.0201390211388307,0.004256332127213864,0.015996952961340696,0.015358979242049134,0.01993905922681394,0.016396876785374215,0.020262807084364884,0.00242810893163207,0.005437059607693772,0.044382022471910115,0.08934488668824986
Norway_000293.jpg,longitudinal crack,control,0.0013806893924966674,0.006874880975052371,0.0013616454008760237,0.005722719482003428,0.0007808036564463911,0.002675680822700438,0.0010664635307560465,0.0031422586174062084,0.0008855456103599315,0.003932584269662922,0.001037897543325081,0.003113692629975243,0.000914111597790897,0.0033517425252332887,0.0005237097695677014,0.001209293467910874,0.011388306989144925,0.026004570557988955
Norway_000299.jpg,longitudinal crack,damage,0.00463768115942029,0.00463768115942029,0.022318840579710144,0.022318840579710144,0.004927536231884058,0.004927536231884058,0.00391304347826087,0.00391304347826087,0.0,0.0,0.007246376811594203,0.007246376811594203,0.00391304347826087,0.00391304347826087,0.0,0.0,0.0,0.0
Norway_000299.jpg,longitudinal crack,control,0.0,0.04608695652173913,0.0015942028985507246,0.0463768115942029,0.0,0.04623188405797102,0.0,0.04695652173913043,0.0,0.0,0.0,0.04507246376811594,0.0,0.04594202898550725,0.0,0.0,0.0004347826086956522,0.02681159420289855
Norway_000299.jpg,longitudinal crack,damage,0.03286684199227136,0.06411013310433662,0.03341697080291971,0.07199978531558608,0.03697939029626449,0.06898749463288965,0.033832921854873334,0.06755179261485617,0.01967045942464577,0.04770019321597252,0.032793044224989264,0.06495545298411336,0.03906585444396737,0.07093978102189781,0.0035422928295405754,0.0096138364104766,0.021642872477458136,0.042259285100901677
Norway_000299.jpg,longitudinal crack,control,6.7088879347359385e-06,0.002133426363246028,0.0003891155002146844,0.007688385573207385,0.0,0.0023145663374838986,6.0379991412623444e-05,0.00239507299270073,6.7088879347359385e-06,4.025332760841563e-05,0.0,0.0017040575354229284,0.0,0.001952286389008158,4.6962215543151566e-05,5.367110347788751e-05,0.00011405109489051095,0.0004494954916273079
Norway_000299.jpg,longitudinal crack,damage,0.012140131807145335,0.026404786680541102,0.023629899410336455,0.049774540409295874,0.011923343739160597,0.026404786680541102,0.012617065556711759,0.028052375997225112,0.0005202913631633715,0.004595907041276448,0.01257370794311481,0.024193548387096774,0.014611515782171349,0.03048040235865418,8.671522719389525e-05,0.0003035032951786334,0.000693721817551162,0.009235171696149845
Norway_000299.jpg,longitudinal crack,control,0.0,0.006980575789108568,0.00021678806798473813,0.015998959417273674,0.0,0.007457509538674991,0.0,0.007934443288241414,0.001040582726326743,0.0018643773846687478,0.0,0.005419701699618453,0.0,0.008237946583420048,0.0,0.0,0.0006503642039542144,0.0038588276101283385
Norway_000299.jpg,longitudinal crack,damage,0.004914004914004914,0.004914004914004914,0.03882063882063882,0.03882063882063882,0.004422604422604423,0.004422604422604423,0.004914004914004914,0.004914004914004914,0.0,0.0,0.007862407862407862,0.007862407862407862,0.0019656019656019656,0.0019656019656019656,0.0,0.0,0.0,0.0
Norway_000299.jpg,longitudinal crack,control,0.0,0.0,0.0,0.0,0.0,0.0,0.0,0.0,0.0,0.0,0.0,0.0,0.0,0.0,0.0,0.0,0.0,0.0
Norway_000299.jpg,longitudinal crack,damage,0.003813395276809911,0.007994579945799458,0.00873015873015873,0.018234610917537745,0.004336043360433604,0.008826945412311266,0.003774680603948897,0.008072009291521487,0.0,0.00021293070073557878,0.0036391792489353465,0.006871854432830043,0.003929539295392954,0.008013937282229966,0.0,0.00013550135501355014,0.00044521873790166473,0.0009678668215253581
Norway_000299.jpg,longitudinal crack,control,0.0,0.003697251258226868,0.00017421602787456446,0.010491676345334882,1.9357336430507162e-05,0.003774680603948897,3.8714672861014324e-05,0.003929539295392954,5.8072009291521487e-05,0.00017421602787456446,0.0,0.0030391018195896247,1.9357336430507162e-05,0.003658536585365854,1.9357336430507162e-05,1.9357336430507162e-05,0.00019357336430507162,0.0015098722415795587
Norway_000299.jpg,longitudinal crack,damage,0.00010103051121438674,0.00020206102242877348,0.003637098403717923,0.0048494645382905635,0.0,0.00010103051121438674,0.00020206102242877348,0.0003030915336431602,0.0,0.0,0.0003030915336431602,0.0003030915336431602,0.0,0.0,0.0,0.0,0.0,0.0
Norway_000299.jpg,longitudinal crack,control,0.0,0.00010103051121438674,0.00020206102242877348,0.0008082440897150939,0.0,0.00010103051121438674,0.0,0.0,0.0,0.0,0.0,0.0,0.0,0.0,0.0,0.0,0.0,0.0
Norway_000299.jpg,longitudinal crack,damage,0.09837728194726167,0.1578346855983773,0.09432048681541583,0.1650608519269777,0.11067444219066937,0.17013184584178498,0.0973630831643002,0.1592292089249493,0.009001014198782962,0.02738336713995943,0.09330628803245436,0.15212981744421908,0.10408215010141988,0.16227180527383367,0.002028397565922921,0.004056795131845842,0.022692697768762676,0.0348630831643002
Norway_000299.jpg,longitudinal crack,control,0.08874239350912778,0.1206896551724138,0.06947261663286004,0.11713995943204868,0.10484279918864098,0.13780425963488843,0.08481237322515213,0.1243661257606491,0.05286511156186612,0.09026369168356999,0.08874239350912778,0.12588742393509128,0.09977180527383367,0.13171906693711968,0.0038032454361054766,0.0457657200811359,0.08367139959432049,0.1265212981744422
Norway_000299.jpg,longitudinal crack,damage,0.0779768177028451,0.1327713382507903,0.06755649221402646,0.12761971666081254,0.08734340241189556,0.14248916988643015,0.07739140615852945,0.1349959021191898,0.005737033134293408,0.03559302189439176,0.07504975998126683,0.13183467977988525,0.08500175623463295,0.1395621121648519,0.0018733169418100925,0.007024938531787847,0.018616087109237796,0.05713616672520782
Norway_000299.jpg,longitudinal crack,control,0.01205947781290247,0.014752370916754479,0.0106544901065449,0.01779651094719588,0.02236272099285798,0.02540686102329938,0.011825313195176209,0.016157358623112048,0.011474066268586816,0.03758342114506498,0.01194239550403934,0.015923194005385787,0.02095773328650041,0.02376770869921555,0.0036295515747570544,0.00889825547359794,0.0106544901065449,0.02997307106896148
Norway_000299.jpg,longitudinal crack,damage,0.0010893246187363835,0.0010893246187363835,0.011437908496732025,0.011437908496732025,0.0008169934640522876,0.0008169934640522876,0.0010893246187363835,0.0010893246187363835,0.0,0.0,0.0013616557734204794,0.0013616557734204794,0.0008169934640522876,0.0008169934640522876,0.0,0.0,0.0,0.0
Norway_000299.jpg,longitudinal crack,control,0.0,0.0,0.0,0.0,0.0,0.0,0.0,0.0,0.0,0.0,0.0,0.0,0.0,0.0,0.0,0.0,0.0,0.0
Norway_000299.jpg,longitudinal crack,damage,0.0012244897959183673,0.044489795918367346,0.017551020408163264,0.06428571428571428,0.001836734693877551,0.04510204081632653,0.0012244897959183673,0.04551020408163265,0.0,0.0010204081632653062,0.001836734693877551,0.045714285714285714,0.0012244897959183673,0.043673469387755105,0.00020408163265306123,0.00020408163265306123,0.00836734693877551,0.026938775510204082
Norway_000299.jpg,longitudinal crack,control,0.0,0.0,0.00020408163265306123,0.00020408163265306123,0.0,0.0,0.0,0.0,0.0,0.0,0.0,0.0,0.0,0.0,0.0,0.0,0.0,0.0
Norway_000299.jpg,longitudinal crack,damage,0.0836734693877551,0.12244897959183673,0.1096938775510204,0.17142857142857143,0.08877551020408163,0.12755102040816327,0.08571428571428572,0.1270408163265306,0.007142857142857143,0.010714285714285714,0.08775510204081632,0.1306122448979592,0.08163265306122448,0.11836734693877551,0.0,0.0,0.00816326530612245,0.01020408163265306
Norway_000299.jpg,longitudinal crack,control,0.10408163265306122,0.11938775510204082,0.07193877551020408,0.09591836734693877,0.12857142857142856,0.14591836734693878,0.07193877551020408,0.09948979591836735,0.023979591836734693,0.04183673469387755,0.08826530612244898,0.10816326530612246,0.12091836734693878,0.1336734693877551,0.018367346938775512,0.09081632653061225,0.07448979591836735,0.11479591836734694
Norway_000299.jpg,longitudinal crack,damage,0.006749831254218645,0.011899702507437314,0.01703707407314817,0.030124246893827655,0.006712332191695208,0.012099697507562311,0.006849828754281143,0.01317467063323417,0.0015749606259843503,0.008687282817929552,0.007487312817179571,0.011587210319742006,0.0075748106297342565,0.013362165945851354,2.499937501562461e-05,6.249843753906152e-05,0.006087347816304592,0.025736856578585536
Norway_000299.jpg,longitudinal crack,control,0.002912427189320267,0.011487212819679508,0.0045623859403514915,0.017424564385890354,0.003024924376890578,0.011624709382265444,0.00303742406439839,0.012724681882952926,0.0025499362515937103,0.011987200319992,0.002999925001874953,0.011412214694632635,0.003274918127046824,0.011487212819679508,0.00017499562510937225,0.0007749806254843629,0.0120871978200545,0.01821204469888253
Norway_000299.jpg,longitudinal crack,damage,0.0044603033006244425,0.0044603033006244425,0.03300624442462088,0.03300624442462088,0.0044603033006244425,0.0044603033006244425,0.0044603033006244425,0.0044603033006244425,0.0,0.0,0.008028545941123996,0.008028545941123996,0.0044603033006244425,0.0044603033006244425,0.0,0.0,0.0,0.0
Norway_000299.jpg,longitudinal crack,control,0.0,0.0,0.0,0.0,0.0,0.0,0.0,0.0,0.0,0.0,0.0,0.0,0.0,0.0,0.0,0.0,0.0,0.0
Norway_000299.jpg,longitudinal crack,damage,0.0,0.0,0.005494505494505495,0.005494505494505495,0.0,0.0,0.0,0.0,0.0,0.0,0.0,0.0,0.0,0.0,0.0,0.0,0.0,0.0
Norway_000299.jpg,longitudinal crack,control,0.0,0.0,0.0,0.0,0.0,0.0,0.0,0.0,0.0,0.0,0.0,0.0,0.0,0.0,0.0,0.0,0.0,0.0
Norway_000299.jpg,longitudinal crack,damage,0.001379310344827586,0.001379310344827586,0.04275862068965517,0.044137931034482755,0.001379310344827586,0.001379310344827586,0.001379310344827586,0.001379310344827586,0.0,0.0,0.005517241379310344,0.005517241379310344,0.001379310344827586,0.001379310344827586,0.0,0.0,0.0,0.0
Norway_000299.jpg,longitudinal crack,control,0.0,0.0,0.0,0.0,0.0,0.0,0.0,0.0,0.0,0.0,0.0,0.0,0.0,0.0,0.0,0.0,0.0,0.0
Norway_000721.jpg,longitudinal crack,damage,0.017216176709436416,0.024362514211466624,0.01737859347084619,0.02387526392723729,0.017541010232255967,0.0245249309728764,0.017053759948026638,0.02403768068864707,0.0,0.0019490011369173298,0.017541010232255967,0.023712847165827514,0.01997726165340263,0.02728601591684262,0.03183368523631639,0.057333116777651454,0.00032483352281955497,0.0011369173298684423
Norway_000721.jpg,longitudinal crack,control,0.0,0.0025986681825564397,0.0,0.0025986681825564397,0.0,0.0025986681825564397,0.0,0.0025986681825564397,0.0,0.0,0.0,0.0025986681825564397,0.0,0.0027610849439662173,0.007471171024849764,0.04596394347896703,0.0,0.0
Norway_000721.jpg,longitudinal crack,damage,0.016247072599531617,0.027781030444964872,0.014988290398126464,0.026463700234192037,0.01715456674473068,0.028747072599531617,0.015515222482435597,0.027488290398126464,0.0,0.0031030444964871193,0.0140807962529274,0.026083138173302108,0.016159250585480095,0.027576112412177986,0.009133489461358314,0.04335480093676815,0.001522248243559719,0.008372365339578454
Norway_000721.jpg,longitudinal crack,control,0.000585480093676815,0.000585480093676815,0.0004098360655737705,0.0004098360655737705,0.000585480093676815,0.000585480093676815,0.000585480093676815,0.000585480093676815,0.0,0.0,0.000585480093676815,0.000585480093676815,0.0004098360655737705,0.0004098360655737705,0.001288056206088993,0.006118266978922717,0.0,0.0
Norway_000721.jpg,longitudinal crack,damage,0.006576392933410988,0.017035527082119976,0.00611531741409435,0.015021355076684138,0.006940399922345176,0.017278198408076102,0.006552125800815376,0.018030479518540088,0.006430790137837313,0.022762570374684526,0.006552125800815376,0.017472335468841003,0.008978839060376626,0.0203843913803145,0.02392739273927393,0.07537371384197243,0.00242671325956125,0.006988934187536401
Norway_000721.jpg,longitudinal crack,control,0.02630557173364395,0.05518345952242283,0.01737526693845855,0.04688410017472335,0.029241894777713065,0.05981848184818482,0.026742380120364978,0.05756163851679286,0.07001067753834207,0.15671714230246553,0.02705785284410794,0.05819258396427878,0.038778877887788776,0.07289846631721995,0.11633663366336634,0.24827703358571152,0.014002135507668413,0.029072024849543777
Norway_000803.jpg,longitudinal crack,damage,0.03451260653409091,0.07228781960227272,0.030565666429924244,0.06602894176136363,0.036051432291666664,0.07533587831439394,0.03899221709280303,0.07930131392045454,0.01700476444128788,0.05491684422348485,0.03551136363636364,0.07450727982954546,0.043986002604166664,0.08698434540719698,0.003935842803030303,0.01027240175189394,0.04043856534090909,0.08575254498106061
Norway_000803.jpg,longitudinal crack,control,0.018110795454545456,0.046368223248106064,0.017507842092803032,0.043682676373106064,0.01922052556818182,0.04889100970643939,0.020844430634469696,0.050799745501893936,0.0,0.005507960464015152,0.01906146425189394,0.04840272845643939,0.022697679924242424,0.053056196732954544,0.0015721176609848485,0.004091205018939394,0.01691228693181818,0.034686464251893936
Norway_000891.jpg,transverse crack,damage,0.005912200945952151,0.012145841943334712,0.006578041052486569,0.012019561923129907,0.006153280984524958,0.01249024199843872,0.005751480920236947,0.012983882077421132,0.0,0.0,0.006589521054323369,0.012386921981907517,0.00468384074941452,0.00978096156495385,0.0,0.0,0.00041328006612481057,0.001526840244294439
Norway_000891.jpg,transverse crack,control,0.059156449465031916,0.12778390044542406,0.03159296505487441,0.07739817238370758,0.06804197088671535,0.14510722321715572,0.05961564953850393,0.12947146071543372,0.04904256784681085,0.0980277356844377,0.06757129081140653,0.14556642329062772,0.07115305138448823,0.14535978325756532,0.01056160168985627,0.02535932405749185,0.05707856913257106,0.12287045965927354
Norway_000891.jpg,transverse crack,damage,0.0041002924723854955,0.01431694920067013,0.0030610216656728286,0.01067098276400602,0.004560297583553398,0.015594741176136524,0.004185478604083255,0.014544112218530823,0.000664451827242525,0.002158048669676577,0.003129170571031036,0.010790243348382883,0.004333134565692705,0.014436209785046995,0.000573586620098248,0.0012891501263594288,0.004656841866144192,0.006752420705909078
Norway_000891.jpg,transverse crack,control,0.00043728880938183264,0.010744810744810745,0.0006587727517960076,0.009421586165772213,0.0004543260357213846,0.011136666950620438,0.0005508703183121788,0.01088110855552716,0.0002669165459863134,0.0011074197120708748,0.0005395121674191442,0.009296646505948832,0.0003861771303631769,0.009858874975154044,0.0005054377147400403,0.0011358150893034614,0.0019990345571740922,0.003424482494249936
Norway_000891.jpg,longitudinal crack,damage,0.017831149927219795,0.01799288371340773,0.021119736913041136,0.02129494851474473,0.01797940589789207,0.018141139684080005,0.01622728988085611,0.016389023667044044,0.0,0.0,0.021119736913041136,0.02129494851474473,0.01578252196883929,0.015903822308480243,0.0,0.0,0.0,0.0005525904361421101
Norway_000891.jpg,longitudinal crack,control,0.03598576742681546,0.09779502938163782,0.019691088468381045,0.06724082160763384,0.04312900965011591,0.10871205994932341,0.03551404388376732,0.09664941506280662,0.06348051107876436,0.13014178661922476,0.041889050622675075,0.10744514529085127,0.045271982317106045,0.11147501213003397,0.013774327457005768,0.025985228314194836,0.062159685158229554,0.13646288209606988
Norway_000891.jpg,longitudinal crack,damage,0.01209584957578537,0.013070396698005044,0.015019490942444393,0.01565008025682183,0.012439807383627608,0.013471680807154322,0.010891997248337537,0.012038523274478331,0.0,0.0,0.015019490942444393,0.01565008025682183,0.010548039440495299,0.011235955056179775,0.0,0.0,0.0,0.000687915615684476
Norway_000891.jpg,longitudinal crack,control,0.0004012841091492777,0.004586104104563174,0.00045861041045631735,0.004356798899335015,0.0005159367117633571,0.004528777803256134,5.732630130703967e-05,0.004528777803256134,0.0,0.0,0.00045861041045631735,0.004356798899335015,0.0004012841091492777,0.003840862187571658,0.0,0.0,0.0,0.00011465260261407934
Norway_000891.jpg,longitudinal crack,damage,0.015995872033023734,0.016253869969040248,0.021413828689370484,0.021671826625386997,0.015995872033023734,0.016253869969040248,0.017543859649122806,0.01780185758513932,0.0,0.0,0.021413828689370484,0.021671826625386997,0.014447884416924664,0.014705882352941176,0.0,0.0,0.0,0.0
Norway_000891.jpg,longitudinal crack,control,0.0005159958720330237,0.0007739938080495357,0.00025799793601651185,0.00025799793601651185,0.0005159958720330237,0.0007739938080495357,0.00025799793601651185,0.0012899896800825593,0.0,0.0,0.00025799793601651185,0.00025799793601651185,0.00025799793601651185,0.0005159958720330237,0.0,0.0,0.0,0.0
Norway_001120.jpg,longitudinal crack,damage,0.030555593759598765,0.05882811389694994,0.02652812352436883,0.05026200332833625,0.015124216626093973,0.026454771761405052,0.017657144690936932,0.030649575705896107,0.01173169758901924,0.03704034805411526,0.017205572900191174,0.030161328033668458,0.019376326635400478,0.032565890513324806,0.002888225666698758,0.005462414098208842,0.02509776414657516,0.053296932520962556
Norway_001120.jpg,longitudinal crack,control,0.0015656016907581363,0.011422244839015803,0.0020080045111334223,0.011465797448275547,0.0003048682648182022,0.003326044001888808,0.00035071311667056346,0.003326044001888808,0.00038968124074507054,0.0013959757389043997,0.00035071311667056346,0.003326044001888808,0.0003621743296336538,0.0037134330000412603,0.0003254984481517648,0.0008252073333425023,0.00340627249263044,0.010358644276041022
Norway_001248.jpg,longitudinal crack,damage,0.03242931807893329,0.13406313016996585,0.02216552121486481,0.09886826618379357,0.03339232067163258,0.13483682456068152,0.037976871476192435,0.14822832215317502,0.15678834519939092,0.28504053664759865,0.030923083254454916,0.12930573274620355,0.039837030330466275,0.1447713897691263,0.06646364047903205,0.1277665747561628,0.010403720317708547,0.06889995473064735
Norway_001248.jpg,longitudinal crack,control,0.07990452281986914,0.20331700893040866,0.03689040701263426,0.11422692291863863,0.08062883246224124,0.20424708835754557,0.09787234042553192,0.24302234659862545,0.1540721840404955,0.2602329313963538,0.08160006584633113,0.21748220091361783,0.08044775505164821,0.2014568500761348,0.07736120828017613,0.13532244125272644,0.029861311165068523,0.08177291246553356
Norway_001248.jpg,longitudinal crack,damage,0.135327868852459,0.26259562841530054,0.11482695810564664,0.22406193078324227,0.1376047358834244,0.2686976320582878,0.1452367941712204,0.2818214936247723,0.1216575591985428,0.207304189435337,0.13528233151183972,0.26866120218579237,0.1349271402550091,0.2568943533697632,0.08507285974499089,0.15356102003642988,0.03518214936247723,0.06878870673952642
Norway_001248.jpg,longitudinal crack,control,0.10642987249544626,0.256183970856102,0.06972677595628415,0.17501821493624772,0.10569216757741348,0.2567486338797814,0.11991803278688525,0.2872495446265938,0.15250455373406194,0.23026411657559198,0.10610200364298725,0.25693078324225865,0.1038615664845173,0.2480327868852459,0.09669398907103825,0.16472677595628415,0.050546448087431695,0.11437158469945355
Norway_001378.jpg,transverse crack,damage,0.0034097589653145207,0.00837742504409171,0.0028512639623750734,0.007319223985890653,0.00393885949441505,0.009112286890064668,0.003703703703703704,0.009112286890064668,2.9394473838918284e-05,0.0007642563198118754,0.0028512639623750734,0.007319223985890653,0.0027630805408583184,0.0067313345091122865,0.0,0.0,0.0012933568489124044,0.001675485008818342
Norway_001378.jpg,transverse crack,control,0.0,0.002880658436213992,0.0,0.002204585537918871,0.0,0.0030864197530864196,0.0,0.003115814226925338,0.0,0.0,0.0,0.002204585537918871,0.0,0.0025279247501469723,0.0,0.0,0.0,0.0
Norway_001378.jpg,longitudinal crack,damage,0.02495331862162621,0.025971821422508912,0.02308606348667459,0.02410456628755729,0.031064335426922423,0.03140383636054999,0.02308606348667459,0.023934815820743506,0.025802070955695127,0.06314717365472755,0.01952130368358513,0.01952130368358513,0.023934815820743506,0.024274316754371073,0.0,0.0006790018672551349,0.016635545747750807,0.06297742318791377
Norway_001378.jpg,longitudinal crack,control,0.005262264471227296,0.014598540145985401,0.011203530809709726,0.021897810218978103,0.004753013070785944,0.016975046681378374,0.00814802240706162,0.019860804617212697,0.05499915124766593,0.09692751655067051,0.0057715158716686475,0.01816329994907486,0.004413512137158377,0.013240536411475132,0.0,0.0016975046681378374,0.0354778475640808,0.07401120353080971
Norway_001619.jpg,longitudinal crack,damage,0.09137426900584796,0.0960735171261487,0.0904344193817878,0.09816207184628237,0.09090434419381788,0.0964390142021721,0.09283625730994152,0.0983187134502924,0.054563492063492064,0.2220655806182122,0.08798036758563074,0.09372389306599833,0.09502923976608187,0.10160818713450293,0.03195488721804511,0.06975772765246449,0.06907894736842106,0.164734753550543
Norway_001619.jpg,longitudinal crack,control,0.0026106934001670842,0.008197577276524644,0.002454051796157059,0.0072055137844611525,0.003446115288220551,0.00960735171261487,0.0025584795321637425,0.008458646616541353,0.0210421888053467,0.09184419381787803,0.0025584795321637425,0.00835421888053467,0.0037593984962406013,0.011434837092731829,0.01613408521303258,0.023705096073517125,0.011330409356725146,0.04850668337510443
Norway_001619.jpg,longitudinal crack,damage,0.053700667759606545,0.08273021712183613,0.051861329921228355,0.07965132552281179,0.055100163940981245,0.08504938222239994,0.05322084049742093,0.08277020272701828,0.053460754128513734,0.15626374505178137,0.05254108520932464,0.08205046183373986,0.056379703306809546,0.08572913751049623,0.027470110760126353,0.051741373105681956,0.04546363309208685,0.10756127793994162
Norway_001619.jpg,longitudinal crack,control,0.00047982726218561317,0.00047982726218561317,0.00047982726218561317,0.0005198128673677476,0.00043984165700347875,0.00043984165700347875,0.0005198128673677476,0.0005198128673677476,0.006517653644687912,0.04890239513775041,0.0005198128673677476,0.0005198128673677476,0.00039985605182134434,0.00039985605182134434,0.008237034667519693,0.01011635811108001,0.0,0.01651405494022152
Norway_001703.jpg,longitudinal crack,damage,0.024542267238021036,0.07784703285287625,0.02499675366835476,0.07492533437215947,0.025646019997402934,0.08076873133359304,0.023698221010258407,0.07849629918192443,0.016361511492014025,0.059407869107908066,0.021620568757304247,0.07849629918192443,0.023048954681210234,0.07460070120763537,0.06564082586677054,0.11173873522919102,0.024801973769640308,0.03382677574340995
Norway_001703.jpg,longitudinal crack,control,0.06473185300610311,0.2119205298013245,0.059667575639527334,0.20010388261264772,0.06869237761329697,0.21880275288923517,0.06680950525905727,0.21575120114270874,0.1053759252045189,0.26970523308661215,0.06408258667705492,0.2144526684846124,0.07278275548630048,0.22075055187637968,0.11634852616543306,0.2515257758732632,0.04681210232437346,0.08739124788988444
Norway_002353.jpg,transverse crack,damage,0.02594630281690141,0.05253080985915493,0.026914612676056337,0.05189260563380282,0.027398767605633804,0.05503961267605634,0.026078345070422535,0.05352112676056338,0.012455985915492958,0.026078345070422535,0.026232394366197183,0.05367517605633803,0.025330105633802818,0.04894366197183098,0.0004181338028169014,0.003279049295774648,0.012433978873239437,0.03237235915492958
Norway_002353.jpg,transverse crack,control,0.1782350352112676,0.3429357394366197,0.14152728873239437,0.28846830985915495,0.18536531690140845,0.35484154929577466,0.18232834507042253,0.3498019366197183,0.07106073943661972,0.15277288732394367,0.18199823943661972,0.34942781690140845,0.18175616197183098,0.3443221830985915,0.01287411971830986,0.03761003521126761,0.11426056338028169,0.2276848591549296
Norway_002624.jpg,longitudinal crack,damage,0.03229115878433285,0.034089062246058836,0.02845156834064684,0.031864537623923286,0.03318503169185763,0.03517593044043556,0.032423208191126277,0.03436331870632212,0.019451893385340483,0.030097107102226555,0.032423208191126277,0.03437347635299854,0.03165122704371851,0.03299203640500569,0.04572972533723387,0.07799041118153746,0.01433243946042581,0.016770274662766132
Norway_002624.jpg,longitudinal crack,control,0.03416016577279376,0.06960019502681619,0.02895945067446774,0.05858930602957907,0.03624248334145945,0.07305379489679831,0.03397732813261824,0.07049406793434097,0.02411425320981635,0.05080854867544287,0.03390622460588331,0.07042296440760605,0.03389606695920689,0.06787339509182512,0.05664919551438323,0.10957053469852104,0.012219648951730862,0.029071184787908336
Norway_002735.jpg,longitudinal crack,damage,0.004681968710745689,0.004796163069544364,0.003825511019755624,0.003996802557953637,0.004967454607742378,0.005081648966541053,0.005081648966541053,0.005195843325339729,0.004681968710745689,0.00588100947813178,0.005081648966541053,0.005195843325339729,0.006451981272125157,0.00662327281032317,0.0,0.0,0.0,0.0
Norway_002735.jpg,longitudinal crack,control,0.0,0.00022838871759735068,0.0,0.00011419435879867534,0.0,0.00022838871759735068,0.00011419435879867534,0.00034258307639602604,0.003083247687564234,0.003654219481557611,0.00011419435879867534,0.00034258307639602604,0.00017129153819801302,0.0003996802557953637,0.0,0.0,0.0,0.0
Norway_002735.jpg,longitudinal crack,damage,0.016223113379511482,0.018436539763553982,0.009921358262590491,0.011327535024217489,0.018150096349148482,0.021196812666006978,0.016066871517108484,0.018540701005155983,0.004036248112077496,0.008619342742565492,0.016066871517108484,0.018540701005155983,0.016743919587521482,0.01851466069475548,0.00013020155200249987,0.0001822821728034998,0.005129941148898495,0.011666059059423988
Norway_002735.jpg,longitudinal crack,control,0.0008072496224154991,0.0008332899328159992,0.0004426852768084996,0.0004426852768084996,0.0009634914848184991,0.000989531795218999,0.0008072496224154991,0.0008332899328159992,0.0012759752096244987,0.0015103380032289984,0.0008072496224154991,0.0008332899328159992,0.0009634914848184991,0.000989531795218999,0.0,0.0,0.0005208062080099995,0.0005989271392114994
Norway_002844.jpg,longitudinal crack,damage,0.030838385524606785,0.03771533735337109,0.031131541552831196,0.038904247912281205,0.0316893523287582,0.03904675431489029,0.031440984027068075,0.03912004332194639,0.06842343130987813,0.12663933258144242,0.031078610603290677,0.03884724535123757,0.03103789448825951,0.03764204834631499,0.021339315887835247,0.034189321791671924,0.04654666270363147,0.1166394547297875
Norway_002844.jpg,longitudinal crack,control,0.008611458329092072,0.03546780780365061,0.011502302496305013,0.03764611995781811,0.009328061953640632,0.03743439615965603,0.009690435377418028,0.03743439615965603,0.09541007235253642,0.16827970342381812,0.011522660553820596,0.03765019156932122,0.008977903364372585,0.036298416550286434,0.0246210347593474,0.03809399722316095,0.05419722071798797,0.14178572737303696
Norway_002844.jpg,longitudinal crack,damage,0.08157308178010254,0.1284356820989145,0.07104262557534521,0.11363369745985523,0.08563758945022186,0.13559860053963413,0.08385721087825108,0.13412875311393732,0.09326285426428271,0.19789804917433218,0.08533395899608731,0.13641288221208586,0.08012393643082401,0.12591692946802566,0.06105732404960217,0.11192232580927867,0.0897435012731777,0.20639280119796016
Norway_002844.jpg,longitudinal crack,control,0.015243628935982278,0.027395747793503688,0.01776238156687116,0.030604569638334723,0.01568527323290526,0.028285937079489072,0.01573357807788121,0.02858956753362362,0.023586565732542975,0.05756557382705486,0.016720377053818496,0.029403849206075368,0.013753079433867216,0.023641771269658347,0.006976599752955222,0.031046213935257708,0.039761788107347165,0.05834535203880949
Norway_002844.jpg,transverse crack,damage,0.09064061790095411,0.12562471603816447,0.08677873693775556,0.12380736029077692,0.09518400726942298,0.1299409359382099,0.08950477055883689,0.12698773284870513,0.016810540663334848,0.10926851431167652,0.08677873693775556,0.12358019082235347,0.09086778736937756,0.1258518855065879,0.02680599727396638,0.051567469332121765,0.09654702407996366,0.1267605633802817
Norway_002844.jpg,transverse crack,control,0.141753748296229,0.25942753293957294,0.1460699681962744,0.2596547024079964,0.14266242616992275,0.26533393911858244,0.14016356201726488,0.2551113130395275,0.06610631531122217,0.16742389822807816,0.14198091776465244,0.25942753293957294,0.1412994093593821,0.2567014993184916,0.04906860517946388,0.07269422989550205,0.10586097228532486,0.17832803271240344
Norway_002861.jpg,longitudinal crack,damage,0.032102367259686,0.0374835723672933,0.020089608324902444,0.021508014668069387,0.025490980347341496,0.027265668852536156,0.026714439847134785,0.028253847679292277,0.01345805449772618,0.027763119418386176,0.03406864145578236,0.03987671292732852,0.026072459724990504,0.02781017555299361,0.031477192899901515,0.07048672848946447,0.013350497618623473,0.017609077800596267
Norway_002861.jpg,longitudinal crack,control,0.0179888880299277,0.047395611007102115,0.004433360110514694,0.014049617332791068,0.008493632296641872,0.02400871210720732,0.011481696844213945,0.02853282333446492,0.0163923406057469,0.03449550781972122,0.02189454720234474,0.05437336353889022,0.009992706299135849,0.025887596339032728,0.04185307058084076,0.09896577338437804,0.008816302933949994,0.02033833360782745
Norway_003080.jpg,longitudinal crack,damage,0.016902828636628987,0.047537547099718726,0.01915167436183198,0.04113596561057156,0.017446797219126467,0.05210820994533779,0.017068672716658705,0.04877806081834103,0.019503263811494986,0.029447274850076952,0.01920474446744149,0.0448973093456456,0.022097065223159795,0.057760176192750624,0.058198004564029085,0.08227856498434431,0.0004776309504855915,0.006501087937164995
Norway_003080.jpg,longitudinal crack,control,1.326752640237754e-05,1.326752640237754e-05,0.00015257655362734172,0.00023218171204160697,1.9901289603566312e-05,2.653505280475508e-05,1.9901289603566312e-05,0.0009618956641723717,0.005015124980098711,0.005645332484211643,0.0001326752640237754,0.00020564665923685188,5.307010560951016e-05,9.287268481664278e-05,0.021161704611792176,0.02523483521732208,5.307010560951016e-05,0.0015257655362734173
Norway_003138.jpg,longitudinal crack,damage,0.04863925883034163,0.05502334479194916,0.047803683859476816,0.05424640666114503,0.04923295683595611,0.05576363489771536,0.04962142590135817,0.05662119868360294,0.00125336245629723,0.011595435122001275,0.047876979909552676,0.05432703231622848,0.047056064148703024,0.05252394948436229,0.0008795526009103369,0.0014805802115324005,0.0067505662119868364,0.010539972000908872
Norway_003138.jpg,longitudinal crack,control,0.044989115536563734,0.11643810515051344,0.028541481899540432,0.09076249880893919,0.05366003826053814,0.1313318625259285,0.041610167628066526,0.10962890209846592,0.09595185915431018,0.20099242851802715,0.05247997185431677,0.12931622114884228,0.06095299524308635,0.14399741997903734,0.008560978648860613,0.021776256477538426,0.05041302324217748,0.11066237640453556
Norway_003207.jpg,longitudinal crack,damage,0.08988474994854909,0.10140975509364067,0.07393496604239555,0.08566577485079234,0.08957604445359127,0.10166700967277217,0.09492693969952665,0.1085099814776703,0.10624614118131302,0.18846470467174314,0.09472113603622144,0.10825272689853879,0.09415517596213213,0.10763531590862317,0.04640872607532414,0.13310351924264252,0.03642724840502161,0.04573986416958222
Norway_003207.jpg,longitudinal crack,control,0.013685943609796254,0.016670096727721753,0.009415517596213212,0.011267750565960074,0.014972216505453797,0.018470878781642313,0.014869314673801193,0.01775056596007409,0.028195101872813336,0.04934142827742334,0.014869314673801193,0.01775056596007409,0.016207038485285038,0.019499897098168347,0.016104136653632434,0.06472525210948755,0.0011833710640049393,0.0025210948754887837
Norway_003207.jpg,longitudinal crack,damage,0.09247680516337232,0.11921809869571064,0.07824055398682264,0.10657859351889203,0.09390547263681592,0.12066357402178297,0.09602326206803818,0.12533615705257498,0.06561785666263278,0.1185121688853032,0.09664515261530186,0.12585720048406615,0.09103132983729999,0.11652884227511093,0.06292860024203308,0.10893169288691677,0.033615705257496305,0.054608713190802745
Norway_003207.jpg,longitudinal crack,control,0.0154632244184483,0.016202769934113216,0.011950383219039936,0.012471426650531128,0.0159170364394245,0.0168246604813769,0.01625319349199946,0.017144009681323114,0.009849401640446417,0.017312088207610595,0.01625319349199946,0.017144009681323114,0.014891757429070862,0.015496840123705795,0.01482452601855587,0.020572811617587738,0.0021345972838510154,0.0032943391152346377
Norway_003723.jpg,longitudinal crack,damage,0.09443430656934307,0.1135036496350365,0.03521897810218978,0.038503649635036497,0.04872262773722628,0.05337591240875912,0.04680656934306569,0.051094890510948905,0.013686131386861315,0.02846715328467153,0.04680656934306569,0.051094890510948905,0.045072992700729925,0.04854014598540146,0.0,0.0,0.0072992700729927005,0.018156934306569342
Norway_003723.jpg,longitudinal crack,control,0.01633211678832117,0.03786496350364964,0.003832116788321168,0.010766423357664234,0.004744525547445255,0.014507299270072993,0.0056569343065693434,0.015237226277372264,0.017335766423357664,0.019434306569343064,0.0056569343065693434,0.015237226277372264,0.004562043795620438,0.01332116788321168,9.124087591240875e-05,9.124087591240875e-05,0.0005474452554744526,0.007846715328467153
Norway_003860.jpg,transverse crack,damage,0.01702970297029703,0.01801980198019802,0.014356435643564357,0.0149009900990099,0.01896039603960396,0.0200990099009901,0.01876237623762376,0.019702970297029703,0.04806930693069307,0.11821782178217821,0.01886138613861386,0.019801980198019802,0.018564356435643563,0.019603960396039604,0.02574257425742574,0.03762376237623762,0.02173267326732673,0.06534653465346535
Norway_003860.jpg,transverse crack,control,0.006930693069306931,0.05643564356435644,0.005792079207920792,0.05202970297029703,0.009405940594059406,0.062376237623762376,0.004702970297029703,0.05138613861386138,0.044257425742574255,0.13495049504950496,0.004702970297029703,0.05361386138613861,0.008415841584158416,0.05584158415841584,0.0501980198019802,0.06866336633663367,0.035,0.10722772277227723
Norway_003860.jpg,transverse crack,damage,0.0002074688796680498,0.0015465861938890985,0.0003017729158807997,0.0017917766880422483,0.00033949453036589966,0.0016786118445869483,0.00024519049415314977,0.0015088645794039985,0.04222934741606941,0.13828743870237648,0.0001886080724254998,0.0014522821576763486,0.0003206337231233497,0.0018294983025273482,0.015088645794039984,0.037570728027159564,0.014051301395699736,0.04264428517540551
Norway_003860.jpg,transverse crack,control,0.0494341757827235,0.08315729913240287,0.0475103734439834,0.07949830252734817,0.0501886080724255,0.08583553376084496,0.0499622783855149,0.08377970577140702,0.06297623538287439,0.1738400603545832,0.0504526593738212,0.08508110147114296,0.0515465861938891,0.08566578649566202,0.044039984911354205,0.08651452282157676,0.06855903432666918,0.14986797434930216
Norway_003885.jpg,longitudinal crack,damage,0.02687443541102078,0.12883920505871727,0.011517615176151762,0.04290876242095754,0.028003613369467027,0.12782294489611562,0.05058717253839205,0.20336495031616983,0.045167118337850046,0.11957994579945799,0.04968383017163505,0.20246160794941281,0.025745257452574527,0.11777326106594399,0.0,0.0,0.0499096657633243,0.14814814814814814
Norway_003885.jpg,longitudinal crack,control,0.0006775067750677507,0.03274616079494128,0.0,0.005645889792231256,0.00022583559168925022,0.03026196928635953,0.0027100271002710027,0.046860885275519425,0.0024841915085817524,0.0485546522131888,0.0027100271002710027,0.046860885275519425,0.0006775067750677507,0.030600722673893407,0.0,0.0,0.005645889792231256,0.04448961156278229
Norway_003885.jpg,longitudinal crack,damage,0.02394754648443528,0.0496915546516091,0.028130057494687777,0.05714251797450924,0.024483715114415616,0.05175708989035253,0.0272397405814363,0.05422821394513273,0.02598340449273699,0.05198857228779791,0.027077505055021586,0.05411544046945422,0.025965598154471962,0.051745218998175836,0.00268875707801946,0.005407191386480637,0.015659685263078756,0.03334533612431198
Norway_003885.jpg,longitudinal crack,control,0.09704058658035208,0.18423426810014285,0.10907569276548261,0.2105559930199154,0.09854818988679126,0.18822090938948002,0.10105690510013098,0.1842975795250852,0.04010778770096431,0.09916943324403785,0.09747585262683059,0.1797510278214143,0.09427466870318417,0.17672197183432983,0.020073678670776633,0.036597960580724044,0.057666815712312886,0.11322852654529339
Norway_003885.jpg,longitudinal crack,damage,0.017482517482517484,0.017653245192307692,0.021764368444055944,0.022761418269230768,0.017537150349650348,0.017782998251748252,0.018185915646853148,0.018349814248251748,0.0029228583916083915,0.017093258304195804,0.017516663024475524,0.017680561625874124,0.019913680069930068,0.020125382430069932,0.00021853146853146853,0.00037560096153846156,0.001830201048951049,0.00352381993006993
Norway_003885.jpg,longitudinal crack,control,6.829108391608392e-06,4.780375874125874e-05,6.829108391608392e-05,0.00019121503496503497,6.829108391608392e-06,6.146197552447553e-05,6.829108391608392e-06,6.146197552447553e-05,0.0014272836538461538,0.005415482954545455,6.829108391608392e-06,6.146197552447553e-05,1.3658216783216783e-05,8.19493006993007e-05,0.0,0.0,0.00013658216783216784,0.0003209680944055944
Norway_003910.jpg,longitudinal crack,damage,0.0006696076886718135,0.002375630219001103,0.0005809831416417205,0.0018537301087127778,0.0006302190011028833,0.0024814873168426026,0.001093036080037813,0.00321263982984087,0.0025282613833307074,0.05500137860406491,0.0005588270048841972,0.0024790255238695447,0.0012875177249094061,0.003766543248778951,0.024514534425712935,0.056448912872223096,0.038645226091066645,0.08609136206081613
Norway_003910.jpg,longitudinal crack,control,0.1570845478178667,0.3260767882464156,0.15803972349141326,0.33019044430439576,0.1596669686466047,0.3313080983141642,0.15509049550968962,0.32159386324247674,0.12128023081770915,0.3015721009925949,0.15653556798487475,0.32199267370411216,0.16209675831101308,0.33184476918229083,0.1668874074365842,0.3252840909090909,0.20410971718922324,0.4220891759886561
Norway_003910.jpg,longitudinal crack,damage,0.000502008032128514,0.006533827618164968,0.00040160642570281126,0.005182267531665122,0.0005483472350942231,0.006796416434970652,0.0005637936360827927,0.006943157244362064,0.0011353104726598703,0.01869014519616929,0.0004711152301513747,0.006750077232004943,0.000733704046957059,0.007429718875502008,0.027633611368551126,0.029981464318813718,0.013847698486252703,0.07917825146740809
Norway_003910.jpg,longitudinal crack,control,0.0025332097621254246,0.01404850169910411,0.0016682113067655235,0.009584491813407476,0.002927092987333951,0.015786221810318198,0.0025023169601482856,0.013878591288229842,0.0029657089898053753,0.03390485016991041,0.002293790546802595,0.01488260735248687,0.003166512202656781,0.01670528266913809,0.03521779425393883,0.03963546493666976,0.027455977757182577,0.12248995983935743
Norway_003910.jpg,longitudinal crack,damage,0.0011235955056179776,0.004307116104868914,0.0009363295880149813,0.0026217228464419477,0.000749063670411985,0.0044943820224719105,0.0009363295880149813,0.0056179775280898875,0.0046816479400749065,0.035580524344569285,0.0013108614232209739,0.00599250936329588,0.0011235955056179776,0.0054307116104868915,0.01741573033707865,0.06722846441947565,0.04475655430711611,0.0951310861423221
Norway_003910.jpg,longitudinal crack,control,0.0,0.0024344569288389513,0.000749063670411985,0.003183520599250936,0.00018726591760299626,0.00299625468164794,0.000749063670411985,0.0028089887640449437,0.009363295880149813,0.042322097378277156,0.0,0.0018726591760299626,0.00018726591760299626,0.0033707865168539327,0.03052434456928839,0.08464419475655431,0.06142322097378277,0.10617977528089888
Norway_003910.jpg,longitudinal crack,damage,0.0022384129213483144,0.02852879213483146,0.0019311797752808988,0.022164676966292134,0.0020189606741573035,0.02949438202247191,0.0038623595505617976,0.030240519662921347,0.005530196629213483,0.04358321629213483,0.0035112359550561797,0.029977176966292134,0.0024139747191011234,0.028967696629213485,0.038228581460674156,0.06214887640449438,0.02716818820224719,0.1153002106741573
Norway_003910.jpg,longitudinal crack,control,0.0,0.0,0.0,0.0,0.0,0.0,0.0,0.0,0.005310744382022472,0.011587078651685394,0.0,0.0,0.0,0.0,0.0293188202247191,0.03972085674157303,0.010402036516853933,0.050869030898876406
Norway_004326.jpg,longitudinal crack,damage,0.00702280912364946,0.00936374549819928,0.0054621848739495795,0.0078031212484993995,0.007322929171668668,0.009723889555822329,0.0078031212484993995,0.01050420168067227,0.0015006002400960385,0.010804321728691477,0.007923169267707083,0.01056422569027611,0.008343337334933974,0.010624249699879951,0.0,0.00024009603841536616,0.00030012004801920766,0.003661464585834334
Norway_004326.jpg,longitudinal crack,control,0.03361344537815126,0.09357743097238895,0.02142857142857143,0.08067226890756303,0.039255702280912366,0.10198079231692678,0.032713085234093636,0.0936374549819928,0.028811524609843937,0.06872749099639856,0.036614645858343335,0.0968187274909964,0.040756302521008404,0.10216086434573829,0.003061224489795918,0.006962785114045618,0.018847539015606242,0.045558223289315726
Norway_004326.jpg,longitudinal crack,damage,0.04377216312056738,0.04454787234042553,0.04089095744680851,0.041555851063829786,0.04565602836879433,0.046210106382978726,0.04321808510638298,0.043993794326241134,0.0,0.0006648936170212766,0.040336879432624116,0.04111258865248227,0.04288563829787234,0.04343971631205674,0.0,0.0,0.0014406028368794325,0.0018838652482269503
Norway_004326.jpg,longitudinal crack,control,0.0,0.0024379432624113476,0.0,0.002216312056737589,0.0,0.0024379432624113476,0.0,0.002327127659574468,0.0,0.0,0.0,0.002216312056737589,0.0,0.0019946808510638296,0.0,0.0,0.0,0.0
Norway_004326.jpg,longitudinal crack,damage,0.013019018221646918,0.01983968933585582,0.011475654684855122,0.016578711540376382,0.01311859006273026,0.020511799263168377,0.013043911181917753,0.020735835905605893,0.0,0.0013940057751667828,0.011500547645125958,0.018246539878522355,0.013691128148959474,0.021109230309668426,0.0,0.0005725380862292143,0.002016329781937668,0.002937369311958578
Norway_004326.jpg,longitudinal crack,control,9.957184108334163e-05,0.017499751070397293,0.00014935776162501243,0.011475654684855122,0.00012446480135417705,0.01924225828935577,7.467888081250622e-05,0.01772378771283481,0.0,0.0005227521656875436,0.00014935776162501243,0.01588170865279299,0.00012446480135417705,0.018794185004480733,0.0,2.4892960270835408e-05,0.0022154734641043512,0.005576023100667131
Norway_004326.jpg,longitudinal crack,damage,0.0018043684710351377,0.014245014245014245,0.000949667616334283,0.00949667616334283,0.0029439696106362775,0.015384615384615385,0.001614434947768281,0.015194681861348529,0.0006647673314339981,0.004368471035137701,0.001614434947768281,0.0150997150997151,0.002754036087369421,0.01452991452991453,0.0,0.0001899335232668566,0.0002849002849002849,0.005128205128205128
Norway_004326.jpg,longitudinal crack,control,0.0005698005698005698,0.0005698005698005698,0.0001899335232668566,0.0001899335232668566,0.0005698005698005698,0.0005698005698005698,0.0005698005698005698,0.0005698005698005698,0.0,0.0,0.0005698005698005698,0.0005698005698005698,0.0002849002849002849,0.0002849002849002849,0.0,0.0,0.0,0.0
Norway_004485.jpg,longitudinal crack,damage,0.001565217391304348,0.004869565217391304,0.002,0.004347826086956522,0.0018260869565217392,0.005826086956521739,0.002173913043478261,0.005739130434782609,0.0,0.034434782608695653,0.0026956521739130435,0.00608695652173913,0.002956521739130435,0.007304347826086957,0.03591304347826087,0.051043478260869565,0.0,0.00034782608695652176
Norway_004485.jpg,longitudinal crack,control,0.0,0.0023478260869565218,0.0,0.0018260869565217392,0.0,0.002173913043478261,0.0,0.002782608695652174,0.0,0.02608695652173913,0.0,0.002434782608695652,0.0,0.003043478260869565,0.036869565217391306,0.06278260869565218,8.695652173913044e-05,0.00017391304347826088
Norway_004485.jpg,transverse crack,damage,0.0028843466805062077,0.007106072098686574,0.0027845422970976886,0.006936404646892091,0.003543055611002435,0.008173979001157732,0.0027845422970976886,0.006906463331869536,0.0027845422970976886,0.02906303644856082,0.0029841510639147272,0.00713601341370913,0.0037326839394786217,0.008523294343087549,0.03369395983871612,0.06530200806419417,0.0005988263004511158,0.0011277895325162682
Norway_004485.jpg,transverse crack,control,0.03646852169747295,0.06193860034332708,0.032356581101041955,0.05529162840831969,0.03731685895644537,0.06429398379176814,0.03728691764142281,0.06256736795880075,0.024581819633518305,0.10812806898478981,0.0343626492075532,0.059862669168429875,0.042097488921713444,0.07172941035570282,0.06224799393189349,0.11099245478861432,0.004181803664816959,0.0069863068385963515
Norway_004485.jpg,longitudinal crack,damage,0.0018789808917197453,0.0020169851380042463,0.0017091295116772823,0.0017940552016985137,0.0024097664543524418,0.002600849256900212,0.0018365180467091295,0.0020276008492569,0.0009660297239915075,0.009628450106157113,0.0018577494692144374,0.0020488322717622082,0.002250530785562633,0.0024097664543524418,0.021719745222929937,0.030902335456475583,1.0615711252653929e-05,0.00021231422505307856
Norway_004485.jpg,longitudinal crack,control,0.028715498938428875,0.07316348195329087,0.02564755838641189,0.06701698513800425,0.030021231422505307,0.07659235668789809,0.02816348195329087,0.07060509554140128,0.022983014861995752,0.06478768577494692,0.02818471337579618,0.07213375796178344,0.029766454352441615,0.07489384288747346,0.056624203821656054,0.09217622080679405,0.006878980891719746,0.017632696390658176
Norway_004485.jpg,longitudinal crack,damage,0.0,0.001452323717948718,0.00010016025641025641,0.0008012820512820513,0.0,0.0015024038461538462,0.00020032051282051281,0.002153445512820513,0.004306891025641026,0.13431490384615385,0.0,0.0011017628205128205,0.00030048076923076925,0.002904647435897436,0.01257011217948718,0.10391626602564102,0.00035056089743589744,0.0006510416666666666
Norway_004485.jpg,longitudinal crack,control,0.0,0.003205128205128205,0.0,0.0019030448717948718,0.0,0.0032552083333333335,0.0,0.004206730769230769,0.004607371794871795,0.12770432692307693,0.0,0.0035556891025641025,0.0,0.005058092948717949,0.011568509615384616,0.09314903846153846,0.000250400641025641,0.00035056089743589744
Norway_004614.jpg,longitudinal crack,damage,0.0,0.00823529411764706,0.0,0.012100840336134453,0.0,0.009243697478991597,0.0,0.008907563025210084,0.0,0.0,0.0,0.008907563025210084,0.0,0.007563025210084034,0.0,0.0,0.002689075630252101,0.002689075630252101
Norway_004614.jpg,longitudinal crack,control,0.0,0.0,0.0003361344537815126,0.0006722689075630252,0.0,0.0003361344537815126,0.0,0.0,0.0,0.0,0.0,0.0,0.0,0.0,0.0,0.0,0.0,0.0
Norway_004614.jpg,longitudinal crack,damage,0.0,0.01,0.0,0.012619047619047618,0.0,0.010238095238095239,0.0,0.009761904761904762,0.0,0.0,0.0,0.009761904761904762,0.0,0.008571428571428572,0.0002380952380952381,0.0007142857142857143,0.0007142857142857143,0.007142857142857143
Norway_004614.jpg,longitudinal crack,control,0.0,0.0016666666666666668,0.0,0.0033333333333333335,0.0,0.0014285714285714286,0.0,0.0019047619047619048,0.0,0.0,0.0,0.0019047619047619048,0.0,0.0007142857142857143,0.0,0.0,0.0011904761904761906,0.005714285714285714
Norway_004761.jpg,transverse crack,damage,0.0,0.031076265146115466,0.0,0.006129722024233785,0.0,0.020669992872416252,0.0,0.021097647897362792,0.08011404133998574,0.0803991446899501,0.0,0.007127583749109052,0.0,0.02223806129722024,0.0025659301496792587,0.0029935851746258017,0.0,0.006272273699215966
Norway_004761.jpg,transverse crack,control,0.0,0.0,0.0,0.0,0.0,0.0,0.0,0.0,0.0,0.0,0.0,0.0,0.0,0.0,0.0,0.0,0.0,0.0
Norway_004761.jpg,longitudinal crack,damage,0.006944444444444444,0.13221677559912853,0.014297385620915032,0.1085239651416122,0.0024509803921568627,0.1150599128540305,0.0027233115468409588,0.11887254901960784,0.0051742919389978215,0.018518518518518517,0.018790849673202614,0.14011437908496732,0.00394880174291939,0.11710239651416122,0.009667755991285403,0.01702069716775599,0.00013616557734204794,0.06113834422657952
Norway_004761.jpg,longitudinal crack,control,0.0,0.02382897603485839,0.00013616557734204794,0.01252723311546841,0.0,0.016748366013071895,0.0,0.018654684095860567,0.010893246187363835,0.08115468409586056,0.0002723311546840959,0.027369281045751634,0.0,0.021377995642701524,0.00857843137254902,0.019471677559912855,0.0010893246187363835,0.024101307189542485
Norway_004761.jpg,longitudinal crack,damage,0.0084922916122289,0.0755813953488372,0.0056179775280898875,0.03586360073164359,0.005291350927619546,0.05526522079958192,0.003592892605173765,0.06042592108701333,0.030245623203553697,0.030245623203553697,0.007773713091194147,0.056375751241181084,0.005748628168278025,0.05879278808466162,0.00084922916122289,0.0011758557616932323,0.0,0.02417036843480533
Norway_004761.jpg,longitudinal crack,control,0.0004572772406584792,0.03174810556571727,0.0,0.016396655343611184,0.0,0.0242356937548994,0.0,0.024562320355369743,0.0029396394042330806,0.004899399007055135,0.0,0.02417036843480533,0.0,0.025215573556310426,0.005487326887901751,0.005813953488372093,0.0001306506401881369,0.015874052782858635
Norway_004761.jpg,longitudinal crack,damage,0.051584377302873984,0.08744780152296733,0.024809629083763204,0.04814541881601572,0.04077622205846229,0.07197248833210514,0.04839105870793417,0.08278064357651682,0.0014738393515106854,0.007860476541390321,0.04961925816752641,0.08425448292802751,0.0397936624907885,0.0712355686563498,0.010316875460574797,0.012527634487840826,0.0076148366494718745,0.04446082043723901
Norway_004761.jpg,longitudinal crack,control,0.01203635470400393,0.031441906165561286,0.009579955784819455,0.023827069516089414,0.008843036109064112,0.020388111029231146,0.006877916973716531,0.02087939081306804,0.0019651191353475803,0.005649717514124294,0.012281994595922378,0.03193318594939818,0.006140997297961189,0.014247113731269958,0.0012281994595922379,0.01105379513633014,0.0019651191353475803,0.017931712110046672
Norway_005086.jpg,longitudinal crack,damage,0.02238354506957048,0.029461584996975196,0.022111312764670297,0.027888687235329702,0.022444041137326076,0.02970356926799758,0.02235329703569268,0.03000604960677556,0.0056866303690260135,0.04379915305505142,0.02132486388384755,0.027676950998185117,0.025741076830006048,0.03405928614640048,0.0,0.00018148820326678765,0.009044162129461585,0.010102843315184512
Norway_005086.jpg,longitudinal crack,control,0.0,0.0018753781004234725,0.0,0.0013309134906231096,0.0,0.001996370235934664,0.0,0.0019661222020568663,0.0009074410163339383,0.008832425892317,0.0,0.0013309134906231096,0.0,0.002147610405323654,0.0,0.0,0.00018148820326678765,0.00018148820326678765
Norway_005086.jpg,alligator crack,damage,0.09774217428087986,0.1110934856175973,0.09290397631133672,0.1078415820642978,0.09885258037225042,0.11304991539763114,0.09718697123519458,0.11011527072758037,0.00042301184433164127,0.03484560067681895,0.09142343485617598,0.10554145516074451,0.0983502538071066,0.11151649746192893,0.0,0.0007667089678510998,0.01900909475465313,0.02709919627749577
Norway_005086.jpg,alligator crack,control,0.0038335448392554992,0.004388747884940778,0.0034105329949238577,0.00393929780033841,0.004124365482233503,0.004732445008460237,0.00393929780033841,0.004494500846023689,0.0,0.0,0.0034369712351945856,0.00393929780033841,0.004018612521150592,0.004441624365482234,0.0,0.0,0.0,0.0
Norway_005086.jpg,longitudinal crack,damage,0.15261324041811847,0.17073170731707318,0.1529616724738676,0.17526132404181186,0.15470383275261324,0.17317073170731706,0.15121951219512195,0.16933797909407666,0.0,0.032752613240418116,0.1480836236933798,0.167595818815331,0.14425087108013937,0.15958188153310104,0.0,0.004529616724738676,0.032752613240418116,0.04250871080139373
Norway_005086.jpg,longitudinal crack,control,0.0027874564459930314,0.0027874564459930314,0.0013937282229965157,0.0013937282229965157,0.0031358885017421603,0.0031358885017421603,0.0027874564459930314,0.0027874564459930314,0.0,0.0010452961672473868,0.0013937282229965157,0.0013937282229965157,0.0027874564459930314,0.0027874564459930314,0.0,0.0,0.0017421602787456446,0.0017421602787456446
Norway_005086.jpg,longitudinal crack,damage,0.15546218487394958,0.35101540616246496,0.14478291316526612,0.3284313725490196,0.15441176470588236,0.34558823529411764,0.16526610644257703,0.3709733893557423,0.004376750700280112,0.07195378151260504,0.15231092436974789,0.34996498599439774,0.1561624649859944,0.3392857142857143,0.01610644257703081,0.04009103641456583,0.05952380952380952,0.117296918767507
Norway_005086.jpg,longitudinal crack,control,0.02888655462184874,0.15931372549019607,0.026785714285714284,0.14565826330532214,0.02923669467787115,0.15773809523809523,0.03361344537815126,0.17629551820728293,0.00017507002801120448,0.01050420168067227,0.028011204481792718,0.16158963585434175,0.02661064425770308,0.1409313725490196,0.0022759103641456584,0.004026610644257703,0.005427170868347339,0.011029411764705883
Norway_005086.jpg,longitudinal crack,damage,0.07287093942054433,0.07696810067310507,0.06731050629206907,0.0717003219198127,0.07638279192273925,0.0810652619256658,0.06965174129353234,0.07374890254609306,0.0,0.01785191688615745,0.06731050629206907,0.0717003219198127,0.0845771144278607,0.08984489318115306,0.0,0.0,0.0,0.0
Norway_005086.jpg,longitudinal crack,control,0.0,0.000585308750365818,0.0,0.000877963125548727,0.0,0.000585308750365818,0.0,0.000585308750365818,0.0,0.0,0.0,0.000877963125548727,0.0,0.000585308750365818,0.0,0.0,0.0,0.0
Norway_005086.jpg,longitudinal crack,damage,0.025369479925661523,0.060208265730552525,0.019400768950903174,0.047887351642624656,0.02737543880350453,0.06481017139148647,0.026628120790190467,0.06365969497625298,0.039224362567234036,0.10671897892759866,0.025172817290578877,0.061771733679459574,0.03408163465982281,0.07392548452756718,0.002182955249417387,0.004670737583212878,0.00906614747731005,0.025733305800564422
Norway_005086.jpg,longitudinal crack,control,0.012438911668977452,0.034307796690167855,0.0068340265691219995,0.024002674611837124,0.014395704888049796,0.03839837949988692,0.017158814910960992,0.042036638248915896,0.10647315063374534,0.2241265720719392,0.015320019272938239,0.03898836740513486,0.02373718005447555,0.0547017119482384,0.0036677581442913754,0.017778302211471333,0.01280273754388035,0.029440396471872327
Norway_005105.jpg,longitudinal crack,damage,0.04737394957983193,0.15798319327731092,0.03329831932773109,0.11880252100840336,0.04957983193277311,0.15577731092436975,0.04989495798319328,0.1792016806722689,0.007563025210084034,0.025210084033613446,0.049474789915966384,0.17710084033613446,0.037289915966386554,0.11460084033613445,0.0054621848739495795,0.013235294117647059,0.043592436974789914,0.07762605042016807
Norway_005105.jpg,longitudinal crack,control,0.08865546218487395,0.22331932773109245,0.047163865546218486,0.13949579831932774,0.09642857142857143,0.23718487394957982,0.10388655462184875,0.258718487394958,0.0611344537815126,0.1998949579831933,0.10084033613445378,0.2533613445378151,0.06733193277310924,0.1689075630252101,0.022478991596638655,0.03308823529411765,0.16081932773109245,0.35987394957983193
Norway_005105.jpg,longitudinal crack,damage,0.20955882352941177,0.20955882352941177,0.17279411764705882,0.17279411764705882,0.2113970588235294,0.2113970588235294,0.22794117647058823,0.22794117647058823,0.0,0.0,0.22426470588235295,0.22426470588235295,0.1213235294117647,0.1213235294117647,0.0,0.0,0.0,0.0
Norway_005105.jpg,longitudinal crack,control,0.0,0.0,0.0,0.0,0.0,0.0,0.0,0.0,0.0,0.0,0.0,0.0,0.0,0.0,0.0,0.0,0.0,0.0
Norway_005105.jpg,longitudinal crack,damage,0.25416666666666665,0.25416666666666665,0.21041666666666667,0.21041666666666667,0.2625,0.2625,0.25833333333333336,0.25833333333333336,0.0,0.0,0.25833333333333336,0.25833333333333336,0.175,0.175,0.0,0.0,0.12083333333333333,0.12083333333333333
Norway_005105.jpg,longitudinal crack,control,0.0,0.0,0.0,0.0,0.0,0.0,0.0,0.0,0.0,0.0,0.0,0.0,0.0,0.0,0.0,0.0,0.0020833333333333333,0.0020833333333333333
Norway_005105.jpg,longitudinal crack,damage,0.041982424307112104,0.06089230440815455,0.039171736578076634,0.06042978617426264,0.041146333653538265,0.06002063542889672,0.045291208595723484,0.06379193795140001,0.0003202049311559398,0.0018322837727256555,0.04507773864161953,0.06370299213719002,0.031184402462020137,0.04673213078592522,0.0013697655388337424,0.001601024655779699,0.004803073967339097,0.015867933255061018
Norway_005105.jpg,longitudinal crack,control,0.00046251823389191303,0.0022592236809335755,0.00026683744262994986,0.002081332052513609,0.0005514640481018964,0.0025082719607215287,0.0005158857224179031,0.002383747820827552,0.0,0.0,0.0005158857224179031,0.002383747820827552,0.00017789162841996654,0.000622620699469883,0.0005870423737858897,0.0005870423737858897,0.0019923862383036256,0.004109296616501228
Norway_005426.jpg,longitudinal crack,damage,0.006797780012664357,0.03703082901876063,0.0037620590755019184,0.02976744763536584,0.006617747482648589,0.037123949292906716,0.009020250555617636,0.04197861958505606,0.013434151550142163,0.028339603431792502,0.008809177934219838,0.0418110030915931,0.008560857203163606,0.039694068859338724,0.0029363926447399462,0.004482189195564991,0.007139221017866676,0.029270806173253373
Norway_005426.jpg,longitudinal crack,control,0.0006270098459169864,0.012850597832160018,0.004581517487987485,0.0063818427881451685,0.0007573782297215083,0.012161507803478973,0.0010677791435417985,0.022535106343353074,0.006474963062291256,0.03257967991457767,0.001055363106988987,0.022522690306800264,0.0009249947231844651,0.013533479842564656,0.001564420605654263,0.01795358885536559,0.005134031114587601,0.038893234501682375
Norway_005704.jpg,longitudinal crack,damage,0.041449109505757815,0.07696159073027681,0.027000929833345254,0.056040340462055645,0.042200128746155495,0.08293398183248694,0.046420141620771044,0.07295615478148916,0.020957013089192476,0.037479436377941495,0.046420141620771044,0.07295615478148916,0.04098419283313068,0.07406480223160003,0.015413775838638151,0.015592589943494743,0.02707245547528789,0.04752878907088191
Norway_005704.jpg,longitudinal crack,control,0.009155282168657464,0.009155282168657464,0.002646448751877548,0.002646448751877548,0.010728846291395465,0.010728846291395465,0.012302410414133467,0.012302410414133467,3.576282097131822e-05,3.576282097131822e-05,0.012302410414133467,0.012302410414133467,0.007689006508833417,0.007689006508833417,0.0,0.0,0.00522137186181246,0.00522137186181246
Norway_005743.jpg,transverse crack,damage,0.04253253058846378,0.0919272350618243,0.04641677995727326,0.09121512267754256,0.043956755357027255,0.09425778468310998,0.04026671845665825,0.09076196025118145,0.0012300123001230013,0.015472259985757752,0.04589888004143199,0.09322198485142746,0.04292095552534473,0.09173302259338383,0.002006862173884897,0.003560561921408688,0.014760147601476014,0.030297145076713924
Norway_005743.jpg,transverse crack,control,0.0,0.009386935974622904,0.00025894995792063183,0.00731533631125785,0.0,0.00984009840098401,0.0,0.008933773548261798,0.0,0.0,0.00025894995792063183,0.00731533631125785,0.0,0.008286398653460219,0.0,0.0,0.0,0.0
Norway_005743.jpg,transverse crack,damage,0.24528102921016556,0.2749130022144891,0.23484129494885586,0.26088790467151746,0.25213540018981334,0.284509121585996,0.24032479173257407,0.2718548982389539,0.0,0.05198776758409786,0.23631762100601075,0.26320784561847516,0.2422229252346304,0.2670041126225878,0.00010545186122535063,0.002003585363281662,0.022883053885901086,0.02530844669408415
Norway_005743.jpg,transverse crack,control,0.00021090372245070126,0.005272593061267532,0.0010545186122535063,0.009174311926605505,0.00031635558367605187,0.005694400506168934,0.00010545186122535063,0.004745333755140778,0.0,0.0,0.000843614889802805,0.008541600759253401,0.00010545186122535063,0.0030581039755351682,0.0,0.0,0.00010545186122535063,0.00010545186122535063
Norway_005743.jpg,longitudinal crack,damage,0.029065683175272215,0.07389357218124341,0.026211801896733403,0.07538637161924833,0.0309536354056902,0.07670354759395855,0.026870389884088516,0.07270811380400422,0.0024148226203020724,0.007024938531787847,0.030690200210748156,0.08140147523709168,0.027616789603090972,0.06937126800140499,0.00013171759747102212,0.00017562346329469617,0.003951527924130664,0.01356691253951528
Norway_005743.jpg,longitudinal crack,control,0.0013171759747102212,0.0016684229012996136,0.0018879522304179838,0.0021952932911837022,0.0013171759747102212,0.0018440463645943098,0.0011854583772391992,0.0015367053038285916,0.0,0.0,0.0018879522304179838,0.0021952932911837022,0.000965929048120829,0.001053740779768177,0.0,0.0,0.0,0.0
Norway_005795.jpg,longitudinal crack,damage,0.0008667736757624398,0.0029213483146067415,0.00022471910112359551,0.0002568218298555377,0.000738362760834671,0.0024719101123595504,0.0004815409309791332,0.002118780096308186,0.0032102728731942215,0.024494382022471912,0.0018298555377207063,0.006388443017656501,0.0021829855537720704,0.0050722311396468696,0.0,0.0002568218298555377,0.004719101123595505,0.016500802568218297
Norway_005795.jpg,longitudinal crack,control,0.0,6.420545746388443e-05,3.2102728731942213e-05,6.420545746388443e-05,0.0,6.420545746388443e-05,0.0,0.00016051364365971107,0.005104333868378812,0.022696629213483147,0.0,0.0012520064205457464,6.420545746388443e-05,0.00022471910112359551,0.00032102728731942215,0.0005136436597110754,0.0005778491171749599,0.00882825040128411
Norway_005795.jpg,longitudinal crack,damage,0.02124767657992565,0.05880576208178439,0.002474442379182156,0.009526022304832713,0.021282527881040892,0.05975836431226766,0.016844795539033456,0.04430762081784387,0.03034386617100372,0.04901254646840149,0.030018587360594796,0.08138940520446096,0.02511617100371747,0.06360362453531598,0.00010455390334572491,0.00030204460966542753,0.05449581784386617,0.10599442379182156
Norway_005795.jpg,longitudinal crack,control,0.04880343866171004,0.09761849442379182,0.0016844795539033457,0.008282992565055762,0.047781133828996285,0.0985478624535316,0.04194934944237918,0.0793796468401487,0.04393587360594796,0.0520910780669145,0.05914265799256506,0.12594098513011154,0.05492565055762082,0.10550650557620818,0.00016263940520446095,0.00045306691449814124,0.0889753717472119,0.16003717472118958
Norway_005827.jpg,longitudinal crack,damage,0.04716488496970294,0.07582639538893542,0.01966599339868959,0.02672052810483275,0.04788413222326223,0.0775703236612641,0.05226858465934282,0.08628011232080399,0.007064387408246712,0.016424454406621016,0.05227843736144638,0.08628996502290753,0.05023892802601113,0.07958027489038869,0.0013892309966008177,0.003428740332036061,0.014207596433321838,0.022976501305483028
Norway_005827.jpg,longitudinal crack,control,0.12967141238484656,0.23964727326469284,0.0711365091876447,0.16753534656879648,0.139819695551505,0.25593378984186416,0.12491255726883098,0.2321789250702005,0.05431794669688162,0.08751170008374796,0.12530666535297305,0.23260259126065325,0.12878466919552686,0.23552884378540814,0.019626582590275384,0.0352923789349229,0.08643775555446082,0.14386915611606482
Norway_005827.jpg,longitudinal crack,damage,0.0343940260351845,0.04086918497090383,0.01747451982912308,0.018180900803928823,0.03459584917084328,0.04098691513337146,0.03888459080359245,0.04926166369538161,0.018550909885969927,0.02312556762756904,0.03801002388240439,0.04838709677419355,0.03506676982071378,0.041474654377880185,0.00020182313565878435,0.0004204648659558007,0.030138921591711797,0.036984089609472234
Norway_005827.jpg,longitudinal crack,control,0.026119277473174343,0.040330989942480404,0.010662989000639106,0.011335732786168388,0.025463352282283292,0.03928823707491002,0.03274580376063776,0.04971576575061388,0.020098220592687274,0.03239261327323489,0.0292475360758855,0.044787917521611896,0.027077937367553567,0.04177738908136836,8.409297319116015e-05,0.0002859161088499445,0.03358673349254936,0.04942984964176393
Norway_006027.jpg,longitudinal crack,damage,0.08386677652427431,0.13526746102167575,0.09191595893015592,0.14517049055647105,0.08587907212574471,0.13837305108378756,0.07960451261249842,0.1293731778425656,0.02303840790974775,0.08446888071998986,0.080301685891748,0.1300069717327925,0.07900240841678287,0.12869184941057168,0.005371403219672962,0.009380149575358094,0.02089935353023197,0.1028489035365699
Norway_006027.jpg,longitudinal crack,control,0.12671124350361263,0.23309354797819748,0.12473063759665357,0.23710229433388263,0.12872353910508302,0.2376251742933198,0.12582393205729497,0.2303840790974775,0.05719989859297756,0.1510013943465585,0.1266795538091013,0.23065344150082392,0.12311446317657498,0.22610597033844593,0.01096463430092534,0.023386994549372545,0.07339333248827482,0.17386550893649386
Norway_006027.jpg,alligator crack,damage,0.12155009632073853,0.177344599362948,0.11851265520990292,0.17803601060481794,0.12274695302218239,0.1812546491445574,0.11998607640809476,0.17412596082320853,0.022959621583474796,0.07354708272139465,0.12036754467947129,0.1744549772072708,0.11599973297221004,0.16723092181807778,0.005135516603406512,0.013484903393160275,0.02994525930305747,0.08695092410688741
Norway_006027.jpg,alligator crack,control,0.17719678040778958,0.3464256422972019,0.1655858398977665,0.32990329779320604,0.18025329493219402,0.3523956207442446,0.17941406473516566,0.34753190028419384,0.09674989032787198,0.24310496099486925,0.17955234698353964,0.3476892559461367,0.17713002346029869,0.3437982795780961,0.02049915123309619,0.046267332964580674,0.08180110244330428,0.20721356501173016
Norway_006027.jpg,longitudinal crack,damage,0.008210890233362144,0.008859118409680207,0.00918323249783924,0.009615384615384616,0.007778738115816767,0.008318928262748488,0.009291270527225583,0.009939498703543647,0.017502160760587727,0.027549697493517718,0.009291270527225583,0.009939498703543647,0.011452031114952464,0.012100259291270527,0.0,0.0,0.0012964563526361278,0.0012964563526361278
Norway_006027.jpg,longitudinal crack,control,0.0,0.0,0.0,0.0,0.0,0.0,0.0,0.0,0.006806395851339671,0.008967156439066551,0.0,0.0,0.0,0.0,0.0,0.001512532411408816,0.0,0.0
Norway_006219.jpg,longitudinal crack,damage,0.29411764705882354,0.416289592760181,0.35294117647058826,0.3936651583710407,0.2986425339366516,0.41855203619909503,0.26018099547511314,0.3936651583710407,0.0,0.024886877828054297,0.3076923076923077,0.416289592760181,0.2737556561085973,0.3914027149321267,0.06787330316742081,0.13122171945701358,0.0,0.22624434389140272
Norway_006219.jpg,longitudinal crack,control,0.006787330316742082,0.006787330316742082,0.011312217194570135,0.011312217194570135,0.004524886877828055,0.004524886877828055,0.006787330316742082,0.006787330316742082,0.0,0.0,0.01809954751131222,0.01809954751131222,0.004524886877828055,0.004524886877828055,0.01809954751131222,0.01809954751131222,0.0,0.0
Norway_006219.jpg,transverse crack,damage,0.02068364821723625,0.03998041165431803,0.01951731923769934,0.03684029517094944,0.0213341009173626,0.041273840586753194,0.020489260053980097,0.04030937623828998,0.002564428461417688,0.0070876914910319765,0.01929302520317301,0.03705711273765822,0.021180833327102945,0.04030937623828998,0.03181984703146845,0.048963387737097484,0.001899022825656247,0.0067624651409688005
Norway_006219.jpg,transverse crack,control,0.0029831106592001673,0.02645174313847166,0.0027999371976703325,0.02325181491256271,0.002994325360926484,0.027139578177685735,0.003472819301249318,0.027453589826022595,0.004601765941698504,0.006908256263410914,0.0028784401097545474,0.023412558970639912,0.0029046077471159525,0.02632464318557341,0.03789821536713195,0.06157618894529469,0.0010354907927298826,0.006209206522470524
Norway_006219.jpg,transverse crack,damage,0.002231237322515213,0.002231237322515213,0.002231237322515213,0.002231237322515213,0.002839756592292089,0.002839756592292089,0.002231237322515213,0.002231237322515213,0.0,0.0,0.002231237322515213,0.002231237322515213,0.0006085192697768763,0.0006085192697768763,0.0010141987829614604,0.029411764705882353,0.0,0.0
Norway_006219.jpg,transverse crack,control,0.0,0.0,0.0,0.0,0.0,0.0,0.0,0.0,0.0,0.0,0.0,0.0,0.0,0.0,0.0,0.0034482758620689655,0.0,0.0
Norway_006219.jpg,longitudinal crack,damage,0.03252081993149852,0.0419875862788393,0.031399412347653734,0.0405271484952275,0.03252081993149852,0.0421962202479267,0.033085870264443554,0.04266564667837335,0.0030686579619938455,0.012613662047742407,0.03128640228106473,0.04050976233113688,0.03192099727037224,0.04083140636681329,0.0207330006780604,0.04016203904932455,0.004129213971521464,0.010414312290279396
Norway_006219.jpg,longitudinal crack,control,0.006041692021489299,0.022106507641219117,0.007675991446007268,0.023332232209607593,0.005624424083314498,0.021854408261905177,0.006067771267625224,0.02218474537962689,0.0034859259001686457,0.003512005146304571,0.007667298363961959,0.0233409252916529,0.0051723838169584644,0.020959020811238415,0.028617626093155067,0.03372915833579637,0.00018255472295147522,0.011170610428221222
Norway_006219.jpg,transverse crack,damage,0.0793301936159079,0.11695447409733124,0.07995813710099424,0.115279958137101,0.08006279434850863,0.12040816326530612,0.07786499215070644,0.11376242804814234,5.2328623757195185e-05,0.008110936682365254,0.07927786499215071,0.11187859759288331,0.0771847200418629,0.11203558346415489,0.03197278911564626,0.07383568812140241,0.011564625850340135,0.018785975928833073
Norway_006219.jpg,transverse crack,control,0.11203558346415489,0.23082155939298796,0.10261643118785976,0.20915750915750916,0.11648351648351649,0.2382522239665097,0.11836734693877551,0.24945054945054945,0.13307169021454734,0.30256410256410254,0.11836734693877551,0.24442700156985872,0.12166405023547881,0.24432234432234431,0.20512820512820512,0.40230245944531656,0.08001046572475144,0.1867085295656724
Norway_006346.jpg,longitudinal crack,damage,0.00379676659938549,0.007074283884921859,0.00358399150461273,0.004811840446007832,0.0039236508302132826,0.007244113547722135,0.0045697843748901965,0.009018540714221574,0.013426303686670128,0.02677842889993324,0.0043199200434139275,0.008555901287972546,0.0047513264282284225,0.009053677885835425,0.027528021894362046,0.06346749226006192,0.003703067475081889,0.006338355346120661
Norway_006346.jpg,longitudinal crack,control,0.11110178457790497,0.20129499998047934,0.09988131444254877,0.19316855301223165,0.11472676944940052,0.20835171527959429,0.11778175131471584,0.20791640476460047,0.08512955856000062,0.17814546008222099,0.11718441939728039,0.20721366133232347,0.11266148458454199,0.20183376994522506,0.13862199821190838,0.2869867532863016,0.06259687123007429,0.13367546527471413
Norway_006346.jpg,longitudinal crack,damage,0.0213625801861096,0.021757257051374698,0.017638164696988225,0.01786051786051786,0.022218639865698688,0.022707816825463883,0.02145152145152145,0.022641110876404993,0.010011451187921776,0.02283011106540518,0.02145152145152145,0.022641110876404993,0.02236316942199295,0.022907934672640556,0.016137280843163196,0.0438146908735144,0.004458180928769164,0.006053564877094289
Norway_006346.jpg,longitudinal crack,control,0.002657120304179128,0.00306291482762071,0.002229090464384582,0.002423649482473012,0.0027127085950615364,0.0031574149221208045,0.0027405027405027404,0.0032685915038856215,0.016759869701046173,0.026432232314585257,0.0027405027405027404,0.0032630326747973806,0.002790532202296908,0.0032963856493268256,0.015153368094544565,0.043442249324602264,0.0013341189811778046,0.0017677076500605912
Norway_006346.jpg,longitudinal crack,damage,0.008574715047579212,0.008574715047579212,0.006587890829237687,0.006587890829237687,0.009306702917494511,0.009306702917494511,0.008574715047579212,0.008574715047579212,0.0024051030011502665,0.017776848269371537,0.008574715047579212,0.008574715047579212,0.011084387744431663,0.011188957440133849,0.03806336923559552,0.06441493255254627,0.0,0.0011502666527240407
Norway_006346.jpg,longitudinal crack,control,0.0,0.0,0.0,0.0,0.0,0.0,0.0,0.0,0.003764509045278678,0.003764509045278678,0.0,0.0,0.0,0.0,0.02582871483843982,0.03816793893129771,0.0,0.0
Norway_006357.jpg,longitudinal crack,damage,0.047871195488398126,0.0487321882130096,0.04205949459727065,0.042877437685651554,0.048344741486934434,0.04929183348400706,0.05041112402600198,0.05209005983899436,0.046924103491325496,0.09604373843041027,0.05041112402600198,0.05209005983899436,0.05105686856946059,0.05204701020276379,0.011451203237332645,0.08640061991476172,0.007404537431658703,0.008523827973653622
Norway_006357.jpg,longitudinal crack,control,0.0006457445434586077,0.0006457445434586077,0.0006026949072280339,0.0006026949072280339,0.0006457445434586077,0.0006457445434586077,0.00055964527099746,0.00055964527099746,0.0030134745361401695,0.006069998708510913,0.00055964527099746,0.00055964527099746,0.0007318438159197555,0.0007318438159197555,0.022859356838434715,0.027293469370183822,0.0,4.3049636230573854e-05
Norway_006587.jpg,transverse crack,damage,9.337068160597572e-05,0.02513227513227513,0.002629940865234983,0.0058823529411764705,9.337068160597572e-05,0.02321817615935263,0.00040460628695922814,0.035449735449735446,0.0008558979147214441,0.00890133831310302,0.0003890445066915655,0.035418611889200126,0.00018674136321195143,0.02524120759414877,0.002629940865234983,0.02071272953625895,0.007936507936507936,0.0532057267351385
Norway_006587.jpg,transverse crack,control,0.002178649237472767,0.0549953314659197,0.001976346093993153,0.05393713040771864,0.0021164021164021165,0.055244319950202306,0.003532524120759415,0.056411453470277,0.0011982570806100218,0.006100217864923747,0.0027699968876439465,0.056100217864923745,0.00421724245253657,0.05737628384687208,0.00421724245253657,0.0060379707438530964,0.015810768751945224,0.04909741674447557
Norway_006711.jpg,longitudinal crack,damage,0.19368548876745598,0.19489981785063754,0.20886460230722526,0.2167577413479053,0.19672131147540983,0.1979356405585914,0.17789921068609593,0.17911353976927746,0.0,0.0,0.20765027322404372,0.21554341226472373,0.18518518518518517,0.18518518518518517,0.0,0.0,0.0036429872495446266,0.0692167577413479
Norway_006711.jpg,longitudinal crack,control,0.02792956891317547,0.029143897996357013,0.035215543412264724,0.04189435336976321,0.030358227079538554,0.03217972070431087,0.02792956891317547,0.029143897996357013,0.0,0.0,0.035215543412264724,0.04189435336976321,0.024286581663630843,0.024286581663630843,0.0,0.0,0.0,0.006678809957498482
Norway_006711.jpg,longitudinal crack,damage,0.02775644963144963,0.03952318796068796,0.0329263923013923,0.0441492628992629,0.02803158271908272,0.04035498566748567,0.026259213759213758,0.03794917076167076,0.0004862817362817363,0.001695587633087633,0.03253608722358722,0.04400849713349713,0.02613124488124488,0.035920864045864045,0.0014716420966420967,0.0023034398034398034,0.010998925061425061,0.030539772727272728
Norway_006711.jpg,longitudinal crack,control,0.022055436117936117,0.057982698607698606,0.01449247542997543,0.046996570434070434,0.02663672194922195,0.06553926085176086,0.021773904586404585,0.0564662674037674,0.018485104422604422,0.036528716216216214,0.026355190417690418,0.06436834561834562,0.02777564496314496,0.06486742424242424,0.006987100737100737,0.02340550778050778,0.040386977886977884,0.08107468263718264
Norway_006711.jpg,transverse crack,damage,0.021432165017608588,0.02253899044105316,0.022069428140197887,0.023343954385376488,0.02170048633238303,0.023075633070602047,0.020224719101123594,0.02133154452456817,0.0,0.0012074459164849907,0.02196880764715747,0.02324333389233607,0.021599865839342612,0.022572530605399967,0.0001677008217340265,0.0009391246017105484,0.001911789367767902,0.010732852590977697
Norway_006711.jpg,transverse crack,control,0.0035552574207613616,0.009223545195371457,0.0031192352842528926,0.00828442059366091,0.003588797585108167,0.009626027167533122,0.003823578735535804,0.00955894683883951,0.0,0.0,0.0031192352842528926,0.00828442059366091,0.003722958242495388,0.00828442059366091,0.0,0.0,0.001341606573872212,0.004192520543350662
Norway_006711.jpg,longitudinal crack,damage,0.08416666666666667,0.086,0.05683333333333333,0.05733333333333333,0.09216666666666666,0.09416666666666666,0.08466666666666667,0.08716666666666667,0.004,0.021666666666666667,0.057833333333333334,0.058166666666666665,0.07583333333333334,0.07683333333333334,0.0115,0.06833333333333333,0.21566666666666667,0.24216666666666667
Norway_006711.jpg,longitudinal crack,control,0.0003333333333333333,0.0003333333333333333,0.0,0.0,0.0005,0.0005,0.0003333333333333333,0.0003333333333333333,0.0,0.0,0.0,0.0,0.0003333333333333333,0.0003333333333333333,0.0,0.0,0.001,0.001
Norway_006711.jpg,longitudinal crack,damage,0.003125488357555868,0.004219409282700422,0.0035943116111892483,0.004531958118456009,0.0032817627754336614,0.004531958118456009,0.0032817627754336614,0.004375683700578215,0.0,0.0,0.0029692139396780746,0.004375683700578215,0.0029692139396780746,0.003906860446944835,0.0003125488357555868,0.0006250976715111736,0.006250976715111736,0.00968901390842319
Norway_006711.jpg,longitudinal crack,control,0.004844506954211595,0.10532895764963275,0.001562744178777934,0.0972026879199875,0.005625879043600563,0.10611032973902172,0.0067197999687451165,0.10736052508204406,0.0012501953430223472,0.011720581340834505,0.007188623222378497,0.10751679949992186,0.008595092983278638,0.10861072042506642,0.001562744178777934,0.0017190185966557275,0.01468979528051258,0.07282387873105173
Norway_006711.jpg,longitudinal crack,damage,0.01150363057844497,0.016643550624133148,0.015746104266949498,0.020967610345108918,0.012156318838214898,0.017377824916374317,0.011993146773272416,0.017214652851431835,0.0,0.0,0.014195969649995921,0.019417475728155338,0.011748388675858692,0.015746104266949498,0.001060618422126132,0.001060618422126132,0.0019580647793097823,0.012809007097984826
Norway_006711.jpg,longitudinal crack,control,0.002284408909194746,0.005058334013216937,0.003181855266378396,0.0067716406951129965,0.0030186832014359143,0.006363710532756792,0.002121236844252264,0.00440564575344701,0.0,0.0,0.003263441298849637,0.0067716406951129965,0.0023659949416659867,0.004650403850860733,0.0,0.0004895161948274456,0.002202822876723505,0.004487231785918251
Norway_006711.jpg,longitudinal crack,damage,0.12386363636363637,0.12386363636363637,0.13484848484848486,0.1359848484848485,0.1215909090909091,0.1215909090909091,0.11856060606060606,0.11856060606060606,0.0,0.0,0.13484848484848486,0.1359848484848485,0.10492424242424242,0.10492424242424242,0.0,0.0,0.008712121212121213,0.019696969696969695
Norway_006711.jpg,longitudinal crack,control,0.0015151515151515152,0.0015151515151515152,0.0026515151515151517,0.003409090909090909,0.0011363636363636363,0.0011363636363636363,0.0015151515151515152,0.0015151515151515152,0.0,0.0,0.0026515151515151517,0.003409090909090909,0.0003787878787878788,0.0003787878787878788,0.0,0.0,0.0,0.0
Norway_006711.jpg,longitudinal crack,damage,0.021969939238887112,0.02532779021426287,0.02395267029101375,0.026574992005116725,0.022897345698752798,0.026511032938919092,0.020275023984649823,0.024048608890310203,3.197953309881676e-05,0.00041573393028461784,0.02395267029101375,0.026574992005116725,0.021362328110009595,0.024304445155100735,0.0,0.0007994883274704189,0.004445155100735529,0.011320754716981131
Norway_006711.jpg,longitudinal crack,control,0.009785737128237928,0.014710585225455708,0.012280140709945635,0.015414134953629676,0.00994563479373201,0.015446114486728493,0.00937000319795331,0.014646626159258075,0.0001598976654940838,0.0008634473936680524,0.012216181643748,0.015318196354333227,0.010937000319795331,0.01538215542053086,0.0,6.395906619763352e-05,0.0018867924528301887,0.01026543012472018
Norway_006806.jpg,alligator crack,damage,0.008343508343508343,0.008614841948175281,0.014380681047347714,0.015194681861348529,0.009361009361009361,0.009700176366843033,0.008547008547008548,0.00888617555284222,0.0,0.0,0.008547008547008548,0.00888617555284222,0.00481617148283815,0.004884004884004884,0.0011531678198344864,0.0012888346221679556,0.0026455026455026454,0.00739384072717406
Norway_006806.jpg,alligator crack,control,0.08438475105141771,0.2017365350698684,0.07468457468457468,0.18728802062135397,0.09238909238909239,0.21225071225071226,0.09232125898792566,0.21258987925654593,0.06810473477140144,0.20071903405236738,0.09259259259259259,0.21286121286121287,0.10751594084927418,0.2275132275132275,0.017501017501017502,0.04965404965404965,0.19420702754036087,0.3670465337132004
Norway_006806.jpg,alligator crack,damage,0.011854650444726554,0.018453165525745142,0.013689033587838809,0.024347083108084852,0.012512679717918036,0.01951411118467541,0.013873281784332425,0.02159145898250452,0.004920034258016315,0.010967829455010033,0.013814565326109184,0.021538816640649203,0.011291782327965839,0.01620979188052618,0.0013990714700778905,0.0037457050935515157,0.02725456014286322,0.050836304588589974
Norway_006806.jpg,alligator crack,control,0.03473787150814235,0.06844516793919404,0.029406822042563358,0.06295214203713714,0.03662287228765396,0.07182035193430236,0.04193974881504113,0.07984628436178247,0.05693269271652706,0.12406180210933815,0.040552825577699084,0.07837432349528953,0.04320721443048073,0.07897566101571374,0.018773068987789,0.04091727255977437,0.07445044432161231,0.15021087307323966
Norway_006806.jpg,longitudinal crack,damage,0.001665249433106576,0.006838151927437642,0.003667091836734694,0.013835742630385487,0.0018778344671201814,0.007546768707482993,0.0022852891156462584,0.00869827097505669,0.0006731859410430839,0.0018601190476190475,0.0022675736961451248,0.008680555555555556,0.0013995181405895693,0.0050311791383219956,0.0004074546485260771,0.0012223639455782313,0.012879109977324263,0.027210884353741496
Norway_006806.jpg,longitudinal crack,control,0.0005314625850340137,0.0022675736961451248,0.0009389172335600907,0.004464285714285714,0.0006554705215419502,0.0028698979591836736,0.0007617630385487529,0.0027813208616780044,0.0006377551020408163,0.0011337868480725624,0.0007617630385487529,0.0027813208616780044,0.0005314625850340137,0.0018601190476190475,0.00031887755102040814,0.0005491780045351474,0.009566326530612245,0.02572278911564626
Norway_006806.jpg,longitudinal crack,damage,0.033045977011494254,0.04996807151979566,0.041666666666666664,0.06186143039591315,0.0351213282247765,0.05531609195402299,0.033445083014048534,0.05316091954022988,0.00646551724137931,0.022270114942528736,0.033445083014048534,0.05316091954022988,0.03089080459770115,0.04533844189016603,0.0028735632183908046,0.006784802043422733,0.02514367816091954,0.040229885057471264
Norway_006806.jpg,longitudinal crack,control,0.04270434227330779,0.0561941251596424,0.035201149425287355,0.05020753512132822,0.043502554278416344,0.05810983397190294,0.05683269476372925,0.07495210727969348,0.06154214559386973,0.12236590038314177,0.05683269476372925,0.07495210727969348,0.05587484035759898,0.07151979565772669,0.010696040868454661,0.028575989782886335,0.10751915708812261,0.17209450830140485
Norway_006806.jpg,alligator crack,damage,0.005493390764236778,0.00762103927046106,0.007683464165509205,0.0133849379132398,0.005779504866540776,0.007912355447352405,0.006320520623624702,0.008869537171423964,0.003012001186073006,0.005113639319360561,0.006320520623624702,0.008869537171423964,0.004583027711451327,0.0064089558916095735,0.0006554613980055246,0.0009883941715956323,0.009582221389890289,0.01613163329535819
Norway_006806.jpg,alligator crack,control,0.05330045622194131,0.09623317779130316,0.040789466839375545,0.0796229536339092,0.058070758618537076,0.10506630044061571,0.05982905982905983,0.10779218752438473,0.13333957582283815,0.26951428229577956,0.05931405444491263,0.10728238421482487,0.06838647252524306,0.1203499955782366,0.01819165483194698,0.04607997669470585,0.1606868819285131,0.3044878297465029
Norway_006826.jpg,longitudinal crack,damage,0.002392209441817797,0.006132241902476889,0.0020746595159127795,0.006576811798743914,0.0021169995060334487,0.005497142050666855,0.004989062169218827,0.02133935502081716,0.006943758379789711,0.009928727683296874,0.00500317549925905,0.02136758168089761,0.0028508926681250443,0.0064991884835226875,0.008411544703972903,0.02104297508997248,0.023209371251146707,0.06275492202385152
Norway_006826.jpg,longitudinal crack,control,0.0016724296097664244,0.02713993366734881,0.0017641662550278738,0.02709759367722814,0.0019688095406111073,0.027549220238515276,0.005278385435043399,0.03153623597487827,0.002723872697763037,0.006760285089266812,0.005250158774962953,0.03152212264483805,0.0030414226236680545,0.02874179662691412,0.0026603627125820336,0.004226942347046785,0.014734316561992802,0.04204361018982429
Norway_006826.jpg,longitudinal crack,damage,0.0030505352826061933,0.023483365949119372,0.014964890065615287,0.016116035455278,0.0029354207436399216,0.02181420513410844,0.003108092552089329,0.029929780131230575,0.0004604581558650858,0.030908253712443882,0.0029929780131230576,0.029814665592264304,0.0033958788995050075,0.02411649591343387,0.001036030850696443,0.026821687579141246,0.009899850351099344,0.05018993898929435
Norway_006826.jpg,longitudinal crack,control,0.0,0.021871762403591573,5.755726948313572e-05,0.02262000690687234,0.0,0.021468861517209625,0.0,0.022792678715321747,0.003108092552089329,0.004777253367100265,0.0,0.022677564176355473,0.0,0.021641533325659032,0.00684931506849315,0.013238171981121215,0.017670081731322666,0.038505813284217795
Norway_007170.jpg,longitudinal crack,damage,0.026139895353869153,0.05824580038553838,0.02498918132105905,0.05441008694283803,0.027274873126401512,0.06126322829379598,0.029438608914591446,0.06485502970219127,0.010020063731854125,0.03910460679019631,0.027001455604075693,0.06033675596994374,0.03289468507809119,0.06950706164679964,0.004004878240686101,0.009052283724772807,0.03835713442700342,0.07949368582556356
Norway_007170.jpg,longitudinal crack,control,0.008784767300051143,0.030136905464416382,0.00999449230890279,0.02894094968330776,0.009266690271057084,0.031462685392816395,0.011029151422164523,0.03354773987961761,0.00014359337503442308,0.0038534167355128053,0.009911876942444628,0.03192100397340572,0.011516975490774618,0.034849915417601005,0.0015913293205869624,0.004494669341830914,0.010804909713206657,0.022906093866792557
Norway_007175.jpg,longitudinal crack,damage,0.037698412698412696,0.07149698960043788,0.038314176245210725,0.06629720853858785,0.017309797482211276,0.0332512315270936,0.01717296113847838,0.033388067870826495,0.0,0.0017104542966611931,0.016351943076081007,0.03249863163656267,0.020320197044334975,0.03728790366721401,0.0,0.00041050903119868636,0.0031472359058565954,0.0038998357963875205
Norway_007175.jpg,longitudinal crack,control,0.0049261083743842365,0.028051450465243568,0.00451559934318555,0.022030651340996167,0.000752599890530925,0.01176792556102901,0.00041050903119868636,0.01115216201423098,0.0,0.0032156540777230434,0.0004789272030651341,0.01053639846743295,0.000752599890530925,0.011836343732895457,0.0,0.0,0.0,0.002326217843459223
Norway_007175.jpg,longitudinal crack,damage,0.049107142857142856,0.07270408163265306,0.05229591836734694,0.07621173469387756,0.02072704081632653,0.04145408163265306,0.021364795918367346,0.042091836734693876,0.0,0.0,0.021045918367346938,0.04145408163265306,0.01721938775510204,0.036989795918367346,0.0,0.0,0.004145408163265306,0.004145408163265306
Norway_007175.jpg,longitudinal crack,control,0.08482142857142858,0.1485969387755102,0.07653061224489796,0.14253826530612246,0.061224489795918366,0.10363520408163265,0.05006377551020408,0.08769132653061225,0.007653061224489796,0.046556122448979595,0.052614795918367346,0.09056122448979592,0.055165816326530615,0.09183673469387756,0.0031887755102040817,0.00350765306122449,0.015306122448979591,0.051658163265306124
Norway_007175.jpg,longitudinal crack,damage,0.044897959183673466,0.044897959183673466,0.04387755102040816,0.04387755102040816,0.013265306122448979,0.013265306122448979,0.013265306122448979,0.013265306122448979,0.0,0.0,0.013265306122448979,0.013265306122448979,0.011224489795918367,0.011224489795918367,0.0,0.0,0.0,0.0
Norway_007175.jpg,longitudinal crack,control,0.0,0.0,0.0,0.0,0.0,0.0,0.0,0.0,0.0,0.0,0.0,0.0,0.0,0.0,0.0,0.0,0.0,0.0
Norway_007175.jpg,longitudinal crack,damage,0.07996365288505225,0.07996365288505225,0.08359836437982734,0.08359836437982734,0.03180372557928214,0.03180372557928214,0.029077691958200817,0.029077691958200817,0.0,0.0,0.029077691958200817,0.029077691958200817,0.0222626079054975,0.0222626079054975,0.0,0.0,0.0,0.0
Norway_007175.jpg,longitudinal crack,control,0.008632439800090867,0.12130849613811903,0.009086778736937756,0.10858700590640617,0.007723761926397092,0.10495229441163108,0.007269422989550204,0.11449341208541572,0.0,0.007723761926397092,0.007269422989550204,0.11403907314856883,0.007723761926397092,0.10268059972739664,0.0,0.0,0.011812812358019082,0.04861426624261699
Norway_007175.jpg,longitudinal crack,damage,0.08141762452107279,0.08141762452107279,0.09067688378033206,0.09099616858237548,0.05012771392081737,0.05012771392081737,0.04980842911877394,0.04980842911877394,0.0,0.0,0.05012771392081737,0.05012771392081737,0.04342273307790549,0.04342273307790549,0.0,0.0,0.00031928480204342275,0.0006385696040868455
Norway_007175.jpg,longitudinal crack,control,0.0,0.0,0.0,0.0,0.0,0.0,0.0,0.0,0.0,0.0,0.0,0.0,0.0,0.0,0.0,0.0,0.0,0.0
Norway_007175.jpg,transverse crack,damage,0.00017621455884685194,0.0008105869706955188,0.0002114574706162223,0.0007753440589261484,0.0,0.0004934007647711854,0.0,0.0004934007647711854,0.0,0.0,0.0,0.0004934007647711854,0.0,0.0004934007647711854,0.0,0.0,0.0,0.0
Norway_007175.jpg,transverse crack,control,0.04747220215334191,0.132213783502793,0.0497453699624663,0.12216955364852244,0.027084177694761142,0.08645086257026556,0.024793388429752067,0.08840684417346562,0.04645015771203017,0.12294489770744858,0.02493436007682955,0.08680329168795926,0.029410209871539587,0.09018661121781882,0.012335019119279636,0.03443232479867487,0.028035736312534143,0.08040670320181853
Norway_007239.jpg,longitudinal crack,damage,0.005380763416477702,0.03534816704459562,0.004554043839758126,0.0312192932728647,0.005560279667422525,0.035985922146636436,0.006540532879818594,0.03906604308390023,0.012176398337112622,0.03432303476946334,0.006075207860922147,0.03676067649281935,0.0062665343915343915,0.036637849584278154,0.003143896447467876,0.006594860166288738,0.01202286470143613,0.037686602418745274
Norway_007239.jpg,longitudinal crack,control,0.017136715797430084,0.043764172335600905,0.011798469387755101,0.033784486016628874,0.01695011337868481,0.045094009826152685,0.020016061980347694,0.047914304610733184,0.004376889644746787,0.010378873771730914,0.016357237339380198,0.04083522297808012,0.015842309145880574,0.04053524187452759,0.004842214663643235,0.00956868858654573,0.01798941798941799,0.05049603174603175
Norway_007796.jpg,alligator crack,damage,0.0027304105919324093,0.005641131317294317,0.0016678687342228634,0.003232703106486013,0.0029815568492092114,0.006072587708000618,0.004366081088042862,0.008390860852094173,0.016202153418164958,0.03137396321673278,0.004366081088042862,0.008390860852094173,0.004378960383287826,0.008661326052238422,0.00011591365720467776,0.00018031013342949875,0.0031232290969038174,0.005744165679254031
Norway_007796.jpg,alligator crack,control,9.015506671474937e-05,0.00034130132399155116,7.083612384730307e-05,0.00027046520014424813,9.659471433723146e-05,0.0003606202668589975,9.015506671474937e-05,0.00036705991448147957,0.0013008088197413838,0.0019383339343671114,9.015506671474937e-05,0.00036705991448147957,0.00010303436195971356,0.00039281850497140797,0.0,0.0,0.0002897841430116944,0.00043789603832878265
Norway_007802.jpg,longitudinal crack,damage,0.01250197816110144,0.049058395315714515,0.017486944136730496,0.06599145434404177,0.01289761038138946,0.050324418420636174,0.01210634594081342,0.04945402753600253,0.0,0.00023737933217281214,0.01036556417154613,0.04146225668618452,0.01210634594081342,0.045418578889064726,0.0003165057762304162,0.0004747586643456243,0.01250197816110144,0.04130400379806932
Norway_007802.jpg,longitudinal crack,control,0.0003165057762304162,0.03473650894128818,0.004905839531571451,0.05135306219338503,0.0003165057762304162,0.03434087672100016,0.0003165057762304162,0.040196233581262855,0.0,0.0022155404336129136,0.0003165057762304162,0.0371894287070739,0.00023737933217281214,0.030147175185947145,0.0005538851084032284,0.0011868966608640607,0.011552460832410192,0.045972463997467954
Norway_007802.jpg,longitudinal crack,damage,0.022346263008514663,0.04836329233680227,0.030949227373068433,0.06661620939766635,0.02402396720277515,0.05213497319457584,0.021835383159886472,0.04744875433617155,0.0017092399873856827,0.004396089561652476,0.018852097130242825,0.038555660674865974,0.021885840428886787,0.04613055818353832,0.0008766950488804793,0.0030274361400189215,0.01390728476821192,0.03477136549984232
Norway_007802.jpg,longitudinal crack,control,0.02283822138126774,0.054096499526963104,0.029801324503311258,0.06799747713654998,0.026950488804793442,0.06309050772626931,0.02133081046988332,0.04887417218543046,0.005159255755282245,0.01239356669820246,0.02477451907915484,0.05882686849574267,0.024005045726900032,0.05410911384421318,0.017559129612109745,0.03510564490696941,0.03314411857458215,0.06806054872280037
Norway_007802.jpg,pothole,damage,0.03455964325529543,0.03455964325529543,0.042363433667781496,0.042363433667781496,0.045707915273132664,0.045707915273132664,0.012263099219620958,0.012263099219620958,0.0,0.0033444816053511705,0.0011148272017837235,0.0011148272017837235,0.04124860646599777,0.04124860646599777,0.0,0.0,0.0033444816053511705,0.0033444816053511705
Norway_007802.jpg,pothole,control,0.0,0.07357859531772576,0.0,0.06577480490523968,0.0,0.07469342251950947,0.0,0.0758082497212932,0.0,0.0189520624303233,0.0,0.06465997770345597,0.0,0.07357859531772576,0.006688963210702341,0.014492753623188406,0.026755852842809364,0.12263099219620958
Norway_007802.jpg,pothole,damage,0.0,0.07291666666666667,0.0,0.0920138888888889,0.0,0.0798611111111111,0.0,0.07118055555555555,0.0,0.0,0.0,0.03993055555555555,0.0,0.06944444444444445,0.0,0.0,0.0,0.0
Norway_007802.jpg,pothole,control,0.0,0.15625,0.0,0.16493055555555555,0.0,0.16493055555555555,0.0,0.14756944444444445,0.0,0.0,0.0,0.13368055555555555,0.0,0.1579861111111111,0.0,0.0,0.0,0.024305555555555556
Norway_007802.jpg,longitudinal crack,damage,0.003166421207658321,0.0401620029455081,0.007864506627393226,0.05387334315169367,0.003932253313696613,0.043284241531664214,0.0025625920471281298,0.03846833578792341,0.0017820324005891016,0.004948453608247422,0.002812960235640648,0.03357879234167894,0.0035493372606774667,0.0393519882179676,0.000898379970544919,0.0018851251840942562,0.014756995581737849,0.0403240058910162
Norway_007802.jpg,longitudinal crack,control,2.9455081001472753e-05,0.0037260677466863035,0.00023564064801178202,0.0063770250368188515,4.418262150220913e-05,0.0040942562592047125,0.0,0.0038438880706921945,0.000589101620029455,0.0007069219440353461,0.0001325478645066274,0.0030338733431516936,4.418262150220913e-05,0.0038144329896907217,0.0,0.00010309278350515464,0.002930780559646539,0.010648011782032401
Norway_007802.jpg,longitudinal crack,damage,0.012199421761511882,0.06903603413017417,0.021930752415203442,0.09611451942740286,0.013750793314998943,0.0712925745716099,0.011212185318383753,0.06826034835343064,0.0,0.0004936182215640645,0.012269938650306749,0.06628587546717439,0.011141668429588886,0.06205486213948241,0.0,0.0008462026655383964,0.006558070657922572,0.028770890628305477
Norway_007802.jpg,longitudinal crack,control,7.051688879486637e-05,0.011212185318383753,0.0008462026655383964,0.016783019533178196,0.00014103377758973275,0.011353219095973486,0.0002115506663845991,0.011494252873563218,0.0,0.0,0.0002115506663845991,0.01050701643043509,7.051688879486637e-05,0.010224948875255624,0.0,0.00014103377758973275,0.0003525844439743319,0.006558070657922572
Norway_007802.jpg,pothole,damage,0.0,0.02564102564102564,0.0,0.035547785547785545,0.0,0.02972027972027972,0.0,0.018648018648018648,0.0,0.0,0.0,0.015151515151515152,0.0,0.02564102564102564,0.0,0.0,0.0,0.0
Norway_007802.jpg,pothole,control,0.0,0.055944055944055944,0.0005827505827505828,0.06060606060606061,0.0,0.05652680652680653,0.0,0.05011655011655012,0.005244755244755245,0.005244755244755245,0.0005827505827505828,0.04079254079254079,0.0,0.055944055944055944,0.0034965034965034965,0.01048951048951049,0.012237762237762238,0.02972027972027972
Norway_007802.jpg,longitudinal crack,damage,0.0,0.10942760942760943,0.008417508417508417,0.12878787878787878,0.0,0.11195286195286196,0.0,0.1069023569023569,0.0,0.0,0.0,0.11195286195286196,0.0,0.10606060606060606,0.0,0.004208754208754209,0.004208754208754209,0.0563973063973064
Norway_007802.jpg,longitudinal crack,control,0.0,0.13468013468013468,0.0,0.14646464646464646,0.0,0.13804713804713806,0.0,0.13973063973063973,0.0,0.0,0.0,0.10858585858585859,0.0,0.12962962962962962,0.0,0.0,0.0016835016835016834,0.012626262626262626
Norway_007802.jpg,pothole,damage,0.0,0.0,0.0,0.0,0.0,0.0,0.0,0.0,0.0,0.0,0.0,0.0,0.0,0.0,0.0,0.0,0.0,0.0
Norway_007802.jpg,pothole,control,0.0,0.0,0.0,0.0,0.0,0.0,0.0,0.0,0.0,0.0,0.0,0.0,0.0,0.0,0.0,0.0,0.007547169811320755,0.011320754716981131
Norway_007802.jpg,pothole,damage,0.008264462809917356,0.008264462809917356,0.011019283746556474,0.011019283746556474,0.013774104683195593,0.013774104683195593,0.008264462809917356,0.008264462809917356,0.0,0.013774104683195593,0.0,0.0,0.01928374655647383,0.01928374655647383,0.0,0.0,0.07988980716253444,0.07988980716253444
Norway_007802.jpg,pothole,control,0.0,0.0,0.0,0.0,0.0,0.0,0.0,0.0,0.0,0.0,0.0,0.0,0.0,0.0,0.0,0.0,0.0,0.0
Norway_007811.jpg,transverse crack,damage,0.14440677966101695,0.23322033898305083,0.10463276836158192,0.18824858757062146,0.15412429378531073,0.2456497175141243,0.1398870056497175,0.22892655367231637,0.030056497175141243,0.08090395480225988,0.03864406779661017,0.0856497175141243,0.06915254237288136,0.1319774011299435,0.014915254237288136,0.11570621468926554,0.20542372881355933,0.29649717514124296
Norway_007811.jpg,transverse crack,control,0.09943502824858758,0.10937853107344633,0.05672316384180791,0.09175141242937854,0.10711864406779661,0.11570621468926554,0.10214689265536724,0.11141242937853107,0.17853107344632768,0.3631638418079096,0.03887005649717514,0.03887005649717514,0.04903954802259887,0.04903954802259887,0.07887005649717514,0.2122033898305085,0.18124293785310736,0.39322033898305087
Norway_007811.jpg,longitudinal crack,damage,0.219921875,0.219921875,0.2296875,0.2296875,0.219140625,0.219140625,0.22265625,0.22265625,0.0,0.012109375,0.1640625,0.1640625,0.158203125,0.158203125,0.004296875,0.04765625,0.071875,0.107421875
Norway_007811.jpg,longitudinal crack,control,0.05546875,0.05546875,0.05390625,0.05390625,0.055859375,0.055859375,0.053125,0.053125,0.0,0.007421875,0.029296875,0.029296875,0.030078125,0.030078125,0.001953125,0.0140625,0.008984375,0.04453125
Norway_007811.jpg,longitudinal crack,damage,0.024778257700990063,0.030341811976750385,0.019721289038198333,0.026075827867541194,0.026218027337848167,0.03221706749142359,0.02721342362999698,0.03397678593647239,0.02153433228461224,0.07492134591798645,0.008531968218418387,0.009171865834799765,0.010576085604081124,0.011367070157663663,0.023551787269592422,0.0542757603227928,0.07252172985655629,0.10976910361008906
Norway_007811.jpg,longitudinal crack,control,0.00873637995698466,0.01458433317335893,0.00835421888053467,0.014451021169946142,0.009385165040260225,0.015739703869603085,0.009020778897598607,0.015010931584279848,0.0012086954976092714,0.013224550738548498,0.00042659841092091935,0.0010487210935139267,0.000542135480545335,0.001182033096926714,0.0063189889617661175,0.02492934463819122,0.043841874189018644,0.05960824045930429
Norway_007811.jpg,longitudinal crack,damage,0.0321939586645469,0.0321939586645469,0.03259141494435612,0.03259141494435612,0.03259141494435612,0.03259141494435612,0.03259141494435612,0.03259141494435612,0.0,0.000397456279809221,0.016693163751987282,0.016693163751987282,0.013513513513513514,0.013513513513513514,0.019475357710651828,0.019475357710651828,0.02027027027027027,0.02027027027027027
Norway_007811.jpg,longitudinal crack,control,0.0,0.0,0.003577106518282989,0.003577106518282989,0.000794912559618442,0.000794912559618442,0.000397456279809221,0.000397456279809221,0.0,0.0,0.0,0.0,0.0,0.0,0.0043720190779014305,0.009936406995230525,0.038950715421303655,0.10731319554848967
Norway_007811.jpg,longitudinal crack,damage,0.2520979020979021,0.4461538461538462,0.23776223776223776,0.456993006993007,0.2458041958041958,0.4409090909090909,0.25594405594405595,0.4583916083916084,0.0,0.013286713286713287,0.17482517482517482,0.23916083916083916,0.16538461538461538,0.20664335664335665,0.06293706293706294,0.10174825174825175,0.1979020979020979,0.35664335664335667
Norway_007811.jpg,longitudinal crack,control,0.02027972027972028,0.026923076923076925,0.032167832167832165,0.03636363636363636,0.02027972027972028,0.025874125874125874,0.019230769230769232,0.03566433566433566,0.0,0.00034965034965034965,0.005594405594405594,0.005594405594405594,0.0024475524475524478,0.0024475524475524478,0.0,0.023076923076923078,0.04650349650349651,0.12797202797202797
Norway_007811.jpg,longitudinal crack,damage,0.038851162061005404,0.059055559290885046,0.03479459423115713,0.054606781864228245,0.04132768551513929,0.06320177502857527,0.037327147627692236,0.05884264550976041,0.0465945001008539,0.12908178130392883,0.01093704475671799,0.015296174275532844,0.018030435464712342,0.024406642909971087,0.04001658486295076,0.08143391828593201,0.10214258499742263,0.18385665299536072
Norway_007811.jpg,longitudinal crack,control,0.0214706739281472,0.05522311123064166,0.023454133889150363,0.056859185548757255,0.022087003294560613,0.05637732804410677,0.02140343799726574,0.0566910957215536,0.021078464331338666,0.12015060848517448,0.002005871937963648,0.007564042224164593,0.0027342611891794976,0.010858602837356283,0.0221094152715211,0.05070709787310339,0.13392276832739416,0.17822004078979806
Norway_007811.jpg,longitudinal crack,damage,0.005918289423444063,0.005918289423444063,0.006681939671630393,0.0067773959526536845,0.006013745704467354,0.006013745704467354,0.0057273768613974796,0.0057273768613974796,0.004390988927071402,0.07512409316533028,0.00038182512409316535,0.00038182512409316535,0.000572737686139748,0.000572737686139748,0.022432226040473464,0.07235586101565483,0.11435662466590302,0.1210385643375334
Norway_007811.jpg,longitudinal crack,control,0.0,0.003913707521954944,0.000286368843069874,0.0036273386788850705,9.545628102329134e-05,0.003531882397861779,0.0,0.004963726613211149,0.03445971744940817,0.06987399770904926,0.0,0.00019091256204658267,0.0,0.0004772814051164567,0.051164566628484155,0.08323787705231005,0.07311951126384116,0.15263459335624285
Norway_007954.jpg,longitudinal crack,damage,0.017675270787303982,0.046235921754593956,0.01945357547017298,0.04569704154766396,0.01762138276661098,0.04569704154766396,0.01961523953225198,0.053672468610227946,0.026297354098183973,0.06859945034218894,0.01939968744947998,0.05345691652745595,0.02047744786333998,0.05151694778250795,0.0017783046828689982,0.0056043541520719945,0.012070916635231988,0.02872231502936897
Norway_007954.jpg,longitudinal crack,control,0.0014549765587109984,0.03335668480896697,0.0023710729104919974,0.03227892439510697,0.0016166406207899983,0.03454222126421297,0.002909953117421997,0.03858382281618796,0.01805248693215498,0.03971547125074096,0.002909953117421997,0.03858382281618796,0.0021016328070269977,0.03648219000916096,0.0023710729104919974,0.006574338524545993,0.007544322897019992,0.01789082287007598
Norway_007966.jpg,longitudinal crack,damage,0.05297442283743654,0.13468723057764154,0.029313152600823834,0.10278762333556854,0.03774307883896925,0.10757735415269662,0.03764728422262669,0.10901427339783504,0.015997700929207777,0.04023373886387585,0.03678513267554363,0.10920586263052016,0.03822205192068206,0.1078647380017243,0.014656576300411917,0.025768751796149056,0.027876233355685412,0.05383657438451959
Norway_007966.jpg,longitudinal crack,control,0.07270811380400422,0.16754478398314016,0.021841172526104034,0.09991378484529169,0.041000095794616345,0.11361241498227799,0.047705718938595654,0.12022224350991474,0.08247916467094549,0.18612893955359708,0.042437015039754764,0.11457036114570361,0.04895104895104895,0.12386243893093209,0.019925280199252802,0.029983714915221765,0.05690200210748156,0.13669891752083532
Norway_007970.jpg,pothole,damage,0.00036893562073418186,0.005165098690278546,0.0002767017155506364,0.004427227448810182,0.0,0.002582549345139273,0.0,0.0023058476295886366,0.0,9.223390518354546e-05,0.0,0.0023058476295886366,0.00018446781036709093,0.002767017155506364,0.0009223390518354548,0.0009223390518354548,0.0,0.0
Norway_007970.jpg,pothole,control,0.0,0.0010145729570190001,0.0,0.0011068068622025456,0.0,0.0004611695259177274,0.0,0.0004611695259177274,0.0,0.0,0.0,0.0004611695259177274,0.0,0.0004611695259177274,0.0,0.0,0.0,0.0
Norway_007970.jpg,longitudinal crack,damage,0.0027264183046782583,0.02776044789421659,0.002272690444167166,0.020205068788384566,0.0010573479606553126,0.018693992967218163,0.0017257863265868322,0.02220633274456742,0.00420913613456272,0.015785273290013127,0.0013632091523391292,0.021876164703213366,0.0018452950041321645,0.020178736367908477,0.008874025700442385,0.021448769263178364,0.002783134287242145,0.018230137252677806
Norway_007970.jpg,longitudinal crack,control,0.0014806922590786084,0.021764758308891446,0.0012943397449401242,0.01918418110223461,0.0007271799193012591,0.013478148142146457,0.0008669443049051222,0.013555119832768874,0.0004415744356759735,0.003964042067054496,0.0008527653092641507,0.01359765681969179,0.0009256858582748619,0.013713114355625415,0.0038769425224028133,0.006969989142940481,0.00048613699340474147,0.0025988073439095136
Norway_007970.jpg,pothole,damage,0.001444564824846515,0.005597688696280245,0.0012639942217407005,0.00451426507764536,0.0007222824124232575,0.0032502708559046588,0.0005417118093174431,0.0032502708559046588,0.0,0.005597688696280245,0.0005417118093174431,0.0032502708559046588,0.0012639942217407005,0.003791982665222102,0.0012639942217407005,0.0012639942217407005,0.0,0.0
Norway_007970.jpg,pothole,control,0.0,0.005236547490068617,0.0,0.005236547490068617,0.0,0.0030697002527988442,0.0,0.0030697002527988442,0.00036114120621162876,0.00036114120621162876,0.0,0.0030697002527988442,0.0,0.0032502708559046588,0.00018057060310581438,0.0007222824124232575,0.0,0.0
Norway_008137.jpg,longitudinal crack,damage,0.04742014742014742,0.09262899262899263,0.05466830466830467,0.08488943488943489,0.0472972972972973,0.09355036855036855,0.050307125307125306,0.10012285012285012,0.0007371007371007371,0.042628992628992626,0.04748157248157248,0.09557739557739557,0.051044226044226045,0.09766584766584767,0.0011056511056511057,0.0038083538083538084,0.008476658476658476,0.04342751842751843
Norway_008137.jpg,longitudinal crack,control,0.0035626535626535625,0.043366093366093365,0.01074938574938575,0.030773955773955773,0.004176904176904177,0.04361179361179361,0.0066953316953316955,0.057002457002457,0.0012285012285012285,0.03660933660933661,0.00558968058968059,0.056203931203931204,0.0052825552825552825,0.04594594594594595,0.0014742014742014742,0.006081081081081081,0.006511056511056511,0.04527027027027027
Norway_008137.jpg,pothole,damage,0.10336065573770492,0.186448087431694,0.09693989071038252,0.17707650273224043,0.10202185792349727,0.18620218579234973,0.10997267759562841,0.19912568306010928,0.0053005464480874315,0.061885245901639345,0.09898907103825137,0.18193989071038252,0.1230327868852459,0.2183879781420765,0.0027049180327868854,0.0076775956284153,0.02860655737704918,0.05773224043715847
Norway_008137.jpg,pothole,control,0.05581967213114754,0.13456284153005466,0.053005464480874315,0.12524590163934426,0.058797814207650276,0.14046448087431693,0.06270491803278688,0.1460655737704918,0.0009016393442622951,0.05087431693989071,0.049453551912568304,0.1250273224043716,0.0703551912568306,0.16008196721311477,0.00226775956284153,0.00592896174863388,0.04540983606557377,0.08549180327868852
Norway_008137.jpg,longitudinal crack,damage,0.10948581560283688,0.20684137692440754,0.10741005016433143,0.2053169866805051,0.10993988929250995,0.20970636568067808,0.11722669088393012,0.2218582425185954,0.0007567894827884449,0.033860923715620134,0.10836144265697976,0.20763060024217264,0.12369183532260855,0.23109107420861444,0.007330046704722366,0.017503459609064177,0.0260984258778758,0.049494032174364294
Norway_008137.jpg,longitudinal crack,control,0.05499697284206884,0.14322781525687597,0.0570294931672721,0.14160612350804358,0.056899757827365505,0.14806045666839648,0.061991869918699184,0.15302283341982356,0.0,0.02018465663380038,0.05593755405639163,0.1442440754194776,0.06462982183013319,0.1584392838609237,0.0030920256011070747,0.009395000864902267,0.018465663380038057,0.03873681024044283
Norway_008146.jpg,longitudinal crack,damage,0.0551025450951322,0.10711638250555967,0.025080306399802323,0.04867803311094638,0.026562886088460587,0.051643192488262914,0.03199901161354089,0.056338028169014086,0.021497405485544848,0.059426735853718805,0.03187546330615271,0.05621447986162589,0.03125772176921176,0.057573511242895975,0.0007412898443291327,0.00506548060291574,0.006671608598962194,0.03236965653570546
Norway_008146.jpg,longitudinal crack,control,0.007412898443291327,0.05114899925871016,0.0014825796886582653,0.017420311341734617,0.001235483073881888,0.020632567333827526,0.0013590313812700766,0.021003212255992092,0.010501606127996046,0.024956758092414134,0.0014825796886582653,0.02125030887076847,0.001729676303434643,0.02137385717815666,0.00037064492216456633,0.002347417840375587,0.0053125772176921176,0.012354830738818878
United_States_000020.jpg,longitudinal crack,damage,0.1179245283018868,0.12028301886792453,0.10927672955974843,0.11320754716981132,0.1179245283018868,0.12028301886792453,0.12028301886792453,0.12264150943396226,0.09669811320754718,0.11084905660377359,0.12028301886792453,0.12264150943396226,0.11871069182389937,0.12028301886792453,0.007861635220125786,0.014937106918238994,0.13522012578616352,0.14858490566037735
United_States_000020.jpg,longitudinal crack,control,0.1391509433962264,0.20125786163522014,0.1320754716981132,0.19968553459119498,0.1391509433962264,0.19968553459119498,0.14150943396226415,0.20754716981132076,0.06446540880503145,0.1391509433962264,0.14150943396226415,0.20754716981132076,0.14072327044025157,0.20125786163522014,0.0031446540880503146,0.04245283018867924,0.08490566037735849,0.1179245283018868
United_States_000238.jpg,longitudinal crack,damage,0.008325515947467168,0.016088180112570356,0.00874765478424015,0.016862101313320825,0.008161350844277673,0.016111632270168857,0.00848968105065666,0.015830206378986866,0.0006332082551594747,0.00701219512195122,0.00848968105065666,0.015830206378986866,0.011186679174484052,0.01871482176360225,0.0004455909943714822,0.0005159474671669794,0.0005393996247654785,0.004432457786116323
United_States_000238.jpg,longitudinal crack,control,0.10778611632270169,0.1600844277673546,0.12307692307692308,0.18691369606003752,0.10466697936210131,0.15621482176360224,0.10940431519699813,0.16268761726078798,0.11575984990619137,0.3149390243902439,0.11081144465290807,0.1648452157598499,0.11118667917448405,0.1603189493433396,0.04875703564727955,0.0797842401500938,0.0826454033771107,0.20490150093808632
United_States_000238.jpg,longitudinal crack,damage,0.0038896746817538895,0.0049504950495049506,0.004007543611504008,0.005186232909005186,0.0038896746817538895,0.0049504950495049506,0.004007543611504008,0.005068363979255069,0.0,0.0007072135785007072,0.004007543611504008,0.005068363979255069,0.004714757190004715,0.00553983969825554,0.0,0.0,0.0022395096652522394,0.008486562942008486
United_States_000238.jpg,longitudinal crack,control,0.0,0.00011786892975011787,0.0,0.00011786892975011787,0.0,0.00023573785950023574,0.0,0.00023573785950023574,0.0,0.0004714757190004715,0.0,0.00023573785950023574,0.0,0.00011786892975011787,0.0,0.00011786892975011787,0.0,0.00011786892975011787
United_States_000245.jpg,transverse crack,damage,0.03545321637426901,0.07090643274853801,0.017909356725146198,0.03929093567251462,0.03618421052631579,0.07072368421052631,0.044407894736842105,0.08717105263157894,0.10800438596491228,0.20632309941520469,0.027777777777777776,0.05665204678362573,0.036915204678362575,0.0714546783625731,0.0027412280701754384,0.016812865497076022,0.09594298245614036,0.1511330409356725
United_States_000245.jpg,transverse crack,control,0.01663011695906433,0.04111842105263158,0.017726608187134504,0.04148391812865497,0.016812865497076022,0.041849415204678365,0.016264619883040937,0.04111842105263158,0.0001827485380116959,0.0021929824561403508,0.016264619883040937,0.04111842105263158,0.013888888888888888,0.03179824561403509,0.0,0.0,0.0,0.0
United_States_000269.jpg,longitudinal crack,damage,0.03823529411764706,0.054411764705882354,0.03676470588235294,0.052941176470588235,0.03823529411764706,0.054411764705882354,0.039705882352941174,0.057352941176470586,0.0,0.0,0.039705882352941174,0.057352941176470586,0.03529411764705882,0.04852941176470588,0.0,0.0,0.0,0.0
United_States_000269.jpg,longitudinal crack,control,0.013235294117647059,0.026470588235294117,0.011764705882352941,0.026470588235294117,0.011764705882352941,0.025,0.014705882352941176,0.027941176470588237,0.0,0.0,0.014705882352941176,0.027941176470588237,0.008823529411764706,0.016176470588235296,0.0,0.0,0.0,0.0
United_States_000269.jpg,transverse crack,damage,0.002976190476190476,0.005357142857142857,0.007142857142857143,0.009523809523809525,0.002380952380952381,0.004761904761904762,0.0017857142857142857,0.004166666666666667,0.06190476190476191,0.20297619047619048,0.005952380952380952,0.008333333333333333,0.006547619047619048,0.008928571428571428,0.0017857142857142857,0.006547619047619048,0.007142857142857143,0.016666666666666666
United_States_000269.jpg,transverse crack,control,0.027976190476190477,0.09523809523809523,0.02738095238095238,0.08452380952380953,0.02976190476190476,0.09821428571428571,0.025595238095238095,0.09226190476190477,0.275,0.5142857142857142,0.02857142857142857,0.0880952380952381,0.03214285714285714,0.12857142857142856,0.0,0.0017857142857142857,0.0017857142857142857,0.007738095238095238
United_States_000269.jpg,longitudinal crack,damage,0.03346172363986519,0.0648170438131921,0.033762638420799226,0.06614106884930188,0.03316080885893115,0.0640948483389504,0.033642272508425615,0.06596051998074146,0.02172604718343765,0.06150698122291767,0.03406355320173327,0.06620125180548869,0.0327395281656235,0.059099662975445354,0.0007221954742416948,0.0016249398170438132,0.02028165623495426,0.02461482908040443
United_States_000269.jpg,longitudinal crack,control,0.0074025036109773715,0.02828598940779971,0.007462686567164179,0.029128550794415023,0.0074025036109773715,0.028406355320173327,0.007763601348098219,0.028707270101107366,0.011314395763119885,0.011795859412614348,0.007763601348098219,0.028707270101107366,0.0068608570052961,0.026119402985074626,0.0,0.0,0.0066201251805488685,0.0068608570052961
United_States_000322.jpg,longitudinal crack,damage,0.007022471910112359,0.012464887640449437,0.010270365168539327,0.019048455056179775,0.006671348314606741,0.011938202247191011,0.007285814606741573,0.014044943820224719,0.00017556179775280898,0.006232443820224719,0.007285814606741573,0.011499297752808989,0.00798806179775281,0.013254915730337078,0.0002633426966292135,0.0006144662921348314,0.010709269662921348,0.015098314606741573
United_States_000322.jpg,longitudinal crack,control,0.00035112359550561797,0.0009655898876404494,0.000526685393258427,0.0019311797752808988,0.00035112359550561797,0.0011411516853932584,0.00035112359550561797,0.001053370786516854,0.00017556179775280898,0.008865870786516855,0.0002633426966292135,0.0007900280898876404,0.00043890449438202246,0.0013167134831460674,0.00043890449438202246,0.0007900280898876404,0.0056179775280898875,0.009304775280898877
United_States_000322.jpg,longitudinal crack,damage,0.003527336860670194,0.0710506424792139,0.006046863189720333,0.0799949609473419,0.003527336860670194,0.07231040564373897,0.004409171075837742,0.04963466868228773,0.003779289493575208,0.013605442176870748,0.0041572184429327285,0.07621567145376669,0.004409171075837742,0.07344419249181154,0.004031242126480222,0.004787100025195263,0.012597631645250693,0.02343159486016629
United_States_000322.jpg,longitudinal crack,control,0.0011337868480725624,0.0025195263290501385,0.0015117157974300832,0.003527336860670194,0.0011337868480725624,0.0025195263290501385,0.0012597631645250692,0.00327538422776518,0.003905265810027715,0.029352481733434115,0.0015117157974300832,0.00327538422776518,0.002015621063240111,0.003401360544217687,0.0,0.0023935500125976316,0.011589821113630638,0.023809523809523808
United_States_000389.jpg,transverse crack,damage,0.009455128205128204,0.011057692307692308,0.008974358974358974,0.010576923076923078,0.009294871794871795,0.010897435897435897,0.009615384615384616,0.011217948717948718,0.0,0.0004807692307692308,0.009615384615384616,0.011217948717948718,0.011217948717948718,0.013141025641025641,0.0,0.0,0.00016025641025641026,0.00016025641025641026
United_States_000389.jpg,transverse crack,control,0.0020833333333333333,0.003205128205128205,0.0019230769230769232,0.003205128205128205,0.0020833333333333333,0.003205128205128205,0.002564102564102564,0.0035256410256410257,0.001282051282051282,0.0017628205128205128,0.0020833333333333333,0.003205128205128205,0.0027243589743589742,0.004006410256410256,0.0009615384615384616,0.0009615384615384616,0.0016025641025641025,0.0016025641025641025
United_States_000389.jpg,longitudinal crack,damage,0.007227891156462585,0.012329931972789115,0.007227891156462585,0.012755102040816327,0.007227891156462585,0.012755102040816327,0.007227891156462585,0.012755102040816327,0.0,0.0008503401360544217,0.007227891156462585,0.012755102040816327,0.008928571428571428,0.01403061224489796,0.0,0.0,0.0,0.0
United_States_000389.jpg,longitudinal crack,control,0.00042517006802721087,0.06972789115646258,0.00042517006802721087,0.0782312925170068,0.00042517006802721087,0.07100340136054421,0.0008503401360544217,0.05952380952380952,0.0467687074829932,0.047619047619047616,0.0008503401360544217,0.06164965986394558,0.0012755102040816326,0.06887755102040816,0.003401360544217687,0.003401360544217687,0.04591836734693878,0.04889455782312925
United_States_000397.jpg,longitudinal crack,damage,0.01087912087912088,0.03098901098901099,0.013021978021978022,0.03604395604395604,0.011098901098901099,0.031538461538461536,0.011978021978021978,0.030494505494505494,0.0074725274725274725,0.015604395604395605,0.011868131868131869,0.030494505494505494,0.013626373626373627,0.034010989010989014,0.005549450549450549,0.012142857142857143,0.027362637362637363,0.04346153846153846
United_States_000397.jpg,longitudinal crack,control,0.0560989010989011,0.056593406593406594,0.05269230769230769,0.053956043956043954,0.055934065934065934,0.056428571428571425,0.05813186813186813,0.05857142857142857,0.004285714285714286,0.06126373626373626,0.05423076923076923,0.05467032967032967,0.05758241758241758,0.058076923076923075,0.0003846153846153846,0.011978021978021978,0.07225274725274725,0.07582417582417582
United_States_000426.jpg,transverse crack,damage,0.026262626262626262,0.04588744588744589,0.025685425685425686,0.0455988455988456,0.02655122655122655,0.046031746031746035,0.026695526695526696,0.046464646464646465,0.0,0.031024531024531024,0.026695526695526696,0.046464646464646465,0.04213564213564214,0.07186147186147186,0.03867243867243867,0.04083694083694084,0.00404040404040404,0.05468975468975469
United_States_000426.jpg,transverse crack,control,0.01645021645021645,0.03520923520923521,0.016594516594516596,0.03506493506493506,0.01616161616161616,0.03477633477633477,0.016594516594516596,0.03564213564213564,0.001443001443001443,0.022366522366522368,0.016594516594516596,0.03564213564213564,0.030014430014430014,0.05772005772005772,0.05858585858585859,0.06060606060606061,0.0030303030303030303,0.02987012987012987
United_States_000426.jpg,longitudinal crack,damage,0.03522167487684729,0.05796387520525451,0.035303776683087026,0.05870279146141215,0.03522167487684729,0.05821018062397373,0.03522167487684729,0.058045977011494256,0.005090311986863711,0.04688013136288998,0.03522167487684729,0.058045977011494256,0.04876847290640394,0.08004926108374384,0.05870279146141215,0.06174055829228243,0.007963875205254515,0.05410509031198686
United_States_000426.jpg,longitudinal crack,control,0.0229064039408867,0.07331691297208538,0.024220032840722498,0.07257799671592775,0.02315270935960591,0.07339901477832513,0.02282430213464696,0.07430213464696224,0.002627257799671593,0.04146141215106732,0.02282430213464696,0.07430213464696224,0.03760262725779967,0.09646962233169129,0.050821018062397375,0.06330049261083744,0.01083743842364532,0.08349753694581281
United_States_000443.jpg,transverse crack,damage,0.019536019536019536,0.02197802197802198,0.019536019536019536,0.02197802197802198,0.019536019536019536,0.020757020757020756,0.016483516483516484,0.017094017094017096,0.0,0.0115995115995116,0.016483516483516484,0.017094017094017096,0.018315018315018316,0.019536019536019536,0.0,0.0,0.0,0.0
United_States_000443.jpg,transverse crack,control,0.004884004884004884,0.007326007326007326,0.004884004884004884,0.007326007326007326,0.004884004884004884,0.007326007326007326,0.002442002442002442,0.003663003663003663,0.0018315018315018315,0.0030525030525030525,0.002442002442002442,0.003663003663003663,0.004884004884004884,0.006715506715506716,0.0,0.0,0.0,0.0
United_States_000443.jpg,longitudinal crack,damage,0.07101806239737274,0.09277504105090312,0.06773399014778325,0.07348111658456485,0.07266009852216748,0.08456486042692939,0.060755336617405585,0.20073891625615764,0.11494252873563218,0.3944991789819376,0.060755336617405585,0.20073891625615764,0.06403940886699508,0.07799671592775041,0.02504105090311987,0.16420361247947454,0.12151067323481117,0.3994252873563218
United_States_000443.jpg,longitudinal crack,control,0.07101806239737274,0.07101806239737274,0.05788177339901478,0.05788177339901478,0.07142857142857142,0.07183908045977011,0.07060755336617405,0.07060755336617405,0.0361247947454844,0.03776683087027915,0.07019704433497537,0.07019704433497537,0.069376026272578,0.069376026272578,0.0,0.0,0.06568144499178982,0.07430213464696224
United_States_000476.jpg,alligator crack,damage,0.019867358708189158,0.030074971164936563,0.013004613610149943,0.018540945790080737,0.02041522491349481,0.030594002306805076,0.010207612456747405,0.015599769319492503,0.012110726643598616,0.03324682814302191,0.013004613610149943,0.018540945790080737,0.015196078431372549,0.0211361014994233,0.005132641291810842,0.009400230680507497,0.008938869665513265,0.03569780853517878
United_States_000476.jpg,alligator crack,control,0.004469434832756632,0.01447520184544406,0.002047289504036909,0.0037773933102652826,0.004527104959630911,0.012283737024221454,0.0019031141868512112,0.014042675893886967,0.02217416378316032,0.033679354094579006,0.002047289504036909,0.0038638985005767013,0.0028835063437139563,0.007151095732410611,0.006170703575547866,0.01185121107266436,0.01314878892733564,0.05317185697808535
United_States_000476.jpg,longitudinal crack,damage,0.023005241700640652,0.051349252572316054,0.01582217045233935,0.03310036886041545,0.022908173170258204,0.05096097845078625,0.01349252572316055,0.029897107357794602,0.00339739856338575,0.03445932828576975,0.01582217045233935,0.03310036886041545,0.0178606095903708,0.036983110075713456,0.0038827412152980002,0.010580469811687051,0.0028149873810910503,0.0077654824305960005
United_States_000476.jpg,longitudinal crack,control,0.004659289458357601,0.011648223645894,0.0019413706076490001,0.0049504950495049506,0.004368083867210251,0.011259949524364201,0.0021355076684139,0.005727043292564551,0.00048534265191225003,0.009318578916715201,0.0019413706076490001,0.0049504950495049506,0.0027179188507086,0.0064065230052417,0.005921180353329451,0.014560279557367502,0.01737526693845855,0.033294505921180356
United_States_000476.jpg,longitudinal crack,damage,0.004392112886646108,0.009531819456125596,0.002336230258854313,0.003924866834875245,0.004392112886646108,0.010092514718250631,0.0019624334174376226,0.00448556209700028,0.0007475936828333801,0.005139706569479488,0.002336230258854313,0.003924866834875245,0.0030838239416876925,0.006167647883375385,0.0012148397346042426,0.001308288944958415,0.0002803476310625175,0.0020558826277917953
United_States_000476.jpg,longitudinal crack,control,0.0021493318381459675,0.02803476310625175,0.000560695262125035,0.0028034763106251754,0.0020558826277917953,0.01981123259508457,0.0008410428931875525,0.042799738342211006,0.0645734043547332,0.06877861882067096,0.000560695262125035,0.0029903747313335203,0.0012148397346042426,0.011774600504625737,0.00018689842070834502,0.002429679469208485,0.007102139986917111,0.09242126904027662
United_States_000509.jpg,longitudinal crack,damage,0.021097384886892348,0.037441841809722445,0.021839403176640463,0.034995186908390825,0.02117760308037863,0.03688031445531847,0.02117760308037863,0.04111182416171988,0.022461094176159154,0.08635488528798331,0.02113749398363549,0.04099149687149045,0.020315257500401092,0.03387213219958286,0.028758222364832345,0.0876584309321354,0.06248997272581421,0.14820311246590726
United_States_000509.jpg,longitudinal crack,control,0.010047328734156907,0.028898604203433337,0.009445692283009786,0.02891865875180491,0.009987165089042195,0.028818386009947055,0.01074923792716188,0.029099149687149044,0.021859457725012032,0.041472806032408153,0.010648965185304027,0.029119204235520616,0.009947055992299053,0.02715385849510669,0.023042676078934704,0.07055190117118562,0.07021097384886893,0.12905101877105726
United_States_000534.jpg,transverse crack,damage,0.022331154684095862,0.023420479302832243,0.024509803921568627,0.024509803921568627,0.022331154684095862,0.02287581699346405,0.020152505446623094,0.026143790849673203,0.010348583877995643,0.09586056644880174,0.020152505446623094,0.026143790849673203,0.021241830065359478,0.02178649237472767,0.049564270152505446,0.11437908496732026,0.1187363834422658,0.23638344226579522
United_States_000534.jpg,transverse crack,control,0.002178649237472767,0.007625272331154684,0.011982570806100218,0.011982570806100218,0.0027233115468409588,0.006535947712418301,0.0005446623093681918,0.014705882352941176,0.00980392156862745,0.11383442265795207,0.0005446623093681918,0.014705882352941176,0.002178649237472767,0.0054466230936819175,0.03431372549019608,0.1508714596949891,0.027777777777777776,0.15413943355119825
United_States_000534.jpg,transverse crack,damage,0.02100840336134454,0.02100840336134454,0.020626432391138275,0.020626432391138275,0.02100840336134454,0.02100840336134454,0.02100840336134454,0.02100840336134454,0.0,0.007639419404125287,0.02100840336134454,0.02100840336134454,0.020626432391138275,0.020626432391138275,0.008021390374331552,0.008021390374331552,0.0015278838808250573,0.012605042016806723
United_States_000534.jpg,transverse crack,control,0.013368983957219251,0.01413292589763178,0.01757066462948816,0.01871657754010695,0.013368983957219251,0.013750954927425516,0.014514896867838044,0.015278838808250574,0.009167303284950344,0.021772345301757066,0.01413292589763178,0.014896867838044309,0.012605042016806723,0.012987012987012988,0.0985485103132162,0.1501145912910619,0.12796027501909854,0.23414820473644002
United_States_000534.jpg,longitudinal crack,damage,0.05686886708296164,0.16057091882247992,0.055976806422836756,0.16146297948260482,0.057314897413024084,0.16302408563782336,0.05798394290811775,0.15900981266726139,0.0022301516503122213,0.03233719892952721,0.05798394290811775,0.15900981266726139,0.055530776092774306,0.15611061552185548,0.04817127564674398,0.0916592328278323,0.030999107939339875,0.08140053523639608
United_States_000534.jpg,longitudinal crack,control,0.012265834076717217,0.03345227475468332,0.013603925066904549,0.03456735057983943,0.012265834076717217,0.03367528991971454,0.012711864406779662,0.03367528991971454,0.0,0.007805530776092774,0.012711864406779662,0.03367528991971454,0.012934879571810883,0.03278322925958965,0.014719000892060661,0.06289027653880463,0.02408563782337199,0.08140053523639608
United_States_000534.jpg,longitudinal crack,damage,0.024157624214734438,0.030553969160479727,0.03083952027412907,0.034551684751570534,0.024614505996573388,0.03049685893774986,0.02324386065105654,0.03637921187892633,0.011707595659623073,0.06790405482581383,0.022844089091947458,0.035922330097087375,0.023814962878355224,0.02918332381496288,0.10194174757281553,0.19103369503141063,0.12467161621930326,0.2782981153626499
United_States_000534.jpg,longitudinal crack,control,0.0037121644774414622,0.005311250713877784,0.004683038263849229,0.006453455168475157,0.0036550542547115934,0.005425471159337522,0.0038263849229011994,0.0053683609366076525,0.0001142204454597373,0.008680753854940035,0.003997715591090805,0.005596801827527128,0.0035408338092518562,0.004911479154768704,0.060137064534551685,0.1251284980011422,0.06573386636207881,0.1480868075385494
United_States_000534.jpg,longitudinal crack,damage,0.021527777777777778,0.060069444444444446,0.021180555555555557,0.06076388888888889,0.021180555555555557,0.058680555555555555,0.021875,0.060069444444444446,0.0006944444444444445,0.010416666666666666,0.021875,0.060069444444444446,0.021527777777777778,0.059027777777777776,0.049305555555555554,0.17326388888888888,0.019791666666666666,0.030208333333333334
United_States_000534.jpg,longitudinal crack,control,0.0,0.0,0.0,0.0,0.0,0.0,0.0,0.0,0.0,0.0,0.0,0.0,0.0,0.0,0.0875,0.14097222222222222,0.001736111111111111,0.006597222222222222
United_States_000534.jpg,longitudinal crack,damage,0.032116532116532114,0.036855036855036855,0.032994032994032994,0.037732537732537735,0.032116532116532114,0.036504036504036504,0.03123903123903124,0.03615303615303615,0.0026325026325026324,0.03123903123903124,0.031063531063531064,0.03597753597753598,0.03176553176553176,0.0358020358020358,0.10319410319410319,0.14373464373464373,0.07722007722007722,0.17234117234117233
United_States_000534.jpg,longitudinal crack,control,0.0019305019305019305,0.0022815022815022815,0.0026325026325026324,0.003861003861003861,0.002106002106002106,0.0026325026325026324,0.0022815022815022815,0.002808002808002808,0.0,0.000351000351000351,0.002106002106002106,0.0026325026325026324,0.001755001755001755,0.0019305019305019305,0.06914706914706915,0.14777114777114778,0.11863811863811864,0.1525096525096525
United_States_000534.jpg,longitudinal crack,damage,0.041451990632318504,0.1793911007025761,0.042388758782201406,0.17962529274004685,0.042388758782201406,0.1810304449648712,0.04285714285714286,0.17611241217798596,0.016627634660421546,0.041217798594847775,0.04262295081967213,0.1758782201405152,0.04028103044496487,0.17353629976580795,0.08922716627634661,0.1449648711943794,0.1271662763466042,0.23981264637002342
United_States_000534.jpg,longitudinal crack,control,0.020140515222482436,0.034660421545667446,0.01873536299765808,0.03395784543325527,0.020374707259953162,0.034192037470725994,0.020608899297423888,0.03583138173302108,0.000234192037470726,0.003044496487119438,0.020608899297423888,0.03583138173302108,0.018969555035128805,0.029976580796252927,0.054332552693208434,0.09976580796252928,0.020374707259953162,0.03114754098360656
United_States_000543.jpg,transverse crack,damage,0.002404643449419569,0.00472636815920398,0.002321724709784411,0.0043946932006633495,0.002570480928689884,0.00472636815920398,0.001824212271973466,0.005306799336650083,0.001990049751243781,0.00812603648424544,0.002321724709784411,0.0043946932006633495,0.0038142620232172473,0.006135986733001658,0.0,0.002902155887230514,8.291873963515754e-05,0.00041459369817578774
United_States_000543.jpg,transverse crack,control,0.01990049751243781,0.11235489220563848,0.024875621890547265,0.1181592039800995,0.021061359867330015,0.11343283582089553,0.01857379767827529,0.11533996683250415,0.03291873963515755,0.05149253731343283,0.024875621890547265,0.1181592039800995,0.024626865671641792,0.1181592039800995,0.0007462686567164179,0.0052238805970149255,0.023714759535655057,0.0625207296849088
United_States_000543.jpg,longitudinal crack,damage,0.00777511961722488,0.009569377990430622,0.007177033492822967,0.008971291866028708,0.00777511961722488,0.009569377990430622,0.00777511961722488,0.010167464114832535,0.0029904306220095694,0.02930622009569378,0.007177033492822967,0.008971291866028708,0.01076555023923445,0.01375598086124402,0.0,0.0,0.0,0.0
United_States_000543.jpg,longitudinal crack,control,0.0011961722488038277,0.0035885167464114833,0.0011961722488038277,0.0035885167464114833,0.0011961722488038277,0.0035885167464114833,0.0011961722488038277,0.0035885167464114833,0.005980861244019139,0.02751196172248804,0.0011961722488038277,0.0035885167464114833,0.0029904306220095694,0.007177033492822967,0.0,0.0,0.0,0.0
United_States_000549.jpg,alligator crack,damage,0.054943778459251,0.08045256017098783,0.054688226001300994,0.08414645479044698,0.05459529783477372,0.079662670755506,0.05643062912368739,0.10856333054548833,0.027924914041445963,0.10507852430071554,0.05601245237431465,0.10819161787937924,0.06658303131679212,0.1005250441408791,0.006086794907536474,0.028180466499395967,0.023510826131400427,0.09836446426911997
United_States_000549.jpg,alligator crack,control,0.08005761546324691,0.13567512312982064,0.07394758851407862,0.12914691943127962,0.08173032246073784,0.13758015054362976,0.08307778087538333,0.14327200074342533,0.10698355171452467,0.21333983830499023,0.08370504599944244,0.13990335470681164,0.10233714338816095,0.16998884862001673,0.019027042096459435,0.03693894619459158,0.05796394387138742,0.16473840721122573
United_States_000549.jpg,transverse crack,damage,0.10807291666666667,0.18424479166666666,0.10416666666666667,0.18489583333333334,0.107421875,0.185546875,0.11328125,0.18359375,0.05078125,0.08333333333333333,0.11328125,0.18359375,0.12434895833333333,0.20768229166666666,0.0,0.00390625,0.028645833333333332,0.039713541666666664
United_States_000549.jpg,transverse crack,control,0.007161458333333333,0.009114583333333334,0.01171875,0.013020833333333334,0.0078125,0.009765625,0.005859375,0.009765625,0.0,0.0032552083333333335,0.005859375,0.009765625,0.011067708333333334,0.013020833333333334,0.0,0.0,0.0,0.0
United_States_000691.jpg,transverse crack,damage,0.18904078888390857,0.2289332138054684,0.15676826535186014,0.1991259524876737,0.1867996414164052,0.2264679515912147,0.20842671447781264,0.2567234424025101,0.005042581801882564,0.15407888839085612,0.15531151949798297,0.19856566562079786,0.21167637830569253,0.26501568803227255,0.003809950694755715,0.010869565217391304,0.23744957418198118,0.2985208426714478
United_States_000691.jpg,transverse crack,control,0.007283729269385926,0.015688032272523533,0.006835499775885253,0.016024204392649035,0.008404303003137607,0.017256835499775885,0.009188704616763783,0.017593007619901388,0.0,0.0005602868668758404,0.0062752129090094125,0.01467951591214702,0.012998655311519497,0.023532048408785297,0.00022411474675033618,0.0011205737337516809,0.017144778126400716,0.017817122366651724
United_States_000691.jpg,transverse crack,damage,0.01875,0.035526315789473684,0.021710526315789475,0.03958333333333333,0.018530701754385964,0.035964912280701755,0.01875,0.03574561403508772,0.000986842105263158,0.014802631578947368,0.018421052631578946,0.03464912280701754,0.022587719298245615,0.041008771929824564,0.001206140350877193,0.0018640350877192982,0.019956140350877193,0.037719298245614034
United_States_000691.jpg,transverse crack,control,0.07203947368421053,0.10208333333333333,0.046600877192982455,0.0793859649122807,0.07149122807017544,0.10208333333333333,0.09331140350877193,0.12763157894736843,0.004714912280701754,0.1299342105263158,0.04462719298245614,0.07554824561403509,0.09013157894736842,0.12664473684210525,0.0005482456140350877,0.01030701754385965,0.15910087719298247,0.1944078947368421
United_States_000700.jpg,longitudinal crack,damage,0.03048780487804878,0.07164634146341463,0.022865853658536585,0.06097560975609756,0.03201219512195122,0.07317073170731707,0.03048780487804878,0.07164634146341463,0.004573170731707317,0.041158536585365856,0.03048780487804878,0.07164634146341463,0.027439024390243903,0.06707317073170732,0.0,0.0,0.0,0.0
United_States_000700.jpg,longitudinal crack,control,0.013719512195121951,0.17378048780487804,0.006097560975609756,0.16310975609756098,0.013719512195121951,0.17378048780487804,0.013719512195121951,0.1722560975609756,0.036585365853658534,0.039634146341463415,0.013719512195121951,0.1722560975609756,0.012195121951219513,0.17073170731707318,0.0,0.0,0.0,0.0
United_States_000700.jpg,longitudinal crack,damage,0.01948790896159317,0.049857752489331435,0.014438122332859175,0.040825035561877665,0.019559032716927455,0.05,0.019167852062588905,0.049857752489331435,0.014580369843527738,0.04061166429587482,0.019203413940256046,0.049928876244665715,0.01763869132290185,0.046763869132290185,0.0003911806543385491,0.0004978662873399715,0.0011024182076813656,0.010810810810810811
United_States_000700.jpg,longitudinal crack,control,0.10682788051209104,0.190398293029872,0.09039829302987197,0.16013513513513514,0.10732574679943101,0.18961593172119487,0.10889046941678521,0.19473684210526315,0.13961593172119488,0.3171408250355619,0.10672119487908961,0.19071834992887624,0.10778805120910384,0.18830014224751068,0.033072546230440966,0.06404694167852062,0.0926031294452347,0.1873044096728307
United_States_000753.jpg,alligator crack,damage,0.047129878174685114,0.06752013214949412,0.04444559157546975,0.06602312616147016,0.04790419161676647,0.06819120379929795,0.03763163328515383,0.04857526326657031,0.01244063596944043,0.02193888085897171,0.047439603551517655,0.06762337394177163,0.04661366921329754,0.06385504852364238,0.00010324179227751394,0.0006194507536650836,0.013163328515383026,0.01770596737559364
United_States_000753.jpg,alligator crack,control,0.10153830270493495,0.16900681395829031,0.1044806937848441,0.17102002890770185,0.10236423704315507,0.16905843485442906,0.08749741895519306,0.1458806524881272,0.0344311377245509,0.11304976254387776,0.10262234152384886,0.17323972744166838,0.10231261614701631,0.16632252735907496,0.00681395829031592,0.023126161470163123,0.05125954986578567,0.09395003097253768
United_States_000753.jpg,longitudinal crack,damage,0.02524822695035461,0.04297872340425532,0.023829787234042554,0.04368794326241135,0.025390070921985815,0.04382978723404255,0.01829787234042553,0.027092198581560284,0.0,0.0028368794326241137,0.02553191489361702,0.04297872340425532,0.02368794326241135,0.03801418439716312,0.0,0.0,0.0,0.0
United_States_000753.jpg,longitudinal crack,control,0.013617021276595745,0.08794326241134752,0.015886524822695036,0.08822695035460992,0.013900709219858157,0.08865248226950355,0.004680851063829788,0.07404255319148936,0.005390070921985815,0.010921985815602837,0.01347517730496454,0.08893617021276595,0.012198581560283688,0.0849645390070922,0.0,0.0,0.000425531914893617,0.0043971631205673755
United_States_000766.jpg,longitudinal crack,damage,0.024527711094875275,0.02463208433357687,0.01951779563719862,0.01962216887590022,0.024214591378770484,0.02431896461747208,0.02807640121072957,0.028180774449431165,0.0,0.0077236196639181715,0.025153950527084856,0.02525832376578645,0.026823922346310407,0.026928295585012002,0.005323035173781443,0.005636154889886233,0.021709633649932156,0.02807640121072957
United_States_000766.jpg,longitudinal crack,control,0.0,0.00010437323870159691,0.00010437323870159691,0.00020874647740319382,0.00010437323870159691,0.00020874647740319382,0.0,0.00020874647740319382,0.0,0.0,0.00010437323870159691,0.00020874647740319382,0.00031311971610479075,0.00041749295480638765,0.0,0.0,0.00010437323870159691,0.003966183070660683
United_States_000766.jpg,longitudinal crack,damage,0.004024767801857585,0.0043343653250774,0.004024767801857585,0.0043343653250774,0.0046439628482972135,0.004953560371517028,0.004024767801857585,0.0046439628482972135,0.0,0.004024767801857585,0.004024767801857585,0.0043343653250774,0.005263157894736842,0.005572755417956657,0.0,0.0,0.0,0.0037151702786377707
United_States_000766.jpg,longitudinal crack,control,0.0,0.00030959752321981426,0.00030959752321981426,0.0006191950464396285,0.00030959752321981426,0.0006191950464396285,0.0,0.00030959752321981426,0.0,0.0,0.00030959752321981426,0.0006191950464396285,0.0006191950464396285,0.0009287925696594427,0.0,0.0,0.00030959752321981426,0.005572755417956657
United_States_000805.jpg,longitudinal crack,damage,0.02141475545730865,0.038270240397899974,0.021691074882564245,0.03785576126001658,0.02141475545730865,0.03840840011052777,0.02127659574468085,0.038270240397899974,0.0011052777010223818,0.04200055263885051,0.02127659574468085,0.038270240397899974,0.029289859077093118,0.04780326056921801,0.03163857419176568,0.050428295109146176,0.014230450400663166,0.028184581376070737
United_States_000805.jpg,longitudinal crack,control,0.01036197844708483,0.08344846642718984,0.01091461729759602,0.08386294556507322,0.01091461729759602,0.08358662613981763,0.011467256148107213,0.08496822326609561,0.004559270516717325,0.06438242608455375,0.01160541586073501,0.0851063829787234,0.01878972091738049,0.09436308372478586,0.07515888366952196,0.10182370820668693,0.06894169660127107,0.20433821497651286
United_States_000805.jpg,longitudinal crack,damage,0.029871342181095013,0.061650229311254516,0.029384309428142377,0.0581192418523479,0.029911928243841066,0.06160964324850846,0.030033686432079224,0.06201550387596899,0.021145338690693617,0.05361418888753602,0.030033686432079224,0.06197491781322294,0.03287471082430293,0.06497828645643086,0.007914282235480337,0.050204959616867564,0.047363935224643855,0.09302325581395349
United_States_000805.jpg,longitudinal crack,control,0.015179187467023824,0.04184423069118065,0.01526035959251593,0.04233126344413329,0.01526035959251593,0.04192540281667276,0.015341531718008035,0.041681886440196436,0.0012175818823815902,0.02946548155363448,0.015300945655261983,0.041681886440196436,0.022322334510329153,0.05182840212670969,0.01526035959251593,0.0452534599618491,0.04752627947562807,0.08295791225293234
United_States_000805.jpg,longitudinal crack,damage,0.06684491978609626,0.08065953654188948,0.06417112299465241,0.07754010695187166,0.06951871657754011,0.08333333333333333,0.06684491978609626,0.08021390374331551,0.03877005347593583,0.12344028520499109,0.06639928698752229,0.07976827094474154,0.07442067736185383,0.08957219251336898,0.11809269162210338,0.2393048128342246,0.11675579322638147,0.3235294117647059
United_States_000805.jpg,longitudinal crack,control,0.007575757575757576,0.0213903743315508,0.007575757575757576,0.02094474153297683,0.007575757575757576,0.021836007130124777,0.007575757575757576,0.021836007130124777,0.0053475935828877,0.04500891265597148,0.007575757575757576,0.022281639928698752,0.0106951871657754,0.02540106951871658,0.026737967914438502,0.06550802139037433,0.09358288770053476,0.24331550802139038
United_States_000827.jpg,longitudinal crack,damage,0.03677333333333333,0.0712,0.0368,0.072,0.03656,0.0712,0.037066666666666664,0.07138666666666667,0.03416,0.06522666666666667,0.03704,0.07144,0.036213333333333333,0.06949333333333334,5.333333333333333e-05,0.0002933333333333333,0.0036533333333333335,0.006053333333333333
United_States_000827.jpg,longitudinal crack,control,0.10421333333333334,0.19005333333333332,0.1092,0.19704,0.10594666666666666,0.19522666666666666,0.09744,0.18453333333333333,0.20397333333333334,0.39042666666666664,0.11845333333333333,0.2088,0.11408,0.20085333333333333,0.05637333333333333,0.08746666666666666,0.12048,0.25997333333333333
United_States_000856.jpg,transverse crack,damage,0.022718253968253967,0.03194444444444444,0.02013888888888889,0.029166666666666667,0.023412698412698413,0.03273809523809524,0.023015873015873017,0.03204365079365079,0.006845238095238095,0.039285714285714285,0.022916666666666665,0.03194444444444444,0.025992063492063493,0.033035714285714286,0.0,0.0,0.01498015873015873,0.019444444444444445
United_States_000856.jpg,transverse crack,control,0.006547619047619048,0.011408730158730158,0.006646825396825397,0.011805555555555555,0.006646825396825397,0.011408730158730158,0.006547619047619048,0.011706349206349206,0.0,0.00882936507936508,0.006646825396825397,0.011805555555555555,0.00873015873015873,0.012698412698412698,0.0001984126984126984,0.0005952380952380953,0.0,0.00029761904761904765
United_States_000856.jpg,transverse crack,damage,0.005165289256198347,0.005165289256198347,0.005165289256198347,0.005165289256198347,0.005165289256198347,0.005165289256198347,0.005165289256198347,0.005165289256198347,0.0,0.0030991735537190084,0.005165289256198347,0.005165289256198347,0.005681818181818182,0.005681818181818182,0.0,0.0,0.0,0.0
United_States_000856.jpg,transverse crack,control,0.0015495867768595042,0.002066115702479339,0.0015495867768595042,0.002066115702479339,0.0015495867768595042,0.002066115702479339,0.0015495867768595042,0.0030991735537190084,0.0,0.0010330578512396695,0.0015495867768595042,0.0030991735537190084,0.0025826446280991736,0.0030991735537190084,0.0,0.0,0.0,0.0
United_States_000911.jpg,transverse crack,damage,0.0012919896640826874,0.0035529715762273903,0.0012919896640826874,0.001614987080103359,0.0012919896640826874,0.003875968992248062,0.0012919896640826874,0.012596899224806201,0.03359173126614987,0.104328165374677,0.0012919896640826874,0.001614987080103359,0.004521963824289405,0.007751937984496124,0.002583979328165375,0.002583979328165375,0.0006459948320413437,0.01905684754521964
United_States_000911.jpg,transverse crack,control,0.041666666666666664,0.09496124031007752,0.014211886304909561,0.028746770025839793,0.041343669250646,0.09302325581395349,0.05717054263565891,0.1514857881136951,0.1343669250645995,0.20445736434108527,0.02260981912144703,0.05555555555555555,0.04780361757105943,0.1020671834625323,0.015180878552971577,0.020348837209302327,0.05135658914728682,0.1902454780361757
United_States_000936.jpg,longitudinal crack,damage,0.03130511463844797,0.03262786596119929,0.027336860670194002,0.028659611992945325,0.03130511463844797,0.03218694885361552,0.03130511463844797,0.03262786596119929,0.0,0.006613756613756613,0.028659611992945325,0.0291005291005291,0.029541446208112873,0.029982363315696647,0.0,0.0,0.012786596119929453,0.01895943562610229
United_States_000936.jpg,longitudinal crack,control,0.0008818342151675485,0.0008818342151675485,0.0008818342151675485,0.0008818342151675485,0.0008818342151675485,0.0008818342151675485,0.0008818342151675485,0.0008818342151675485,0.0,0.0,0.0008818342151675485,0.0008818342151675485,0.0008818342151675485,0.0008818342151675485,0.0,0.0,0.0,0.0
United_States_000983.jpg,longitudinal crack,damage,0.03017241379310345,0.03282493368700265,0.03498010610079576,0.04161140583554376,0.03083554376657825,0.033156498673740056,0.03464854111405836,0.03746684350132626,0.0003315649867374005,0.002486737400530504,0.033819628647214856,0.036637931034482756,0.03945623342175066,0.04343501326259947,0.0,0.0,0.0008289124668435014,0.0011604774535809018
United_States_000983.jpg,longitudinal crack,control,0.0633289124668435,0.0636604774535809,0.0643236074270557,0.06647877984084881,0.0615053050397878,0.0620026525198939,0.07311007957559681,0.07360742705570292,0.0014920424403183023,0.0028183023872679043,0.07029177718832891,0.07078912466843501,0.07659151193633952,0.07791777188328912,0.0,0.0,0.0044761273209549075,0.0044761273209549075
United_States_001031.jpg,longitudinal crack,damage,0.015202702702702704,0.01756756756756757,0.010810810810810811,0.011824324324324325,0.014527027027027028,0.016891891891891893,0.010810810810810811,0.011824324324324325,0.0,0.0006756756756756757,0.010810810810810811,0.011824324324324325,0.014864864864864866,0.016216216216216217,0.0,0.0,0.0,0.0
United_States_001031.jpg,longitudinal crack,control,0.0,0.0,0.0,0.0,0.0,0.0,0.0,0.0,0.0,0.0,0.0,0.0,0.0,0.0,0.0,0.0,0.0,0.0
United_States_001052.jpg,transverse crack,damage,0.03532119690311781,0.059887005649717516,0.033730906047290225,0.058882611424984306,0.035781544256120526,0.06093324963381461,0.024649508265327476,0.04042686754551161,0.008160703075957313,0.021803724628583387,0.024565808746599707,0.040468717304875494,0.0366185394433982,0.06038920276208412,0.0020087884494664155,0.003389830508474576,0.015693659761456372,0.023142916928227664
United_States_001052.jpg,transverse crack,control,0.04118016321406152,0.07537141661435447,0.03925507428332287,0.07386482527725466,0.04105461393596987,0.07553881565181,0.03168026783845993,0.05879891190625654,0.02494245658087466,0.04042686754551161,0.031512868801004394,0.05817116551579828,0.04310525214480017,0.07666875915463486,0.0014228918183720443,0.0022598870056497176,0.018706842435655995,0.0276626909395271
United_States_001101.jpg,transverse crack,damage,0.11348684210526316,0.19188596491228072,0.11951754385964912,0.20285087719298245,0.11074561403508772,0.18859649122807018,0.11787280701754387,0.1962719298245614,0.0,0.021929824561403508,0.11513157894736842,0.19572368421052633,0.13212719298245615,0.21929824561403508,0.0,0.0,0.0,0.0
United_States_001101.jpg,transverse crack,control,0.06907894736842106,0.13212719298245615,0.07291666666666667,0.1425438596491228,0.06798245614035088,0.1337719298245614,0.07456140350877193,0.13651315789473684,0.0,0.06633771929824561,0.0712719298245614,0.13596491228070176,0.08333333333333333,0.15679824561403508,0.0,0.0,0.00932017543859649,0.014802631578947368
United_States_001101.jpg,transverse crack,damage,0.03682170542635659,0.062313655336911154,0.03667262969588551,0.06156827668455576,0.036076326774001195,0.06216457960644007,0.03682170542635659,0.06201550387596899,0.0,0.007155635062611807,0.03637447823494335,0.06216457960644007,0.043530113297555156,0.07170542635658915,0.0,0.0,0.0,0.0017889087656529517
United_States_001101.jpg,transverse crack,control,0.03354203935599284,0.06350626118067978,0.03354203935599284,0.06276088252832439,0.03294573643410853,0.06350626118067978,0.03488372093023256,0.06440071556350627,0.0,0.03369111508646393,0.03190220632081097,0.06201550387596899,0.04442456768038163,0.07722122838401908,0.004770423375074538,0.007602862254025045,0.006857483601669648,0.00849731663685152
United_States_001162.jpg,alligator crack,damage,0.02899948559670782,0.042695473251028807,0.02141203703703704,0.030799897119341564,0.022055041152263373,0.030349794238683128,0.021862139917695474,0.030606995884773662,0.024755658436213992,0.0573559670781893,0.02880658436213992,0.04243827160493827,0.026234567901234566,0.03607253086419753,0.00019290123456790122,0.001736111111111111,0.010095164609053497,0.016975308641975308
United_States_001162.jpg,alligator crack,control,0.08359053497942387,0.11168981481481481,0.07664609053497942,0.09619341563786009,0.07613168724279835,0.09780092592592593,0.07503858024691358,0.09780092592592593,0.060699588477366256,0.17335390946502058,0.08609825102880658,0.11419753086419752,0.08378343621399177,0.10963220164609054,0.006172839506172839,0.011445473251028807,0.0666795267489712,0.10796039094650206
United_States_001162.jpg,longitudinal crack,damage,0.0244140625,0.03766741071428571,0.015764508928571428,0.023018973214285716,0.016043526785714284,0.022879464285714284,0.016043526785714284,0.023018973214285716,0.016183035714285716,0.028878348214285716,0.024274553571428572,0.03822544642857143,0.021623883928571428,0.031110491071428572,0.0,0.0,0.004324776785714286,0.004324776785714286
United_States_001162.jpg,longitudinal crack,control,0.008649553571428572,0.014508928571428572,0.004603794642857143,0.007533482142857143,0.004045758928571429,0.007393973214285714,0.003627232142857143,0.006556919642857143,0.0009765625,0.007254464285714286,0.009068080357142858,0.014927455357142858,0.007393973214285714,0.011579241071428572,0.0,0.0,0.0,0.0
United_States_001303.jpg,longitudinal crack,damage,0.034023668639053255,0.04585798816568047,0.03328402366863906,0.04659763313609468,0.034023668639053255,0.04659763313609468,0.031804733727810654,0.04585798816568047,0.0,0.019970414201183433,0.03328402366863906,0.04659763313609468,0.038461538461538464,0.053994082840236685,0.0,0.0,0.0,0.0
United_States_001303.jpg,longitudinal crack,control,0.009615384615384616,0.03994082840236687,0.010355029585798817,0.038461538461538464,0.009615384615384616,0.040680473372781065,0.009615384615384616,0.04659763313609468,0.0007396449704142012,0.0036982248520710057,0.010355029585798817,0.038461538461538464,0.013313609467455622,0.05103550295857988,0.0,0.0,0.0,0.0
United_States_001303.jpg,alligator crack,damage,0.014420485175202157,0.02446091644204852,0.015296495956873315,0.024764150943396228,0.014588948787061995,0.024663072776280322,0.014218328840970351,0.024696765498652292,0.00431266846361186,0.0125,0.014892183288409704,0.02486522911051213,0.017149595687331536,0.028369272237196767,6.738544474393532e-05,6.738544474393532e-05,0.0009097035040431267,0.005795148247978436
United_States_001303.jpg,alligator crack,control,0.0032681940700808624,0.01950808625336927,0.004750673854447439,0.017722371967654988,0.0031671159029649596,0.01950808625336927,0.0034366576819407006,0.02142857142857143,0.0318733153638814,0.046799191374663075,0.003807277628032345,0.018733153638814014,0.004009433962264151,0.02082210242587601,0.0009097035040431267,0.001078167115902965,0.003807277628032345,0.029413746630727763
United_States_001314.jpg,longitudinal crack,damage,0.036616161616161616,0.06186868686868687,0.03156565656565657,0.03156565656565657,0.03409090909090909,0.056818181818181816,0.025252525252525252,0.05555555555555555,0.0025252525252525255,0.11616161616161616,0.025252525252525252,0.05555555555555555,0.04292929292929293,0.06818181818181818,0.0025252525252525255,0.05303030303030303,0.023989898989898988,0.10732323232323232
United_States_001314.jpg,longitudinal crack,control,0.015151515151515152,0.10606060606060606,0.04040404040404041,0.05808080808080808,0.016414141414141416,0.09974747474747475,0.005050505050505051,0.10606060606060606,0.023989898989898988,0.4696969696969697,0.005050505050505051,0.10479797979797979,0.017676767676767676,0.10479797979797979,0.003787878787878788,0.10732323232323232,0.015151515151515152,0.38762626262626265
United_States_001314.jpg,transverse crack,damage,0.030677655677655676,0.10943223443223443,0.020604395604395604,0.09203296703296704,0.03250915750915751,0.11126373626373626,0.019688644688644688,0.09157509157509157,0.010531135531135532,0.018315018315018316,0.019688644688644688,0.09157509157509157,0.03159340659340659,0.10805860805860806,0.0,0.0,0.004578754578754579,0.005036630036630037
United_States_001314.jpg,transverse crack,control,0.028846153846153848,0.030677655677655676,0.010073260073260074,0.010531135531135532,0.03250915750915751,0.034340659340659344,0.019230769230769232,0.019688644688644688,0.004578754578754579,0.008241758241758242,0.01694139194139194,0.0173992673992674,0.0347985347985348,0.03663003663003663,0.0,0.0,0.02152014652014652,0.02152014652014652
United_States_001314.jpg,transverse crack,damage,0.016422287390029325,0.025806451612903226,0.013196480938416423,0.01466275659824047,0.016422287390029325,0.025513196480938416,0.008797653958944282,0.020234604105571846,0.013489736070381233,0.045454545454545456,0.008797653958944282,0.01994134897360704,0.017008797653958945,0.026099706744868036,0.0002932551319648094,0.007331378299120235,0.008504398826979473,0.03401759530791789
United_States_001314.jpg,transverse crack,control,0.0002932551319648094,0.015542521994134898,0.0035190615835777126,0.004105571847507331,0.0002932551319648094,0.015249266862170088,0.0,0.017008797653958945,0.00469208211143695,0.10791788856304986,0.0,0.017008797653958945,0.0005865102639296188,0.015542521994134898,0.0011730205278592375,0.00498533724340176,0.001466275659824047,0.0873900293255132
United_States_001314.jpg,longitudinal crack,damage,0.03477690288713911,0.06583552055993001,0.03127734033245844,0.03346456692913386,0.03565179352580927,0.06299212598425197,0.023840769903762028,0.05971128608923885,0.017716535433070866,0.10411198600174978,0.024496937882764653,0.05993000874890639,0.03740157480314961,0.06867891513560805,0.001968503937007874,0.03543307086614173,0.010717410323709537,0.07720909886264217
United_States_001314.jpg,longitudinal crack,control,0.004374453193350831,0.007217847769028871,0.0015310586176727908,0.002405949256342957,0.004374453193350831,0.007217847769028871,0.0015310586176727908,0.002405949256342957,0.0074365704286964126,0.0194663167104112,0.0015310586176727908,0.002405949256342957,0.005249343832020997,0.007874015748031496,0.00021872265966754156,0.001968503937007874,0.004811898512685914,0.012467191601049869
United_States_001356.jpg,longitudinal crack,damage,0.014563586097946288,0.039247630331753554,0.014292061611374408,0.03880331753554502,0.014662322274881517,0.03981536334913112,0.011132503949447077,0.030904423380726697,0.011329976303317536,0.03900078988941548,0.010737559241706161,0.030410742496050552,0.01498321484992101,0.0343108214849921,0.005924170616113744,0.018562401263823063,0.039889415481832544,0.0573904028436019
United_States_001356.jpg,longitudinal crack,control,0.05625493680884676,0.17634281200631913,0.026584715639810425,0.11539790679304897,0.05785939968404424,0.17789790679304898,0.055514415481832544,0.17417061611374407,0.19729956556082148,0.4453988941548183,0.050799763033175356,0.16760466034755134,0.05825434439178515,0.17236868088467613,0.04514711690363349,0.09570003949447077,0.19776856240126384,0.4316745655608215
United_States_001356.jpg,longitudinal crack,damage,0.04094193203104094,0.052983676746052984,0.03773080010703773,0.048434573187048434,0.04067433770404067,0.05244848809205245,0.04013914905004014,0.04763179020604763,0.0008027829810008028,0.06047631790206048,0.03398447952903398,0.04040674337704041,0.041744715012041744,0.04977254482204977,0.004816697886004816,0.004816697886004816,0.10837570243510837,0.11667112657211667
United_States_001356.jpg,longitudinal crack,control,0.00561948086700562,0.009098207118009098,0.00561948086700562,0.009633395772009633,0.00561948086700562,0.009365801445009366,0.004549103559004549,0.006422263848006422,0.0,0.006422263848006422,0.004281509232004281,0.006154669521006155,0.005084292213005084,0.0072250468290072254,0.002408348943002408,0.002408348943002408,0.018196414236018196,0.018999197217019
United_States_001356.jpg,longitudinal crack,damage,0.03235653235653236,0.05317460317460317,0.03192918192918193,0.04896214896214896,0.03217338217338217,0.05231990231990232,0.02551892551892552,0.04566544566544566,0.0016483516483516484,0.03742368742368742,0.02551892551892552,0.04566544566544566,0.02735042735042735,0.04084249084249084,0.004090354090354091,0.0115995115995116,0.00995115995115995,0.060744810744810744
United_States_001356.jpg,longitudinal crack,control,0.03125763125763126,0.06117216117216117,0.03253968253968254,0.05879120879120879,0.031135531135531136,0.060073260073260075,0.03034188034188034,0.05982905982905983,0.010866910866910866,0.05811965811965812,0.030525030525030524,0.057753357753357756,0.028083028083028084,0.05201465201465202,0.010927960927960927,0.02905982905982906,0.050976800976800976,0.13626373626373625
United_States_001356.jpg,longitudinal crack,damage,0.014594184027777778,0.029730902777777776,0.0146484375,0.029188368055555556,0.0146484375,0.030815972222222224,0.0107421875,0.022189670138888888,0.004231770833333333,0.014485677083333334,0.0107421875,0.022135416666666668,0.009168836805555556,0.016710069444444444,0.0026041666666666665,0.005588107638888889,0.024576822916666668,0.04812282986111111
United_States_001356.jpg,longitudinal crack,control,0.026095920138888888,0.062445746527777776,0.027235243055555556,0.06212022569444445,0.025607638888888888,0.061848958333333336,0.019476996527777776,0.046549479166666664,0.010308159722222222,0.03700086805555555,0.019476996527777776,0.04627821180555555,0.019748263888888888,0.043294270833333336,0.001193576388888889,0.002387152777777778,0.017686631944444444,0.03634982638888889
United_States_001370.jpg,longitudinal crack,damage,0.02557796360059026,0.028845478181434896,0.0245590612044129,0.02779144121987211,0.025859040123673672,0.029372496662216287,0.025156348815965148,0.028002248612184668,0.008045815473262595,0.053966692432014615,0.025367156208277702,0.028037383177570093,0.024418522942871196,0.026210385777527934,0.002916168926990373,0.005832337853980746,0.03183191623919612,0.05842878223596374
United_States_001370.jpg,longitudinal crack,control,0.017040264211931697,0.06907455554774787,0.02466446490056918,0.06946103576698756,0.01830510856580704,0.07002318881315438,0.015388939638816667,0.0750122970978849,0.12462230342210667,0.24362307638254516,0.023223947719766706,0.07459068231325978,0.023540158808235543,0.07423933665940552,0.03755885039702059,0.06988265055161268,0.08843370107511771,0.2306584217553229
United_States_001370.jpg,transverse crack,damage,0.05808823529411765,0.059926470588235296,0.04963235294117647,0.05220588235294118,0.058823529411764705,0.06102941176470588,0.05808823529411765,0.06066176470588235,0.0,0.007352941176470588,0.05808823529411765,0.06066176470588235,0.054044117647058826,0.05514705882352941,0.0,0.0,0.036397058823529414,0.040808823529411765
United_States_001370.jpg,transverse crack,control,0.008823529411764706,0.010294117647058823,0.009926470588235294,0.015808823529411764,0.008823529411764706,0.010294117647058823,0.008455882352941176,0.009926470588235294,0.0,0.001838235294117647,0.008455882352941176,0.009926470588235294,0.008823529411764706,0.009191176470588236,0.0,0.0,0.04301470588235294,0.04448529411764706
United_States_001483.jpg,longitudinal crack,damage,0.002173913043478261,0.02717391304347826,0.005434782608695652,0.03934782608695652,0.001956521739130435,0.027391304347826086,0.002826086956521739,0.023695652173913045,0.007173913043478261,0.008695652173913044,0.004130434782608695,0.028478260869565217,0.002826086956521739,0.026304347826086958,0.002391304347826087,0.002391304347826087,0.0004347826086956522,0.0004347826086956522
United_States_001483.jpg,longitudinal crack,control,0.0026086956521739132,0.0782608695652174,0.0036956521739130435,0.13217391304347825,0.0026086956521739132,0.08217391304347826,0.002826086956521739,0.06260869565217392,0.0006521739130434783,0.004782608695652174,0.004565217391304348,0.08304347826086957,0.003260869565217391,0.07260869565217391,0.0013043478260869566,0.004347826086956522,0.002391304347826087,0.002391304347826087
United_States_001483.jpg,longitudinal crack,damage,0.03070175438596491,0.03956319369853204,0.026047261009667026,0.038131041890440386,0.029359112065878983,0.03804153240243466,0.03983172216254923,0.04940923737916219,0.011725742928750447,0.04815610454708199,0.03276047261009667,0.04242749731471536,0.03553526673827426,0.04439670605084139,0.0026852846401718583,0.005639097744360902,0.028105979233798782,0.02819548872180451
United_States_001483.jpg,longitudinal crack,control,0.023630504833512353,0.025510204081632654,0.023451485857500894,0.026584317937701395,0.02309344790547798,0.025331185105621195,0.02685284640171858,0.02891156462585034,0.0030433225921947726,0.003669889008234873,0.027747941281775868,0.031238811313999283,0.024883637665592553,0.02685284640171858,0.005281059792337988,0.006176154672395274,0.007250268528464017,0.007250268528464017
United_States_001491.jpg,longitudinal crack,damage,0.012538311507383673,0.0199684220302777,0.009659143679762236,0.017460759728800967,0.012352558744311322,0.019875545648741524,0.013095569796600724,0.02052568031949475,0.008730379864400483,0.017089254202656265,0.01300269341506455,0.020432803937958578,0.014117209993498653,0.020711433082567104,0.0023219095384043836,0.00399368440605554,0.024612241107086468,0.03557165412835516
United_States_001491.jpg,longitudinal crack,control,0.014024333611962477,0.01894678183337977,0.012538311507383673,0.018482399925698896,0.014302962756571004,0.019225410977988296,0.014302962756571004,0.019132534596452123,0.009101885390545184,0.017739388873409492,0.014302962756571004,0.019132534596452123,0.014860221045788055,0.019318287359524473,0.0,0.0001857527630723507,0.011238042165877217,0.013281322559673075
United_States_001491.jpg,transverse crack,damage,0.016883116883116882,0.023376623376623377,0.016883116883116882,0.02077922077922078,0.016883116883116882,0.023376623376623377,0.012987012987012988,0.09610389610389611,0.0,0.17012987012987013,0.012987012987012988,0.09610389610389611,0.016883116883116882,0.023376623376623377,0.00909090909090909,0.0987012987012987,0.0,0.2025974025974026
United_States_001491.jpg,transverse crack,control,0.011688311688311689,0.016883116883116882,0.011688311688311689,0.015584415584415584,0.01038961038961039,0.014285714285714285,0.012987012987012988,0.04025974025974026,0.0025974025974025974,0.07012987012987013,0.012987012987012988,0.04025974025974026,0.011688311688311689,0.015584415584415584,0.0,0.048051948051948054,0.007792207792207792,0.09480519480519481
United_States_001491.jpg,longitudinal crack,damage,0.02363102998696219,0.027379400260756193,0.022653194263363756,0.026727509778357236,0.02346805736636245,0.02770534550195567,0.02363102998696219,0.027053455019556714,0.00016297262059973924,0.014667535853976532,0.02346805736636245,0.026890482398956975,0.024119947848761408,0.027053455019556714,0.0017926988265971316,0.005215123859191656,0.010104302477183833,0.01939374185136897
United_States_001491.jpg,longitudinal crack,control,0.0017926988265971316,0.007822685788787484,0.0016297262059973925,0.007659713168187744,0.001955671447196871,0.008311603650586702,0.00211864406779661,0.00847457627118644,0.0008148631029986962,0.00423728813559322,0.00211864406779661,0.00847457627118644,0.00211864406779661,0.007496740547588005,0.0,0.0,0.004074315514993481,0.006192959582790091
United_States_001491.jpg,longitudinal crack,damage,0.021739130434782608,0.024772497472194135,0.021233569261880688,0.024266936299292215,0.021739130434782608,0.024772497472194135,0.021233569261880688,0.024772497472194135,0.0,0.019716885743174924,0.021233569261880688,0.024772497472194135,0.021739130434782608,0.023761375126390292,0.0,0.0010111223458038423,0.0005055611729019212,0.00910010111223458
United_States_001491.jpg,longitudinal crack,control,0.0025278058645096056,0.010616784630940344,0.0005055611729019212,0.004044489383215369,0.0025278058645096056,0.010616784630940344,0.005561172901921132,0.014661274014155713,0.006066734074823054,0.008088978766430738,0.005561172901921132,0.014155712841253791,0.005055611729019211,0.014661274014155713,0.0,0.0,0.015672396359959553,0.01820020222446916
United_States_001554.jpg,transverse crack,damage,0.033927056827820185,0.043850720949957595,0.03358778625954199,0.044529262086514,0.033502968617472435,0.04359626802374894,0.03460559796437659,0.04495335029686175,0.02561492790500424,0.13002544529262086,0.03333333333333333,0.043172179813401185,0.04122137404580153,0.05335029686174724,0.0013570822731128074,0.0018659881255301102,0.14376590330788805,0.3139949109414758
United_States_001554.jpg,transverse crack,control,0.009329940627650551,0.013146734520780322,0.009923664122137405,0.013486005089058525,0.009669211195928753,0.013570822731128074,0.0090754877014419,0.013740458015267175,0.04071246819338423,0.13519932145886343,0.009923664122137405,0.013655640373197626,0.012044105173876166,0.016963528413910092,0.005682782018659881,0.00882103477523325,0.12748091603053435,0.30127226463104323
United_States_001554.jpg,longitudinal crack,damage,0.044444444444444446,0.06742424242424243,0.04318181818181818,0.06717171717171717,0.044444444444444446,0.06742424242424243,0.0452020202020202,0.0691919191919192,0.0035353535353535356,0.0691919191919192,0.043686868686868684,0.06641414141414141,0.05454545454545454,0.08333333333333333,0.0007575757575757576,0.0007575757575757576,0.04722222222222222,0.16287878787878787
United_States_001554.jpg,longitudinal crack,control,0.0015151515151515152,0.00202020202020202,0.0015151515151515152,0.0017676767676767678,0.0015151515151515152,0.00202020202020202,0.0015151515151515152,0.00202020202020202,0.0,0.012121212121212121,0.0015151515151515152,0.00202020202020202,0.0025252525252525255,0.0030303030303030303,0.0,0.0,0.007828282828282828,0.1505050505050505
United_States_001554.jpg,transverse crack,damage,0.0760079312623926,0.1116986120290813,0.07666886979510905,0.1116986120290813,0.07732980832782552,0.11269001982815598,0.07468605419695969,0.10905485789821547,0.0036351619299405157,0.07799074686054197,0.07732980832782552,0.11269001982815598,0.08460013218770654,0.12425644415069398,0.0,0.0,0.0,0.09715796430931924
United_States_001554.jpg,transverse crack,control,0.016523463317911435,0.033707865168539325,0.015532055518836747,0.03205551883674818,0.016523463317911435,0.03304692663582287,0.01520158625247852,0.03238598810310641,0.0036351619299405157,0.03007270323859881,0.016523463317911435,0.03304692663582287,0.021480502313284865,0.040978189028420355,0.0,0.0,0.023463317911434238,0.06378056840713814
United_States_001554.jpg,transverse crack,damage,0.03929587482219061,0.05992176386913229,0.03965149359886202,0.06063300142247511,0.039473684210526314,0.06063300142247511,0.03929587482219061,0.0602773826458037,0.006223328591749644,0.05387624466571835,0.03929587482219061,0.060455192034139404,0.04623044096728307,0.0688122332859175,0.0,0.0,0.11806543385490754,0.16447368421052633
United_States_001554.jpg,transverse crack,control,0.014046941678520625,0.02791607396870555,0.013513513513513514,0.02809388335704125,0.014402560455192033,0.02809388335704125,0.013691322901849217,0.027738264580369845,0.0021337126600284497,0.05725462304409673,0.01422475106685633,0.02791607396870555,0.018847795163584636,0.03396159317211949,0.0,0.0,0.11379800853485064,0.1301564722617354
United_States_001636.jpg,longitudinal crack,damage,0.021683673469387755,0.021683673469387755,0.022108843537414966,0.022108843537414966,0.021683673469387755,0.021683673469387755,0.02295918367346939,0.0233843537414966,0.0,0.011904761904761904,0.02295918367346939,0.0233843537414966,0.022534013605442178,0.022534013605442178,0.0,0.0,0.0,0.006802721088435374
United_States_001636.jpg,longitudinal crack,control,0.06335034013605442,0.10714285714285714,0.050595238095238096,0.10289115646258504,0.06845238095238096,0.11139455782312925,0.06505102040816327,0.10841836734693877,0.23299319727891157,0.46811224489795916,0.07397959183673469,0.11989795918367346,0.0977891156462585,0.15051020408163265,0.06717687074829932,0.12414965986394558,0.1649659863945578,0.3388605442176871
United_States_001636.jpg,transverse crack,damage,0.012411347517730497,0.041371158392434985,0.012411347517730497,0.06914893617021277,0.01182033096926714,0.04196217494089834,0.01182033096926714,0.017139479905437353,0.053782505910165486,0.05614657210401891,0.01182033096926714,0.017139479905437353,0.012411347517730497,0.037825059101654845,0.0,0.0,0.04846335697399527,0.04905437352245863
United_States_001636.jpg,transverse crack,control,0.07860520094562648,0.10460992907801418,0.08687943262411348,0.1359338061465721,0.07801418439716312,0.10638297872340426,0.07505910165484633,0.09574468085106383,0.06973995271867613,0.22281323877068557,0.07505910165484633,0.09515366430260047,0.08215130023640661,0.10638297872340426,0.09160756501182032,0.13770685579196218,0.07210401891252956,0.20981087470449172
United_States_001705.jpg,longitudinal crack,damage,0.0750851712390174,0.09225389994620764,0.0521785906401291,0.0695266272189349,0.07477138246369015,0.09202976510668819,0.07938856015779093,0.0964228079612695,0.038461538461538464,0.08911601219293527,0.07387484310561233,0.09090909090909091,0.07786444324905864,0.0944504213734983,0.0018827326519634212,0.002420656266810113,0.07284382284382285,0.07795409718486641
United_States_001705.jpg,longitudinal crack,control,0.14550833781603012,0.20696611081226465,0.14384974000358616,0.2152590998744845,0.1447014523937601,0.20705576474807244,0.14604626143087682,0.2032454724762417,0.06221983145060068,0.17262865339788416,0.14783934014703246,0.20355926125156895,0.14268423883808498,0.19773175542406313,0.024834140218755605,0.059306078536847766,0.07418863188093958,0.180921642460104
United_States_001705.jpg,longitudinal crack,damage,0.055740248226950354,0.07465277777777778,0.05707003546099291,0.09766548463356974,0.05581412529550828,0.07073729314420804,0.057661052009456266,0.07424645390070922,0.05603575650118203,0.14391252955082742,0.056405141843971635,0.07299054373522458,0.056072695035460994,0.0678191489361702,0.00982565011820331,0.01377807328605201,0.013556442080378251,0.03919178486997636
United_States_001705.jpg,longitudinal crack,control,0.16245567375886524,0.2915558510638298,0.15089391252955084,0.30954491725768324,0.16142139479905437,0.29048463356973997,0.1753472222222222,0.30230496453900707,0.23193705673758866,0.5063164893617021,0.1735372340425532,0.298721926713948,0.16943705673758866,0.28970892434988177,0.11414007092198582,0.21206412529550828,0.21908244680851063,0.4736258865248227
United_States_001710.jpg,longitudinal crack,damage,0.01341927303465765,0.024619611158072697,0.01415891800507185,0.025412087912087912,0.013630600169061707,0.024989433643279796,0.013630600169061707,0.02477810650887574,0.002324598478444632,0.02440828402366864,0.013366441251056635,0.024461115807269652,0.017381656804733726,0.02974429416737109,0.0015321217244294166,0.004437869822485207,0.006445477599323753,0.007079459002535925
United_States_001710.jpg,longitudinal crack,control,0.02224218089602705,0.04395604395604396,0.02176669484361792,0.04395604395604396,0.022453508030431106,0.044114539306847,0.022876162299239222,0.04453719357565512,0.005388841927303466,0.022400676246830092,0.022876162299239222,0.04437869822485207,0.025253592561284868,0.04775993237531699,0.0009509721048182587,0.0011094674556213018,0.0011094674556213018,0.0018491124260355029
United_States_001733.jpg,longitudinal crack,damage,0.014124293785310734,0.026365348399246705,0.01694915254237288,0.025289211729889696,0.013989776701641109,0.024885660478880817,0.014527845036319613,0.03968253968253968,0.017890772128060263,0.060801721818670974,0.014527845036319613,0.03968253968253968,0.027037933817594836,0.04640839386602098,0.006053268765133172,0.022464352972827548,0.010626849609900457,0.046811945117029866
United_States_001733.jpg,longitudinal crack,control,0.030400860909335487,0.059456550981974714,0.034436373419424265,0.041969330104923326,0.029728275490987357,0.04654291094969061,0.041969330104923326,0.18993812214151198,0.10599946193166532,0.3641377454936777,0.0418348130212537,0.18980360505784236,0.042910949690610704,0.09268227064837234,0.03026634382566586,0.12308313155770782,0.09281678773204197,0.3446327683615819
United_States_001783.jpg,longitudinal crack,damage,0.005459001782531194,0.017769607843137254,0.003954991087344028,0.015430035650623886,0.004010695187165776,0.015430035650623886,0.003954991087344028,0.01537433155080214,5.570409982174688e-05,0.0031194295900178253,0.003954991087344028,0.01537433155080214,0.005459001782531194,0.01693404634581105,0.0,0.0,0.0,0.00016711229946524063
United_States_001783.jpg,longitudinal crack,control,0.14193404634581105,0.26788101604278075,0.1051693404634581,0.20220588235294118,0.11798128342245989,0.22571301247771836,0.13118315508021391,0.25635026737967914,0.09079768270944742,0.2540106951871658,0.12862076648841356,0.24476381461675578,0.15602718360071302,0.27829768270944744,0.040998217468805706,0.08918226381461676,0.14834001782531195,0.3121100713012478
United_States_001783.jpg,longitudinal crack,damage,0.030612244897959183,0.03163265306122449,0.026530612244897958,0.026530612244897958,0.026530612244897958,0.026530612244897958,0.027551020408163266,0.027551020408163266,0.0,0.017346938775510204,0.027551020408163266,0.027551020408163266,0.03163265306122449,0.0326530612244898,0.0,0.0,0.0,0.0
United_States_001783.jpg,longitudinal crack,control,0.0020408163265306124,0.0020408163265306124,0.0010204081632653062,0.0010204081632653062,0.0020408163265306124,0.0020408163265306124,0.0020408163265306124,0.0020408163265306124,0.0,0.0010204081632653062,0.0020408163265306124,0.0020408163265306124,0.00510204081632653,0.00510204081632653,0.0,0.0,0.0,0.0
United_States_001813.jpg,longitudinal crack,damage,0.011924342105263159,0.029159813596491228,0.013157894736842105,0.030256304824561403,0.012883771929824562,0.030050712719298246,0.010759320175438597,0.028543037280701754,0.0006510416666666666,0.01195860745614035,0.011239035087719298,0.028680098684210526,0.01435718201754386,0.03169544956140351,0.0005825109649122807,0.0016104714912280702,0.0007538377192982456,0.005722313596491228
United_States_001813.jpg,longitudinal crack,control,0.09727933114035088,0.19846491228070176,0.08926123903508772,0.20082922149122806,0.09823876096491228,0.19849917763157895,0.10070586622807018,0.19932154605263158,0.05982730263157895,0.15748355263157895,0.10187088815789473,0.20154879385964913,0.09916392543859649,0.19274259868421054,0.02676123903508772,0.044956140350877194,0.10673656798245613,0.22306743421052633
United_States_001813.jpg,pothole,damage,0.026737967914438502,0.031194295900178252,0.031194295900178252,0.034759358288770054,0.024955436720142603,0.029411764705882353,0.026737967914438502,0.031194295900178252,0.0,0.008021390374331552,0.030303030303030304,0.0338680926916221,0.031194295900178252,0.04367201426024955,0.0,0.0,0.0,0.012477718360071301
United_States_001813.jpg,pothole,control,0.0,0.0,0.0,0.0,0.0,0.0,0.0,0.0,0.0,0.0,0.0,0.0,0.0,0.0,0.0,0.0,0.0,0.0
United_States_001844.jpg,longitudinal crack,damage,0.03484356476470285,0.07015102314313695,0.01868460388639761,0.03907015102314314,0.03484356476470285,0.06999639193855987,0.01981856605329622,0.03971444770888099,0.0015205401783413225,0.012705530642750373,0.01981856605329622,0.03971444770888099,0.022112262254522962,0.04133807535694036,0.0023452399360857686,0.0025771867429513944,0.0011597340343281275,0.0033245708984072984
United_States_001844.jpg,longitudinal crack,control,0.009844853358074326,0.018993866295551776,0.005051286016184733,0.009612906551208701,0.010025256430080924,0.01914849750012886,0.004973970413896191,0.00987062522550384,0.002628730477810422,0.012138549559301067,0.004973970413896191,0.009844853358074326,0.005979073243647235,0.010360290706664605,0.0023710118035152826,0.005128601618473274,0.0028606772846760478,0.00523168908819133
United_States_001908.jpg,transverse crack,damage,0.0071301247771836,0.09893048128342247,0.008467023172905526,0.06216577540106952,0.0066844919786096255,0.09737076648841354,0.007352941176470588,0.1140819964349376,0.14661319073083778,0.18716577540106952,0.008467023172905526,0.06216577540106952,0.009135472370766489,0.10494652406417113,0.002005347593582888,0.004901960784313725,0.014705882352941176,0.13992869875222816
United_States_001908.jpg,transverse crack,control,0.0,0.04411764705882353,0.0,0.02696078431372549,0.0,0.04344919786096257,0.0,0.056372549019607844,0.09180035650623886,0.09336007130124777,0.0,0.02696078431372549,0.0,0.0481283422459893,0.0002228163992869875,0.0002228163992869875,0.012923351158645277,0.07464349376114082
United_States_001908.jpg,longitudinal crack,damage,0.039819684447783624,0.23891810668670171,0.03280741297270223,0.17255196594039568,0.03931880791384924,0.23516153268219384,0.051590282995241675,0.2734785875281743,0.17655897821187078,0.2619584272476834,0.03355872777360381,0.19083395942900075,0.04583020285499624,0.24492862509391436,0.012772351615326822,0.016278487352867518,0.06235912847483095,0.2789882294014525
United_States_001908.jpg,longitudinal crack,control,0.1592787377911345,0.3851740545955422,0.1149511645379414,0.2837465564738292,0.1590282995241673,0.38266967192587026,0.1760581016779364,0.42023541197094916,0.15126471324818433,0.28424743300776356,0.12271475081392437,0.30478337089907337,0.16128224392687202,0.384923616328575,0.014274981217129978,0.020786376158276984,0.22163786626596543,0.4567993989481593
United_States_002000.jpg,longitudinal crack,damage,0.027413127413127413,0.08120978120978121,0.027284427284427284,0.08236808236808237,0.027284427284427284,0.08172458172458172,0.02844272844272844,0.08133848133848134,0.013642213642213642,0.01583011583011583,0.02844272844272844,0.08133848133848134,0.02483912483912484,0.07631917631917631,0.0,0.0,0.00797940797940798,0.008622908622908623
United_States_002000.jpg,longitudinal crack,control,0.006435006435006435,0.01698841698841699,0.006563706563706564,0.015057915057915058,0.006306306306306306,0.016344916344916346,0.006177606177606178,0.01891891891891892,0.04182754182754183,0.06151866151866152,0.006306306306306306,0.018275418275418277,0.005534105534105534,0.014028314028314028,0.0001287001287001287,0.0001287001287001287,0.004890604890604891,0.008365508365508366
United_States_002000.jpg,transverse crack,damage,0.0017921146953405018,0.02903225806451613,0.011827956989247311,0.011827956989247311,0.0017921146953405018,0.026881720430107527,0.001075268817204301,0.07060931899641577,0.11648745519713262,0.1813620071684588,0.011827956989247311,0.012544802867383513,0.003942652329749104,0.03906810035842294,0.023655913978494623,0.034408602150537634,0.03870967741935484,0.15340501792114694
United_States_002000.jpg,transverse crack,control,0.005734767025089606,0.02114695340501792,0.0025089605734767025,0.008243727598566309,0.005376344086021506,0.01899641577060932,0.01039426523297491,0.04229390681003584,0.14587813620071685,0.22437275985663083,0.002867383512544803,0.008960573476702509,0.007885304659498209,0.02724014336917563,0.0,0.0032258064516129032,0.017204301075268817,0.05412186379928315
United_States_002110.jpg,longitudinal crack,damage,0.015964240102171137,0.04418901660280971,0.01602809706257982,0.04431673052362708,0.016666666666666666,0.04508301404853129,0.016091954022988506,0.04438058748403576,0.0009578544061302681,0.009259259259259259,0.01602809706257982,0.04431673052362708,0.02950191570881226,0.06704980842911877,0.0,0.0,0.0001277139208173691,0.0023627075351213282
United_States_002110.jpg,longitudinal crack,control,0.011877394636015325,0.03933588761174968,0.01136653895274585,0.03908045977011494,0.012005108556832695,0.03908045977011494,0.012579821200510856,0.040421455938697316,6.385696040868455e-05,0.0038314176245210726,0.012515964240102172,0.040229885057471264,0.029246487867177522,0.06711366538952745,0.0,0.0,0.0002554278416347382,0.00140485312899106
United_States_002141.jpg,transverse crack,damage,0.07738095238095238,0.1421957671957672,0.08134920634920635,0.14616402116402116,0.07671957671957672,0.14087301587301587,0.0787037037037037,0.1421957671957672,0.0,0.02447089947089947,0.07738095238095238,0.14087301587301587,0.09457671957671958,0.164021164021164,0.0,0.0,0.0,0.0
United_States_002141.jpg,transverse crack,control,0.015873015873015872,0.036375661375661374,0.017195767195767195,0.037037037037037035,0.01455026455026455,0.03373015873015873,0.01521164021164021,0.03571428571428571,0.0,0.016534391534391533,0.013888888888888888,0.03306878306878307,0.021164021164021163,0.04365079365079365,0.003968253968253968,0.003968253968253968,0.0,0.0
United_States_002141.jpg,longitudinal crack,damage,0.00974025974025974,0.01443001443001443,0.010101010101010102,0.01443001443001443,0.009018759018759018,0.013708513708513708,0.010822510822510822,0.01461038961038961,0.0005411255411255411,0.031024531024531024,0.010461760461760462,0.01443001443001443,0.011724386724386724,0.017316017316017316,0.00018037518037518038,0.0012626262626262627,0.0005411255411255411,0.0005411255411255411
United_States_002141.jpg,longitudinal crack,control,0.016774891774891776,0.03391053391053391,0.016955266955266956,0.03445165945165945,0.016774891774891776,0.03445165945165945,0.018037518037518036,0.035173160173160176,0.0,0.003427128427128427,0.018217893217893216,0.03535353535353535,0.023088023088023088,0.04310966810966811,0.0,0.0,0.0,0.0
United_States_002171.jpg,longitudinal crack,damage,0.01760737205858154,0.09083429323679447,0.01524875212550052,0.08836597005101202,0.017442817179529373,0.09045033185233942,0.01947232735450606,0.09396083593878558,0.01722341067412649,0.08101585212001536,0.01694915254237288,0.09132795787395097,0.020788766386923372,0.09390598431243487,0.00043881301080577037,0.0007130711425593769,0.012615874060665899,0.020020843618013272
United_States_002171.jpg,longitudinal crack,control,0.07635346388020404,0.2278536558608963,0.08172892326257473,0.23361307662772202,0.07772475453897208,0.22845702375075422,0.07799901267072569,0.23421644451757995,0.10345016729746037,0.259009379628106,0.07969941308759805,0.23311941199056552,0.0765180187592562,0.2242883001480994,0.050463496242663594,0.09242499040096538,0.0885853765564149,0.2281279139926499
United_States_002171.jpg,longitudinal crack,damage,0.0178455848358761,0.028663892741562644,0.018400369856680535,0.029496070272769303,0.01849283402681461,0.02875635691169672,0.016458622283865004,0.027461858529819694,9.246417013407305e-05,0.020896902450300507,0.01636615811373093,0.027369394359685623,0.02098936662043458,0.03171521035598705,0.0001849283402681461,0.0012020342117429496,0.0001849283402681461,0.00027739251040221914
United_States_002171.jpg,longitudinal crack,control,0.034119278779472954,0.09939898289412853,0.03291724456773001,0.09828941285251964,0.034119278779472954,0.09912159038372631,0.03504392048081369,0.10013869625520111,0.0507628294036061,0.0754507628294036,0.034396671289875176,0.09939898289412853,0.03513638465094776,0.09976883957466481,0.0012020342117429496,0.006010171058714748,0.025427646786870088,0.0353213129912159
United_States_002172.jpg,longitudinal crack,damage,0.017726396917148363,0.051519193715725504,0.016866755595079296,0.05095598043574922,0.017696754112939084,0.05199347858307396,0.018022824959241145,0.051252408477842,0.017726396917148363,0.042152067585593596,0.018052467763450424,0.05128205128205128,0.020186749666518452,0.05314954794723581,0.00329035126722988,0.005602489995553579,0.008833555654364902,0.016659255965614347
United_States_002172.jpg,longitudinal crack,control,0.00918926930487624,0.023625314954794724,0.009693196976433971,0.024425670668445233,0.009307840521713354,0.02401067140951534,0.009485697346969022,0.023714243367422557,0.003319994071439158,0.020987105380168965,0.009633911368015413,0.024069957017933897,0.011234622795316437,0.02531495479472358,0.0027864235956721506,0.005217133540832963,0.004179635393508226,0.009070698088039128
United_States_002213.jpg,longitudinal crack,damage,0.03535353535353535,0.04405162738496072,0.03479236812570146,0.04292929292929293,0.035072951739618406,0.04405162738496072,0.026374859708193043,0.03058361391694725,0.001964085297418631,0.035072951739618406,0.026374859708193043,0.03058361391694725,0.028058361391694726,0.03198653198653199,0.003367003367003367,0.005611672278338945,0.005892255892255892,0.007575757575757576
United_States_002213.jpg,longitudinal crack,control,0.027216610549943884,0.10465768799102132,0.02665544332210999,0.03900112233445567,0.02665544332210999,0.08389450056116723,0.019921436588103254,0.13720538720538722,0.04826038159371493,0.17957351290684623,0.019921436588103254,0.13720538720538722,0.015432098765432098,0.06986531986531987,0.03198653198653199,0.09792368125701459,0.05387205387205387,0.20286195286195285
United_States_002213.jpg,transverse crack,damage,0.026744186046511628,0.03313953488372093,0.02558139534883721,0.03255813953488372,0.025872093023255813,0.03226744186046512,0.021511627906976746,0.025145348837209303,0.00625,0.031104651162790698,0.02122093023255814,0.024709302325581394,0.02136627906976744,0.02441860465116279,0.003197674418604651,0.008284883720930232,0.007122093023255814,0.009156976744186047
United_States_002213.jpg,transverse crack,control,0.009011627906976745,0.025,0.009738372093023256,0.030377906976744185,0.00872093023255814,0.024563953488372092,0.005087209302325582,0.015843023255813955,0.005232558139534884,0.025,0.004941860465116279,0.015697674418604653,0.006104651162790698,0.013953488372093023,0.0007267441860465116,0.0034883720930232558,0.007122093023255814,0.01686046511627907
United_States_002213.jpg,transverse crack,damage,0.005645933014354067,0.02028708133971292,0.005741626794258373,0.019617224880382776,0.005933014354066985,0.02019138755980861,0.003062200956937799,0.015789473684210527,0.0006698564593301435,0.01186602870813397,0.003062200956937799,0.015789473684210527,0.00430622009569378,0.016842105263157894,0.0,0.0,0.0,0.0016267942583732058
United_States_002213.jpg,transverse crack,control,0.008899521531100478,0.0615311004784689,0.014736842105263158,0.04344497607655502,0.009569377990430622,0.05923444976076555,0.005358851674641148,0.06267942583732057,0.017607655502392343,0.07291866028708134,0.005358851674641148,0.06267942583732057,0.006507177033492823,0.050239234449760764,0.003062200956937799,0.02526315789473684,0.008995215311004785,0.0661244019138756
United_States_002238.jpg,longitudinal crack,damage,0.014842300556586271,0.022031539888682745,0.014842300556586271,0.02162569573283859,0.01472634508348794,0.022031539888682745,0.014320500927643785,0.021915584415584416,0.00046382189239332097,0.006377551020408163,0.014320500927643785,0.021915584415584416,0.014958256029684602,0.021335807050092765,5.797773654916512e-05,5.797773654916512e-05,0.0002898886827458256,0.0003478664192949907
United_States_002238.jpg,longitudinal crack,control,0.005797773654916512,0.009566326530612245,0.005681818181818182,0.00974025974025974,0.005739795918367347,0.009508348794063079,0.005971706864564007,0.009972170686456401,0.008928571428571428,0.012407235621521335,0.005971706864564007,0.009972170686456401,0.005913729128014842,0.009160482374768089,0.0,0.0,0.004464285714285714,0.00510204081632653
United_States_002238.jpg,transverse crack,damage,0.02228298017771702,0.029528366370471633,0.023923444976076555,0.030758714969241284,0.023650034176349966,0.03062200956937799,0.019548872180451128,0.02706766917293233,0.0002734107997265892,0.0354066985645933,0.019548872180451128,0.02706766917293233,0.02077922077922078,0.025427204374572795,0.0001367053998632946,0.0030075187969924814,0.0,0.003964456596035544
United_States_002238.jpg,transverse crack,control,0.01845522898154477,0.025017088174982913,0.017498291182501707,0.024196855775803144,0.018318523581681477,0.025290498974709502,0.016814764183185237,0.02406015037593985,0.0016404647983595353,0.012713602187286397,0.016814764183185237,0.023923444976076555,0.016541353383458645,0.02228298017771702,0.003417634996582365,0.003417634996582365,0.0012303485987696513,0.005604921394395079
United_States_002312.jpg,longitudinal crack,damage,0.018231656785873653,0.05093389430738828,0.024223879645566392,0.04073436603557085,0.018741633199464525,0.051316376617581434,0.01243067508127749,0.0439217186205138,0.01670172754510104,0.10422642952763435,0.018231656785873653,0.05437623509912667,0.01651048639000446,0.04596162427487729,0.07209791547140945,0.14942308918212532,0.062280869509785175,0.22713074520303436
United_States_002312.jpg,longitudinal crack,control,0.009562057754828839,0.056989864218779884,0.015554280614521578,0.03034359660865685,0.01013578122011857,0.05743609358067189,0.00535475234270415,0.0557149231848027,0.02600879709313444,0.14164594887486454,0.009052081341237968,0.06444826926754638,0.007968381462357366,0.05201759418626888,0.061069675527506855,0.1424746605469497,0.0853573022247721,0.25180085421049275
United_States_002403.jpg,longitudinal crack,damage,0.0216600790513834,0.030852625635234332,0.021185770750988143,0.030671936758893282,0.021569734613212873,0.03116883116883117,0.02199887069452287,0.03132693393562959,0.004788255223037832,0.027261434217955956,0.02199887069452287,0.03134952004517222,0.022970073404856014,0.03175607001693958,0.000564652738565782,0.0016261998870694522,0.068300395256917,0.1899717673630717
United_States_002403.jpg,longitudinal crack,control,0.04594014680971203,0.07762845849802372,0.044946357989836254,0.07555053642010164,0.045736871823828344,0.0776962168266516,0.047859966120835686,0.08051948051948052,0.024257481648785998,0.07873517786561265,0.0462111801242236,0.07873517786561265,0.048153585544889896,0.0792772444946358,0.005556182947487295,0.010818746470920383,0.10525127046866177,0.22579333709768493
United_States_002403.jpg,alligator crack,damage,0.024444444444444446,0.028253968253968254,0.023809523809523808,0.028253968253968254,0.02349206349206349,0.02761904761904762,0.025396825396825397,0.029523809523809525,0.0,0.010158730158730159,0.025396825396825397,0.029523809523809525,0.023809523809523808,0.02761904761904762,0.0,0.0,0.03968253968253968,0.05142857142857143
United_States_002403.jpg,alligator crack,control,0.0022222222222222222,0.0025396825396825397,0.0015873015873015873,0.0019047619047619048,0.0019047619047619048,0.0022222222222222222,0.0022222222222222222,0.0025396825396825397,0.0,0.00031746031746031746,0.0022222222222222222,0.0025396825396825397,0.0019047619047619048,0.0022222222222222222,0.0,0.0,0.0044444444444444444,0.030476190476190476
United_States_002403.jpg,transverse crack,damage,0.04081632653061224,0.06109928634030299,0.03981469888568925,0.060222862150995364,0.03981469888568925,0.06109928634030299,0.04081632653061224,0.061224489795918366,0.004632527857768874,0.031801677726305246,0.04081632653061224,0.06134969325153374,0.04256917490922749,0.06185050707399524,0.0,0.000125203455615375,0.05195943408038062,0.1681482408914486
United_States_002403.jpg,transverse crack,control,0.0013772380117691248,0.0028796794791536248,0.0016276449229998748,0.0027544760235382495,0.001001627644923,0.0025040691123074995,0.0015024414673844998,0.003130086390384375,0.0,0.005133341680230374,0.0015024414673844998,0.003130086390384375,0.0017528483786152498,0.0033804933016151244,0.0,0.0,0.04231876799799675,0.14285714285714285
United_States_002425.jpg,longitudinal crack,damage,0.01949317738791423,0.05701754385964912,0.01055880441845354,0.04645873944119558,0.018843404808317088,0.05669265756985055,0.022254710851202078,0.05929174788823911,0.00958414554905783,0.05701754385964912,0.01055880441845354,0.04645873944119558,0.014294996751137101,0.04905782975958414,0.0004873294346978557,0.010883690708252111,0.018031189083820662,0.02631578947368421
United_States_002425.jpg,longitudinal crack,control,0.005523066926575698,0.029239766081871343,0.002111760883690708,0.013807667316439245,0.006660168940870695,0.03167641325536062,0.007472384665367121,0.028752436647173488,0.021929824561403508,0.06643924626380766,0.002111760883690708,0.013807667316439245,0.002599090318388564,0.017543859649122806,0.0008122157244964262,0.0016244314489928524,0.0029239766081871343,0.012020792722547108
United_States_002425.jpg,transverse crack,damage,0.03877551020408163,0.053061224489795916,0.0163265306122449,0.022448979591836733,0.03979591836734694,0.05408163265306123,0.03775510204081633,0.05510204081632653,0.00816326530612245,0.0673469387755102,0.0163265306122449,0.022448979591836733,0.026530612244897958,0.0326530612244898,0.0,0.0,0.0,0.0010204081632653062
United_States_002425.jpg,transverse crack,control,0.0163265306122449,0.04387755102040816,0.009183673469387756,0.019387755102040816,0.0163265306122449,0.04387755102040816,0.018367346938775512,0.044897959183673466,0.06326530612244897,0.08571428571428572,0.009183673469387756,0.02142857142857143,0.011224489795918367,0.02346938775510204,0.0,0.0,0.00510204081632653,0.00510204081632653
United_States_002425.jpg,longitudinal crack,damage,0.054292929292929296,0.07828282828282829,0.03282828282828283,0.03851010101010101,0.05303030303030303,0.0763888888888889,0.05303030303030303,0.07954545454545454,0.03156565656565657,0.14393939393939395,0.03282828282828283,0.03851010101010101,0.039141414141414144,0.04861111111111111,0.0,0.0012626262626262627,0.0,0.010101010101010102
United_States_002425.jpg,longitudinal crack,control,0.025252525252525252,0.039141414141414144,0.004419191919191919,0.008838383838383838,0.027146464646464648,0.041035353535353536,0.021464646464646464,0.036616161616161616,0.013257575757575758,0.0726010101010101,0.004419191919191919,0.008838383838383838,0.01452020202020202,0.021464646464646464,0.0,0.0,0.0,0.0
United_States_002581.jpg,longitudinal crack,damage,0.03536872712688625,0.05218829899232967,0.028249862134656842,0.04263799067528952,0.03529352784879932,0.05203790043615581,0.03764977189552313,0.05609866145285005,0.014037198576227001,0.03724870907905951,0.03629618488995839,0.05441921090890861,0.03764977189552313,0.05354188599789442,0.001654384117912468,0.002606908307013586,0.024890961046773952,0.03692284554068281
United_States_002581.jpg,longitudinal crack,control,0.007620193512808944,0.01739609966410989,0.005238883040056149,0.015340652729733794,0.007319396400461222,0.017145435403820124,0.009274577630721412,0.0189000852258485,0.010427633228054343,0.016919837569559334,0.008748182684112898,0.018398756705268964,0.008296987015591317,0.017772096054544544,0.00030079711234772146,0.0015791848398255376,0.008597784127939039,0.013761467889908258
United_States_002754.jpg,longitudinal crack,damage,0.012836970474967908,0.023106546854942234,0.010269576379974325,0.01668806161745828,0.012836970474967908,0.023106546854942234,0.012836970474967908,0.023106546854942234,0.0,0.005134788189987163,0.012836970474967908,0.023106546854942234,0.012836970474967908,0.021822849807445442,0.0,0.0,0.0,0.0
United_States_002754.jpg,longitudinal crack,control,0.006418485237483954,0.05391527599486521,0.0038510911424903724,0.051347881899871634,0.006418485237483954,0.05391527599486521,0.006418485237483954,0.05391527599486521,0.055198973042362,0.057766367137355584,0.006418485237483954,0.05391527599486521,0.005134788189987163,0.05263157894736842,0.0,0.0,0.0,0.0
United_States_002754.jpg,transverse crack,damage,0.01077788191190253,0.013120899718837863,0.007029053420805998,0.007966260543580132,0.01077788191190253,0.013120899718837863,0.01077788191190253,0.013120899718837863,0.0,0.0037488284910965324,0.01077788191190253,0.013120899718837863,0.01077788191190253,0.012652296157450796,0.0,0.0,0.0,0.0
United_States_002754.jpg,transverse crack,control,0.030459231490159326,0.07310215557638237,0.023898781630740395,0.06607310215557638,0.031865042174320526,0.07450796626054358,0.029053420805998126,0.06232427366447985,0.04920337394564199,0.09746954076850985,0.029522024367385193,0.06279287722586692,0.02577319587628866,0.056232427366447985,0.0,0.0,0.02483598875351453,0.04029990627928772
United_States_002754.jpg,longitudinal crack,damage,0.014662447257383967,0.02510548523206751,0.010654008438818566,0.017053445850914204,0.014556962025316455,0.024789029535864978,0.014662447257383967,0.026828410689170183,0.008790436005625879,0.04149085794655415,0.015365682137834036,0.027426160337552744,0.014345991561181435,0.022644163150492263,0.00010548523206751055,0.0037974683544303796,0.0014767932489451476,0.02707454289732771
United_States_002754.jpg,longitudinal crack,control,0.1781293952180028,0.29560478199718704,0.1688115330520394,0.27123769338959214,0.17848101265822786,0.2958509142053446,0.17390998593530238,0.30133614627285515,0.15604781997187062,0.3640295358649789,0.18547819971870605,0.2968354430379747,0.18080168776371308,0.2923347398030942,0.018248945147679326,0.06810829817158931,0.10158227848101266,0.2627988748241913
United_States_002852.jpg,longitudinal crack,damage,0.024013994910941475,0.034907760814249365,0.024013994910941475,0.0335559796437659,0.024173027989821884,0.035305343511450385,0.023775445292620864,0.039042620865139946,0.005486641221374045,0.06560114503816794,0.02385496183206107,0.03928117048346056,0.022662213740458015,0.030295801526717556,0.0015903307888040711,0.010814249363867684,0.0015108142493638677,0.05065203562340967
United_States_002852.jpg,longitudinal crack,control,0.13271310432569974,0.24165076335877864,0.1297709923664122,0.23775445292620864,0.1338263358778626,0.2412531806615776,0.13676844783715011,0.25159033078880405,0.08388994910941476,0.2168416030534351,0.13541666666666666,0.25,0.13112277353689566,0.2318702290076336,0.007554071246819338,0.04126908396946565,0.10130407124681934,0.18916984732824427
United_States_002884.jpg,transverse crack,damage,0.007468519322622666,0.0643508467216674,0.006339557099435519,0.044984802431610946,0.0075553625705601386,0.061658706035605734,0.010247503256621798,0.07694311767260095,0.05115067303517151,0.052974381241858444,0.009031697785497178,0.05462440295267043,0.007034303082935301,0.06052974381241859,0.0011289622231871472,0.005644811115935736,0.00364741641337386,0.04264003473729917
United_States_002884.jpg,transverse crack,control,0.028658271819366043,0.04819800260529744,0.02822405557967868,0.049240121580547115,0.028397742075553626,0.047850629613547545,0.032913590968302216,0.05445071645679549,0.005557967867998263,0.009031697785497178,0.03213200173686496,0.05080330004342162,0.026226660877116805,0.044116369952236216,0.004950065132435953,0.005905340859748155,0.011115935735996526,0.02796352583586626
United_States_002884.jpg,pothole,damage,0.005601415094339622,0.036556603773584904,0.0026533018867924527,0.025058962264150945,0.005601415094339622,0.03449292452830189,0.010023584905660377,0.06132075471698113,0.0,0.027122641509433963,0.006485849056603774,0.05837264150943396,0.009433962264150943,0.04038915094339623,0.0011792452830188679,0.0023584905660377358,0.0047169811320754715,0.02358490566037736
United_States_002884.jpg,pothole,control,0.003537735849056604,0.027712264150943397,0.00294811320754717,0.019162735849056603,0.003242924528301887,0.02830188679245283,0.006485849056603774,0.044516509433962265,0.0,0.039799528301886794,0.0038325471698113208,0.03920990566037736,0.006780660377358491,0.033608490566037735,0.0026533018867924527,0.004127358490566038,0.00029481132075471697,0.001474056603773585
United_States_002923.jpg,longitudinal crack,damage,0.014839595127809229,0.026934294047006348,0.010293360782295419,0.017241379310344827,0.015011151140847487,0.026934294047006348,0.010979584834448447,0.01706982329730657,0.0,0.001029336078229542,0.01089380682792932,0.016984045290787442,0.012952478984388402,0.02050094355807171,0.0,0.0,0.0,0.0
United_States_002923.jpg,longitudinal crack,control,0.003259564247726883,0.01930005146680391,0.0017155601303825698,0.012094698919197119,0.0033453422542460112,0.019728941499399553,0.001887116143420827,0.012094698919197119,0.00017155601303825698,0.0007720020586721565,0.001887116143420827,0.012094698919197119,0.0027448962086121117,0.014582261108251844,0.0,0.0,0.0,0.0
United_States_002923.jpg,longitudinal crack,damage,0.07792207792207792,0.15213358070500926,0.05380333951762523,0.07699443413729128,0.07699443413729128,0.15398886827458255,0.06307977736549165,0.137291280148423,0.03432282003710575,0.16048237476808905,0.06307977736549165,0.137291280148423,0.07050092764378478,0.1326530612244898,0.01020408163265306,0.017625231910946195,0.05473098330241188,0.18552875695732837
United_States_002923.jpg,longitudinal crack,control,0.026901669758812616,0.0640074211502783,0.015769944341372914,0.03432282003710575,0.025974025974025976,0.06307977736549165,0.015769944341372914,0.03525046382189239,0.0,0.0018552875695732839,0.015769944341372914,0.03525046382189239,0.02411873840445269,0.04823747680890538,0.0,0.0,0.0,0.0
United_States_002929.jpg,transverse crack,damage,0.011019283746556474,0.03072684890866709,0.014621741894469168,0.029879211697393517,0.011655011655011656,0.03157448611994067,0.012714558169103624,0.04492477219749947,0.01144310235219326,0.021402839584657767,0.013986013986013986,0.03538885357067175,0.013774104683195593,0.03475312566221657,0.0029667302394575123,0.0042381860563678745,0.029879211697393517,0.11994066539521085
United_States_002929.jpg,transverse crack,control,0.0033905488450943,0.06887052341597796,0.02267429540156813,0.06908243271879635,0.0033905488450943,0.06781097690188599,0.0027548209366391185,0.08370417461326553,0.056155965246874336,0.0675990675990676,0.00911210002119093,0.059334604789150244,0.0050858232676414495,0.07310870947234584,0.010383555838101292,0.01589319771137953,0.03750794659885569,0.1888111888111888
United_States_002954.jpg,transverse crack,damage,0.02923709456372773,0.042370945637277294,0.028209227957971678,0.04225673823663773,0.02923709456372773,0.04214253083599817,0.028780264961169484,0.04191411603471905,0.001027866605756053,0.01027866605756053,0.028894472361809045,0.04214253083599817,0.027752398355413432,0.03837368661489265,0.0,0.0,0.0,0.0006852444038373687
United_States_002954.jpg,transverse crack,control,0.029693924166285975,0.036089538602101415,0.03574691640018273,0.047167656464138875,0.030379168570123342,0.03768844221105527,0.028095020557332116,0.03323435358611238,0.018044769301050707,0.06018730013704888,0.028095020557332116,0.03323435358611238,0.025582457743261764,0.03026496116948378,0.0,0.0,0.0,0.002055733211512106
United_States_002954.jpg,longitudinal crack,damage,0.013745349317899959,0.03048780487804878,0.012763538652335676,0.030229433650268707,0.013590326581231915,0.030177759404712692,0.014262091773460108,0.030746176105828856,0.022374948325754443,0.035913600661430345,0.013745349317899959,0.030229433650268707,0.012195121951219513,0.027852418354692023,0.00010334849111202976,0.00010334849111202976,0.003978916907813146,0.0047540305911533695
United_States_002954.jpg,longitudinal crack,control,0.08360892930963208,0.1264468788755684,0.079888383629599,0.11859239355105415,0.08366060355518809,0.12680859859446053,0.08603761885076477,0.131924348904506,0.07994005787515503,0.17140347250930135,0.08386730053741215,0.12484497726333195,0.08583092186854072,0.12691194708557255,0.0034105002066969823,0.017775940471269118,0.05167424555601488,0.09869780901198842
United_States_002982.jpg,longitudinal crack,damage,0.0025071965827839168,0.0035286470424366234,0.0027857739808710186,0.0038072244405237257,0.0026000557154796174,0.0036215061751323245,0.002692914848175318,0.0039000835732194263,0.0,0.012350264648528182,0.002692914848175318,0.003714365307828025,0.0038072244405237257,0.005292970563654935,0.0,0.0,0.0,0.0
United_States_002982.jpg,longitudinal crack,control,0.15507475160182005,0.27207725879840283,0.15888197604234378,0.2713343857368372,0.15507475160182005,0.2730987092580555,0.15711765252112544,0.27542018757544806,0.08301606462995635,0.30504225090537657,0.1494103445073823,0.26241990899804996,0.16816788931191382,0.2873990156931934,0.00603584362522054,0.024979106695143468,0.07753737580091002,0.15507475160182005
United_States_002982.jpg,longitudinal crack,damage,0.013859525487432463,0.038231148696264976,0.025957246887479444,0.03241719520789288,0.013859525487432463,0.037526427061310784,0.010981912144702842,0.045454545454545456,0.006283767911674888,0.13454310547333803,0.011627906976744186,0.04369274136715997,0.015092788348602303,0.040580220812778955,0.0005285412262156448,0.0037585153864223633,0.005050505050505051,0.10095137420718817
United_States_002982.jpg,longitudinal crack,control,0.00029363401456424713,0.00029363401456424713,0.000411087620389946,0.000411087620389946,0.00029363401456424713,0.00029363401456424713,0.00035236081747709656,0.00035236081747709656,0.0002349072116513977,0.012450082217524078,0.00029363401456424713,0.00029363401456424713,0.0005872680291284943,0.0007047216349541931,0.0,0.0,0.0,0.0
United_States_003011.jpg,longitudinal crack,damage,0.04776579352850539,0.06394453004622497,0.04776579352850539,0.06317411402157165,0.0485362095531587,0.06471494607087827,0.04699537750385208,0.06317411402157165,0.0007704160246533128,0.04314329738058552,0.04699537750385208,0.06317411402157165,0.04776579352850539,0.060092449922958396,0.0,0.0,0.0,0.0
United_States_003011.jpg,longitudinal crack,control,0.014637904468412942,0.02234206471494607,0.011556240369799691,0.01926040061633282,0.01386748844375963,0.020801232665639446,0.01386748844375963,0.02234206471494607,0.0,0.00539291217257319,0.01386748844375963,0.02234206471494607,0.01386748844375963,0.01848998459167951,0.0,0.0,0.0,0.0
United_States_003011.jpg,alligator crack,damage,0.030174126059322032,0.04659361758474576,0.03047206038135593,0.04561705508474576,0.030356197033898306,0.046312235169491525,0.030356197033898306,0.05030124470338983,0.009467690677966102,0.05491922669491525,0.030289989406779662,0.05023503707627119,0.029247219279661018,0.04280323093220339,0.0014400158898305085,0.008259401483050847,0.0056607521186440675,0.024778204449152543
United_States_003011.jpg,alligator crack,control,0.0682269597457627,0.11558196504237288,0.0694683527542373,0.11713784427966102,0.06807799258474577,0.11563162076271187,0.0693359375,0.1180316472457627,0.10273768538135593,0.1907772775423729,0.0737056408898305,0.12354343220338983,0.07254700741525423,0.11932269597457627,0.018306408898305086,0.0403369968220339,0.06403932733050847,0.14246226165254236
United_States_003011.jpg,longitudinal crack,damage,0.04642166344294004,0.06020309477756286,0.04521276595744681,0.05899419729206963,0.045454545454545456,0.05971953578336557,0.04642166344294004,0.05971953578336557,0.006769825918762089,0.045454545454545456,0.04642166344294004,0.05971953578336557,0.0456963249516441,0.05705996131528046,0.0,0.0,0.0019342359767891683,0.004110251450676982
United_States_003011.jpg,longitudinal crack,control,0.004593810444874275,0.004593810444874275,0.004352030947775629,0.004593810444874275,0.004352030947775629,0.004352030947775629,0.004593810444874275,0.004593810444874275,0.0,0.0038684719535783366,0.004593810444874275,0.004593810444874275,0.0038684719535783366,0.0038684719535783366,0.0,0.0,0.0,0.0
United_States_003069.jpg,longitudinal crack,damage,0.012685560053981106,0.015789473684210527,0.012415654520917679,0.01659919028340081,0.012550607287449392,0.015654520917678813,0.012685560053981106,0.016194331983805668,0.0,0.0,0.012415654520917679,0.015654520917678813,0.012415654520917679,0.01524966261808367,0.0002699055330634278,0.0002699055330634278,0.0,0.0005398110661268556
United_States_003069.jpg,longitudinal crack,control,0.02874493927125506,0.04912280701754386,0.029149797570850202,0.04939271255060729,0.028879892037786774,0.04912280701754386,0.02874493927125506,0.049662618083670715,0.0,0.0008097165991902834,0.028879892037786774,0.04979757085020243,0.028609986504723347,0.047503373819163294,0.0,0.0,0.0,0.0
United_States_003069.jpg,longitudinal crack,damage,0.016436903499469777,0.02545068928950159,0.016436903499469777,0.025980911983032873,0.016436903499469777,0.02545068928950159,0.016436903499469777,0.024390243902439025,0.0,0.0,0.016436903499469777,0.02545068928950159,0.016436903499469777,0.02332979851537646,0.0,0.0,0.0,0.0
United_States_003069.jpg,longitudinal crack,control,0.006892895015906681,0.01007423117709438,0.006362672322375398,0.01007423117709438,0.006892895015906681,0.01007423117709438,0.007423117709437964,0.01007423117709438,0.0,0.0,0.006892895015906681,0.01007423117709438,0.006892895015906681,0.007953340402969246,0.0,0.0,0.0,0.0
United_States_003081.jpg,longitudinal crack,damage,0.03107394888216806,0.05520963055209631,0.017968333036826187,0.03048093459052363,0.018146237324319515,0.029354207436399216,0.03166696317381249,0.05556543912708296,0.009013817232995314,0.024965901678230446,0.03148905888631916,0.05562474055624741,0.02793097313645259,0.046314416177429873,0.03777501037775011,0.10709838107098381,0.0593607305936073,0.09179861234655755
United_States_003081.jpg,longitudinal crack,control,0.07726976220126905,0.12637134554942775,0.06108047203937615,0.09915198956294846,0.06594318923086047,0.1047263239044061,0.0706873035640159,0.13319100990333868,0.09446717665895749,0.17891241178912412,0.08047203937614897,0.13413983276996977,0.07827788649706457,0.12441439838700112,0.09838107098381071,0.2190001779042875,0.11640870544980134,0.2616379054735219
United_States_003161.jpg,longitudinal crack,damage,0.02586206896551724,0.0421455938697318,0.025383141762452106,0.04202586206896552,0.025742337164750956,0.04202586206896552,0.02610153256704981,0.0421455938697318,0.0014367816091954023,0.02310823754789272,0.025981800766283526,0.04202586206896552,0.03532088122605364,0.057112068965517244,0.06417624521072797,0.07064176245210728,0.017001915708812262,0.05651340996168582
United_States_003161.jpg,longitudinal crack,control,0.015565134099616858,0.025023946360153256,0.015086206896551725,0.02490421455938697,0.01532567049808429,0.02478448275862069,0.015205938697318008,0.025023946360153256,0.0007183908045977011,0.017241379310344827,0.015205938697318008,0.025023946360153256,0.02274904214559387,0.03579980842911877,0.002514367816091954,0.03891283524904215,0.029334291187739465,0.053520114942528736
United_States_003161.jpg,longitudinal crack,damage,0.007518796992481203,0.007518796992481203,0.007518796992481203,0.007518796992481203,0.007518796992481203,0.007518796992481203,0.007518796992481203,0.007518796992481203,0.0,0.005468215994531784,0.007518796992481203,0.007518796992481203,0.009569377990430622,0.010252904989747095,0.0,0.0,0.0,0.0
United_States_003161.jpg,longitudinal crack,control,0.002050580997949419,0.002050580997949419,0.002050580997949419,0.002050580997949419,0.002050580997949419,0.002050580997949419,0.002050580997949419,0.002050580997949419,0.0,0.002050580997949419,0.002050580997949419,0.002050580997949419,0.002050580997949419,0.002050580997949419,0.0,0.021872863978127138,0.12576896787423103,0.12850307587149692
United_States_003161.jpg,alligator crack,damage,0.01796288985392815,0.03191715509125695,0.017674390355006224,0.030003947887879984,0.01782623219654408,0.03171976069725774,0.018205836800388717,0.03273710103556136,0.011190743721339852,0.03733790883415834,0.018160284247927358,0.032691548483100005,0.022077803759603998,0.03838561754076954,0.04049621913814571,0.08545658841750432,0.052719487381942966,0.11559719396276838
United_States_003161.jpg,alligator crack,control,0.0858969297579641,0.13658173646329982,0.08659540222903823,0.13849494366667678,0.08571471954811868,0.1369006043305293,0.0872635063318048,0.1387075222448298,0.12801785660056486,0.27972304048103497,0.0869446384645753,0.13791794466883295,0.0997449057062164,0.15674633301952687,0.14019557229190074,0.27534999544474476,0.17958334598682013,0.38242886209723953
United_States_003161.jpg,longitudinal crack,damage,0.02165889665889666,0.03399378399378399,0.021853146853146852,0.03409090909090909,0.021950271950271952,0.03447940947940948,0.02224164724164724,0.035256410256410256,0.0008741258741258741,0.024087024087024088,0.02224164724164724,0.035256410256410256,0.031177156177156176,0.04807692307692308,0.015442890442890442,0.1323815073815074,0.02641802641802642,0.04215229215229215
United_States_003161.jpg,longitudinal crack,control,0.0034965034965034965,0.010878010878010878,0.0034965034965034965,0.011752136752136752,0.0034965034965034965,0.010878010878010878,0.0033993783993783995,0.010198135198135198,0.017676767676767676,0.02233877233877234,0.0033993783993783995,0.010198135198135198,0.005341880341880342,0.0135003885003885,0.03904428904428905,0.04924242424242424,0.03127428127428127,0.06148018648018648
United_States_003187.jpg,longitudinal crack,damage,0.04397068620919387,0.0536309127248501,0.04513657561625583,0.05629580279813458,0.04280479680213191,0.05246502331778814,0.048967355096602265,0.06112591605596269,0.004497001998667555,0.00816122584943371,0.04330446369087275,0.05429713524317122,0.058461025982678216,0.07128580946035976,0.002664890073284477,0.004497001998667555,0.03164556962025317,0.048967355096602265
United_States_003187.jpg,longitudinal crack,control,0.04513657561625583,0.05313124583610926,0.043137908061292474,0.0511325782811459,0.04613590939373751,0.05379746835443038,0.04880079946702198,0.058461025982678216,0.0,0.023650899400399734,0.04447035309793471,0.05313124583610926,0.05629580279813458,0.06612258494337109,0.002664890073284477,0.011658894070619586,0.0651232511658894,0.11642238507661559
United_States_003187.jpg,transverse crack,damage,0.008835341365461847,0.01646586345381526,0.012449799196787148,0.02248995983935743,0.008835341365461847,0.01646586345381526,0.008433734939759036,0.01606425702811245,0.0,0.002008032128514056,0.008433734939759036,0.01606425702811245,0.011244979919678716,0.01967871485943775,0.0,0.0,0.0,0.0
United_States_003187.jpg,transverse crack,control,0.01967871485943775,0.020080321285140562,0.01606425702811245,0.01606425702811245,0.01887550200803213,0.01927710843373494,0.02650602409638554,0.027309236947791166,0.0,0.00040160642570281126,0.02530120481927711,0.02610441767068273,0.029317269076305223,0.02971887550200803,0.0012048192771084338,0.0012048192771084338,0.029317269076305223,0.02971887550200803
United_States_003221.jpg,longitudinal crack,damage,0.0057283142389525366,0.01282051282051282,0.0057283142389525366,0.013638843426077468,0.005182760501909438,0.012002182214948172,0.005455537370430988,0.01282051282051282,0.006001091107474086,0.02673213311511184,0.0057283142389525366,0.013638843426077468,0.008183306055646482,0.01718494271685761,0.0010911074740861974,0.002182214948172395,0.0,0.0008183306055646482
United_States_003221.jpg,longitudinal crack,control,0.0008183306055646482,0.002727768685215494,0.0010911074740861974,0.003000545553737043,0.0008183306055646482,0.003000545553737043,0.0010911074740861974,0.002727768685215494,0.0005455537370430987,0.012002182214948172,0.0010911074740861974,0.003000545553737043,0.002727768685215494,0.004909983633387889,0.0,0.0,0.00027277686852154935,0.002182214948172395
United_States_003221.jpg,longitudinal crack,damage,0.0029850746268656717,0.009369817578772803,0.004104477611940298,0.00812603648424544,0.0030265339966832503,0.008996683250414594,0.0028606965174129352,0.01011608623548922,0.017371475953565505,0.05368988391376451,0.0033996683250414592,0.010447761194029851,0.005638474295190713,0.013101160862354893,0.0016998341625207296,0.007587064676616915,0.001824212271973466,0.011484245439469321
United_States_003221.jpg,longitudinal crack,control,0.03470149253731343,0.10493366500829188,0.04771973466003317,0.09054726368159204,0.03167495854063018,0.10140961857379768,0.03752072968490879,0.12081260364842454,0.047512437810945274,0.09676616915422885,0.03876451077943615,0.11326699834162521,0.03387230514096186,0.10124378109452736,0.040132669983416254,0.05145107794361526,0.05538971807628524,0.17947761194029851
United_States_003221.jpg,longitudinal crack,damage,0.005733944954128441,0.007912844036697248,0.006077981651376147,0.008142201834862386,0.005733944954128441,0.007798165137614679,0.005389908256880734,0.007798165137614679,0.008371559633027523,0.04438073394495413,0.006077981651376147,0.008142201834862386,0.01055045871559633,0.013761467889908258,0.00011467889908256881,0.0008027522935779817,0.00011467889908256881,0.0026376146788990827
United_States_003221.jpg,longitudinal crack,control,0.0040137614678899085,0.026490825688073396,0.015940366972477065,0.02121559633027523,0.0040137614678899085,0.026605504587155965,0.006651376146788991,0.03704128440366972,0.09002293577981652,0.11227064220183486,0.011697247706422019,0.020986238532110093,0.006651376146788991,0.03096330275229358,0.023623853211009176,0.03555045871559633,0.07419724770642201,0.16123853211009173
United_States_003221.jpg,longitudinal crack,damage,0.020532741398446172,0.030244173140954494,0.021365149833518313,0.029689234184239733,0.01997780244173141,0.029689234184239733,0.021365149833518313,0.0330188679245283,0.046892341842397336,0.06326304106548279,0.021087680355160933,0.029411764705882353,0.022475027746947835,0.03190899001109878,0.003329633740288568,0.004162042175360711,0.018312985571587125,0.03773584905660377
United_States_003221.jpg,longitudinal crack,control,0.016648168701442843,0.04134295227524972,0.014428412874583796,0.037458379578246395,0.016648168701442843,0.042175360710321866,0.018867924528301886,0.04411764705882353,0.03718091009988901,0.0474472807991121,0.018590455049944506,0.04328523862375139,0.017203107658157604,0.04051054384017758,0.004162042175360711,0.005549389567147614,0.032741398446170925,0.06132075471698113
United_States_003290.jpg,longitudinal crack,damage,0.011730205278592375,0.017712609970674486,0.011026392961876833,0.01653958944281525,0.011495601173020528,0.017360703812316716,0.011730205278592375,0.017360703812316716,0.0,0.0010557184750733138,0.0118475073313783,0.01747800586510264,0.010087976539589443,0.014310850439882698,0.0,0.0015249266862170088,0.003284457478005865,0.003284457478005865
United_States_003290.jpg,longitudinal crack,control,0.008797653958944282,0.05278592375366569,0.008563049853372435,0.05947214076246334,0.008563049853372435,0.05419354838709677,0.00903225806451613,0.0449266862170088,0.010557184750733138,0.011378299120234605,0.00903225806451613,0.04633431085043988,0.006803519061583578,0.04398826979472141,0.0,0.0,0.01090909090909091,0.012082111436950147
United_States_003320.jpg,longitudinal crack,damage,0.04454732510288066,0.13950617283950617,0.038786008230452675,0.07716049382716049,0.04434156378600823,0.1403292181069959,0.028292181069958847,0.11954732510288066,0.10020576131687242,0.15020576131687244,0.0404320987654321,0.09362139917695474,0.0352880658436214,0.12510288065843622,0.008847736625514403,0.014300411522633744,0.020987654320987655,0.11872427983539095
United_States_003320.jpg,longitudinal crack,control,0.07448559670781893,0.2189300411522634,0.06759259259259259,0.14279835390946502,0.07695473251028806,0.2205761316872428,0.06131687242798354,0.202880658436214,0.1161522633744856,0.1727366255144033,0.07829218106995885,0.1743827160493827,0.06985596707818931,0.2045267489711934,0.013065843621399178,0.023662551440329218,0.05452674897119342,0.18786008230452675
United_States_003320.jpg,longitudinal crack,damage,0.0259834871296746,0.0473530840213696,0.024526469159786304,0.03763963088878096,0.026711996114618747,0.047595920349684316,0.014084507042253521,0.03254006799417193,0.025497814473045166,0.045167557066537155,0.024526469159786304,0.03788246721709568,0.02015541525012142,0.036911121903836816,0.011656143759106362,0.02064108790675085,0.006799417192812044,0.043953375424963574
United_States_003320.jpg,longitudinal crack,control,0.006070908207867897,0.017241379310344827,0.0009713453132588635,0.006799417192812044,0.006313744536182613,0.017241379310344827,0.002185526954832443,0.0075279261777561925,0.004613890237979602,0.014570179698882952,0.0009713453132588635,0.006799417192812044,0.0029140359397765905,0.00947061680427392,0.0,0.00024283632831471587,0.001942690626517727,0.001942690626517727
United_States_003320.jpg,transverse crack,damage,0.026483050847457626,0.07238700564971752,0.031426553672316386,0.05967514124293785,0.02824858757062147,0.07415254237288135,0.01059322033898305,0.0557909604519774,0.0568502824858757,0.06426553672316385,0.03177966101694915,0.06002824858757062,0.019067796610169493,0.06285310734463277,0.012358757062146893,0.013771186440677966,0.00847457627118644,0.07521186440677965
United_States_003320.jpg,transverse crack,control,0.001059322033898305,0.0035310734463276836,0.001059322033898305,0.0014124293785310734,0.001059322033898305,0.0035310734463276836,0.0007062146892655367,0.001059322033898305,0.00035310734463276836,0.0014124293785310734,0.001059322033898305,0.0014124293785310734,0.001059322033898305,0.0017655367231638418,0.0,0.0,0.0,0.0
United_States_003320.jpg,transverse crack,damage,0.011120495495495495,0.033783783783783786,0.005208333333333333,0.027730855855855857,0.009853603603603604,0.03307995495495496,0.007460585585585586,0.02857545045045045,0.018862612612612614,0.03575450450450451,0.005208333333333333,0.027730855855855857,0.006475225225225225,0.02857545045045045,0.00365990990990991,0.004082207207207207,0.0007038288288288288,0.0009853603603603603
United_States_003320.jpg,transverse crack,control,0.012528153153153154,0.06306306306306306,0.005489864864864865,0.05419481981981982,0.011824324324324325,0.0629222972972973,0.008868243243243243,0.052787162162162164,0.03842905405405406,0.05799549549549549,0.005489864864864865,0.05419481981981982,0.00731981981981982,0.055039414414414414,0.0032376126126126125,0.004082207207207207,0.0008445945945945946,0.00365990990990991
United_States_003339.jpg,transverse crack,damage,0.03568118628359592,0.06811862835959222,0.040546802594995365,0.05560704355885079,0.036376274328081555,0.06881371640407785,0.03429101019462465,0.07414272474513438,0.0027803521779425394,0.03104726598702502,0.03429101019462465,0.07414272474513438,0.03151065801668211,0.051899907321594066,0.0020852641334569047,0.0020852641334569047,0.0,0.019230769230769232
United_States_003339.jpg,transverse crack,control,0.007877664504170528,0.026413345690454126,0.006950880444856348,0.02942539388322521,0.007877664504170528,0.027340129749768304,0.008572752548656163,0.015755329008341055,0.026876737720111215,0.030815569972196477,0.008572752548656163,0.016218721037998145,0.006487488415199258,0.022242817423540315,0.0030120481927710845,0.0030120481927710845,0.02432808155699722,0.02896200185356812
United_States_003339.jpg,longitudinal crack,damage,0.05872844827586207,0.08782327586206896,0.05872844827586207,0.08890086206896551,0.05872844827586207,0.08890086206896551,0.05980603448275862,0.09051724137931035,0.0,0.005387931034482759,0.05980603448275862,0.09051724137931035,0.05441810344827586,0.07650862068965517,0.0,0.0,0.0,0.0
United_States_003339.jpg,longitudinal crack,control,0.016163793103448277,0.028556034482758622,0.016163793103448277,0.028017241379310345,0.017241379310344827,0.029094827586206896,0.017241379310344827,0.03017241379310345,0.0,0.0021551724137931034,0.017241379310344827,0.03017241379310345,0.014547413793103448,0.02478448275862069,0.0,0.0,0.0,0.0
United_States_003339.jpg,longitudinal crack,damage,0.01841171251109139,0.031721384205856254,0.019151138716356108,0.03467908902691511,0.018485655131617866,0.032091097308488616,0.01937296657793552,0.025584146702159125,0.01671103223898255,0.019446909198461995,0.01922508133688258,0.025584146702159125,0.017080745341614908,0.028763679384797396,0.000961254066844129,0.0011830819284235432,0.01737651582372079,0.01989056492162082
United_States_003339.jpg,longitudinal crack,control,0.003401360544217687,0.005249926057379474,0.0033274179236912156,0.0053978112984324166,0.003697131026323573,0.005619639160011831,0.0036231884057971015,0.005619639160011831,7.394262052647145e-05,0.0025140490979000296,0.00354924578527063,0.0054717539189588875,0.0026619343389529724,0.003697131026323573,0.0002957704821058858,0.00044365572315882877,0.000961254066844129,0.002587991718426501
United_States_003339.jpg,transverse crack,damage,0.008641975308641974,0.03925925925925926,0.008641975308641974,0.03432098765432099,0.008888888888888889,0.04098765432098765,0.009382716049382716,0.03901234567901234,0.022469135802469137,0.05654320987654321,0.009382716049382716,0.03901234567901234,0.007654320987654321,0.0345679012345679,0.0049382716049382715,0.005432098765432099,0.003950617283950617,0.04098765432098765
United_States_003339.jpg,transverse crack,control,0.05234567901234568,0.06864197530864198,0.055308641975308645,0.07432098765432099,0.051604938271604936,0.07185185185185185,0.05382716049382716,0.05382716049382716,0.02493827160493827,0.08271604938271605,0.05382716049382716,0.05382716049382716,0.04567901234567901,0.05654320987654321,0.014567901234567901,0.015061728395061728,0.003703703703703704,0.011851851851851851
United_States_003439.jpg,longitudinal crack,damage,0.005791505791505791,0.005791505791505791,0.005791505791505791,0.005791505791505791,0.005791505791505791,0.005791505791505791,0.005791505791505791,0.005791505791505791,0.0,0.003861003861003861,0.005791505791505791,0.005791505791505791,0.005791505791505791,0.005791505791505791,0.0,0.0,0.0,0.0
United_States_003439.jpg,longitudinal crack,control,0.0,0.0,0.0,0.0,0.0,0.0,0.0,0.0,0.0,0.0,0.0,0.0,0.0,0.0,0.0,0.0,0.0,0.0
United_States_003439.jpg,alligator crack,damage,0.029779520568215447,0.05800532701982835,0.025876738680082865,0.057801864456939925,0.03001997632435632,0.05917061260728026,0.0271530038472921,0.0462044983722995,0.033090411364308965,0.05371411660254513,0.029945989937851435,0.05437999408108908,0.028725214560520865,0.052160402485942586,0.0002219591595146493,0.0029039656703166617,0.03266498964190589,0.0386393903521752
United_States_003439.jpg,alligator crack,control,0.14776931044687777,0.2724363717076058,0.15701760875998816,0.2940034033737792,0.14906407221071322,0.2727138206569991,0.12329831311038769,0.23614604912696063,0.17527374963006806,0.36421648416691327,0.1571285883397455,0.28111127552530335,0.14880511985794614,0.2648342704942291,0.06346182302456348,0.11663953832494821,0.14105504587155962,0.32128588339745484
United_States_003541.jpg,alligator crack,damage,0.0195640756302521,0.0235031512605042,0.018907563025210083,0.022518382352941176,0.0194984243697479,0.023240546218487396,0.0194984243697479,0.0233718487394958,0.0002626050420168067,0.014508928571428572,0.0194984243697479,0.0233718487394958,0.02074579831932773,0.02389705882352941,0.0,6.565126050420168e-05,0.0015756302521008404,0.0015756302521008404
United_States_003541.jpg,alligator crack,control,0.05777310924369748,0.11147584033613446,0.05389968487394958,0.09184611344537816,0.05777310924369748,0.11062237394957983,0.06210609243697479,0.12644432773109243,0.054490546218487396,0.13596376050420167,0.05954569327731092,0.12007615546218488,0.0585609243697479,0.10740546218487394,0.008075105042016808,0.01877626050420168,0.09657300420168068,0.19610031512605042
United_States_003579.jpg,transverse crack,damage,0.012872628726287264,0.013550135501355014,0.012195121951219513,0.013550135501355014,0.012872628726287264,0.013550135501355014,0.013550135501355014,0.013550135501355014,0.0,0.0027100271002710027,0.013550135501355014,0.013550135501355014,0.017615176151761516,0.01964769647696477,0.0,0.0,0.0,0.0
United_States_003579.jpg,transverse crack,control,0.0013550135501355014,0.0020325203252032522,0.0013550135501355014,0.0020325203252032522,0.0013550135501355014,0.0020325203252032522,0.0013550135501355014,0.0020325203252032522,0.0,0.0,0.0013550135501355014,0.0020325203252032522,0.0013550135501355014,0.0020325203252032522,0.0,0.0,0.0,0.0
United_States_003579.jpg,longitudinal crack,damage,0.0625,0.078125,0.0625,0.078125,0.06696428571428571,0.08258928571428571,0.060267857142857144,0.08035714285714286,0.0,0.013392857142857142,0.0625,0.08258928571428571,0.07366071428571429,0.09151785714285714,0.0,0.0,0.0,0.0
United_States_003579.jpg,longitudinal crack,control,0.0,0.0,0.0,0.0,0.0,0.0,0.0,0.0,0.0,0.0,0.0,0.0,0.0,0.0,0.0,0.0,0.0,0.0
United_States_003579.jpg,alligator crack,damage,0.023474293563579277,0.049843014128728415,0.022321428571428572,0.04832221350078493,0.023449764521193094,0.050309065934065936,0.023793171114599686,0.04976942700156986,0.02391581632653061,0.0536940737833595,0.023842229199372057,0.0498675431711146,0.028036695447409735,0.05756966248037677,0.0,0.0006132260596546311,0.008217229199372057,0.011970172684458399
United_States_003579.jpg,alligator crack,control,0.019279827315541603,0.046703296703296704,0.021291208791208792,0.052884615384615384,0.019819466248037678,0.04721840659340659,0.018323194662480377,0.04447115384615385,0.04071821036106751,0.08472331240188383,0.01829866562009419,0.0450353218210361,0.022713893249607535,0.05344878335949765,0.0006868131868131869,0.0036793563579277863,0.01454572213500785,0.031544348508634225
United_States_003587.jpg,transverse crack,damage,0.02670775552131484,0.06111967128916281,0.02893340181475775,0.06180448553329909,0.025338127033042286,0.05975004280089026,0.02739256976545112,0.060948467728128744,0.013182674199623353,0.02790618044855333,0.028762198253723677,0.061633281972265024,0.02790618044855333,0.05975004280089026,0.0005136106831022085,0.0008560178051703475,0.0011984249272384865,0.01044341722307824
United_States_003587.jpg,transverse crack,control,0.016264338298236602,0.029275808936825885,0.014723506248929978,0.02705016264338298,0.016264338298236602,0.029447012497859956,0.01660674542030474,0.028762198253723677,0.0,0.0,0.016435541859270673,0.02859099469268961,0.01660674542030474,0.029275808936825885,0.0,0.0,0.0,0.0
United_States_003587.jpg,longitudinal crack,damage,0.012059852601801533,0.05456711084642299,0.014963150450383385,0.050844934117471895,0.012059852601801533,0.05508821558847614,0.012059852601801533,0.05881039231742723,0.05724707809126777,0.12387404153949229,0.015484255192436536,0.056577086280056574,0.016898682349437952,0.061341472493113974,0.0018610883644755453,0.0030521849177398944,0.01645202114196382,0.056577086280056574
United_States_003587.jpg,longitudinal crack,control,0.0,0.010124320702746966,7.444353457902182e-05,0.011166530186853272,0.0,0.010794312513958163,0.00014888706915804363,0.009677659495272835,0.02344971339239187,0.03759398496240601,0.00022333060373706543,0.009900990099009901,0.00081887888036924,0.013250949155065882,0.00037221767289510904,0.0005955482766321745,0.0011166530186853272,0.001191096553264349
United_States_003632.jpg,longitudinal crack,damage,0.012161616161616162,0.02682828282828283,0.014303030303030304,0.015595959595959595,0.009737373737373737,0.01793939393939394,0.008121212121212121,0.03422222222222222,0.006060606060606061,0.04751515151515152,0.00804040404040404,0.034101010101010104,0.011434343434343434,0.022464646464646465,0.0006464646464646465,0.011070707070707071,0.005737373737373737,0.04844444444444444
United_States_003632.jpg,longitudinal crack,control,0.006868686868686869,0.018585858585858588,0.0044444444444444444,0.014222222222222223,0.004808080808080808,0.014383838383838384,0.004808080808080808,0.014464646464646465,0.0005252525252525252,0.0024646464646464646,0.0047272727272727275,0.014343434343434344,0.00698989898989899,0.017333333333333333,0.00012121212121212121,0.00012121212121212121,0.0002828282828282828,0.0009292929292929292
United_States_003642.jpg,longitudinal crack,damage,0.010137064534551685,0.03098229583095374,0.01513420902341519,0.019131924614505996,0.009994288977727013,0.027555682467161623,0.01070816676185037,0.043118218161050825,0.014420331239291833,0.12350085665334094,0.01070816676185037,0.043118218161050825,0.009994288977727013,0.027984009137635636,0.002141633352370074,0.03255282695602513,0.008709308966304969,0.09794403198172473
United_States_003642.jpg,longitudinal crack,control,0.008994860079954313,0.018418046830382638,0.008994860079954313,0.018275271273557967,0.008994860079954313,0.018703597944031983,0.00885208452312964,0.018275271273557967,0.0,0.006424900057110223,0.00885208452312964,0.018275271273557967,0.00885208452312964,0.016419189034837234,0.0,0.0,0.0,0.0
United_States_003642.jpg,longitudinal crack,damage,0.010156510156510156,0.04112554112554113,0.009906759906759906,0.041000666000666,0.010114885114885114,0.04104229104229104,0.010281385281385282,0.04091741591741592,0.019855144855144856,0.028971028971028972,0.01023976023976024,0.04091741591741592,0.010198135198135198,0.039585414585414584,0.0005827505827505828,0.0006243756243756244,0.002122877122877123,0.004828504828504829
United_States_003642.jpg,longitudinal crack,control,0.15717615717615718,0.28155178155178157,0.16038128538128538,0.2901265401265401,0.15763403263403264,0.28126040626040627,0.1583832833832834,0.2878787878787879,0.1471028971028971,0.3762903762903763,0.1610889110889111,0.286005661005661,0.1623792873792874,0.281968031968032,0.039585414585414584,0.10477022977022978,0.11068098568098568,0.24995837495837495
United_States_003642.jpg,longitudinal crack,damage,0.022513440860215055,0.025873655913978496,0.02217741935483871,0.025537634408602152,0.0228494623655914,0.02620967741935484,0.02217741935483871,0.025537634408602152,0.0003360215053763441,0.021841397849462367,0.02217741935483871,0.025537634408602152,0.0228494623655914,0.02620967741935484,0.0,0.0,0.0,0.0
United_States_003642.jpg,longitudinal crack,control,0.005376344086021506,0.007728494623655914,0.005040322580645161,0.008064516129032258,0.005376344086021506,0.007728494623655914,0.005040322580645161,0.00739247311827957,0.004032258064516129,0.018145161290322582,0.005040322580645161,0.00739247311827957,0.00571236559139785,0.008064516129032258,0.0,0.0,0.0003360215053763441,0.0003360215053763441
United_States_003687.jpg,longitudinal crack,damage,0.030369696050169422,0.07072776007687251,0.030040964952207556,0.07047489000151722,0.030647853133060232,0.07082890810701462,0.030597279117989176,0.07060132503919486,0.0023769787083396552,0.02060891114145552,0.030597279117989176,0.07057603803165934,0.030622566125524706,0.06832549436099732,0.04000404592120568,0.05264754968896981,0.006043594800991251,0.040838517169878116
United_States_003687.jpg,longitudinal crack,control,0.004930966469428008,0.011910180549233804,0.005158549537247762,0.011986041571840389,0.004855105446821423,0.01196075456430486,0.004829818439285895,0.012137763617053559,0.001036767308956658,0.011986041571840389,0.004855105446821423,0.012061902594446974,0.0047539574166793105,0.010772265210135032,0.04394881909674809,0.07118292621251202,0.03512365346684873,0.08450917918373539
United_States_003742.jpg,transverse crack,damage,0.02271340617893394,0.0334183814964779,0.022963004049032114,0.033695712463253646,0.023073936435742414,0.03380664484996395,0.022796605468966665,0.033529313883188194,0.0009151921903599756,0.057019246769094235,0.022741139275611513,0.033473847689833046,0.026290975650341115,0.03890953463863775,0.04750679460868601,0.06636530034943702,0.03333518220644517,0.09956181707249431
United_States_003742.jpg,transverse crack,control,0.032808253369571244,0.038049808641632925,0.0317543956958234,0.03746741361140385,0.033973043430029395,0.039242331798768654,0.030534139442010094,0.03649675522768872,0.008208996616562205,0.05233235343058406,0.03072827111875312,0.036607687614399025,0.03549836374729602,0.04123911475955405,0.0388540684452826,0.09770369959509678,0.04842198679904598,0.10771534749570137
United_States_003742.jpg,longitudinal crack,damage,0.013276961875092716,0.04346536122237057,0.020768431983385256,0.03130099391781635,0.013425307817831182,0.04086930722444741,0.014018691588785047,0.057039014982940214,0.024847945408693072,0.16251298026998962,0.01387034564604658,0.05689066904020175,0.015279632102062008,0.04643228007713989,0.062379468921524996,0.14144785640112742,0.047248182762201454,0.19819017949859072
United_States_003742.jpg,longitudinal crack,control,0.13395638629283488,0.33511348464619495,0.13469811600652723,0.33184987390594867,0.1328437917222964,0.33444592790387184,0.14322800771398903,0.3489838302922415,0.159768580329328,0.3732383919299807,0.1369233051476042,0.33919299807150277,0.1424862780002967,0.3469811600652722,0.14871680759531228,0.28697522622756266,0.17475152054591306,0.3963061860258122
United_States_003773.jpg,alligator crack,damage,0.04771774781341108,0.07459456997084549,0.04853771865889213,0.07286352040816327,0.04769497084548105,0.07420736151603499,0.050724307580174925,0.08204263848396501,0.04685222303206997,0.1099216472303207,0.04610058309037901,0.07026694606413994,0.053503097667638486,0.08438866618075802,0.002847120991253644,0.00806304664723032,0.05963010204081633,0.10495626822157435
United_States_003773.jpg,alligator crack,control,0.0017082725947521866,0.009748542274052478,0.002232142857142857,0.012595663265306123,0.0017082725947521866,0.01022685860058309,0.0019815962099125365,0.009452441690962099,0.00036443148688046647,0.00047831632653061223,0.001913265306122449,0.009384110787172011,0.002232142857142857,0.01081905976676385,2.2776967930029154e-05,2.2776967930029154e-05,0.0011616253644314868,0.0026649052478134112
United_States_003850.jpg,transverse crack,damage,0.026038531005418423,0.033564118001204096,0.025737507525586997,0.03371462974111981,0.026189042745334137,0.034015653220951236,0.02588801926550271,0.034015653220951236,0.0,0.007224563515954244,0.02588801926550271,0.034015653220951236,0.02588801926550271,0.03190848886213125,0.0,0.0,0.0,0.0
United_States_003850.jpg,transverse crack,control,0.006622516556291391,0.062462372065021074,0.006773028296207104,0.059151113786875376,0.006472004816375677,0.062161348585189645,0.006170981336544251,0.06261288380493679,0.0,0.003461770018061409,0.006170981336544251,0.06261288380493679,0.006773028296207104,0.058699578567128236,0.0,0.0,0.0,0.005719446116797111
United_States_003894.jpg,longitudinal crack,damage,0.012151215121512151,0.014101410141014101,0.012751275127512752,0.014551455145514551,0.012301230123012302,0.014551455145514551,0.011701170117011701,0.013501350135013501,0.0,0.007350735073507351,0.012601260126012601,0.014251425142514252,0.013351335133513352,0.015001500150015001,0.020102010201020103,0.028652865286528655,0.030303030303030304,0.056255625562556255
United_States_003894.jpg,longitudinal crack,control,0.031053105310531053,0.0636063606360636,0.030753075307530752,0.063006300630063,0.031053105310531053,0.06405640564056406,0.0306030603060306,0.063006300630063,0.0,0.0022502250225022503,0.03195319531953195,0.0639063906390639,0.03135313531353135,0.06315631563156315,0.010801080108010801,0.0186018601860186,0.0018001800180018,0.025802580258025804
United_States_003926.jpg,longitudinal crack,damage,0.024158653846153847,0.03221153846153846,0.02391826923076923,0.03221153846153846,0.02403846153846154,0.031850961538461536,0.019471153846153846,0.024759615384615383,0.0001201923076923077,0.005649038461538461,0.019471153846153846,0.024759615384615383,0.02295673076923077,0.02860576923076923,0.0002403846153846154,0.0006009615384615385,0.007932692307692307,0.008653846153846154
United_States_003926.jpg,longitudinal crack,control,0.04375,0.057692307692307696,0.03954326923076923,0.06610576923076923,0.044591346153846155,0.05913461538461538,0.03713942307692308,0.047596153846153844,0.02956730769230769,0.11826923076923077,0.03737980769230769,0.04927884615384615,0.04423076923076923,0.05709134615384615,0.007932692307692307,0.023677884615384615,0.07764423076923077,0.16370192307692308
United_States_003926.jpg,longitudinal crack,damage,0.027180899908172636,0.05534129170492807,0.02699724517906336,0.05601469237832874,0.027425772880318333,0.05583103764921947,0.022161003979185797,0.04566880930517294,0.0009182736455463728,0.015794306703397612,0.022161003979185797,0.04566880930517294,0.02620140801958984,0.051729415365779005,0.0003673094582185491,0.0007958371594735231,0.0032445668809305173,0.005448423630241812
United_States_003926.jpg,longitudinal crack,control,0.02822161003979186,0.061585552494643404,0.026017753290480564,0.05607591062136517,0.028711355984083257,0.061952861952861954,0.024915824915824916,0.053565962656871746,0.014141414141414142,0.053933272115090296,0.025038261401897764,0.05154576063666973,0.02773186409550046,0.05699418426691154,0.005448423630241812,0.016957453321089683,0.047015610651974286,0.09831649831649832
United_States_003926.jpg,longitudinal crack,damage,0.02487179487179487,0.0391025641025641,0.024487179487179486,0.04012820512820513,0.025384615384615384,0.039871794871794874,0.017051282051282052,0.027692307692307693,0.0,0.006153846153846154,0.016923076923076923,0.027564102564102563,0.024615384615384615,0.03576923076923077,0.0,0.0,0.0,0.0
United_States_003926.jpg,longitudinal crack,control,0.015769230769230768,0.043076923076923075,0.015897435897435898,0.0391025641025641,0.01628205128205128,0.04423076923076923,0.009102564102564102,0.03012820512820513,0.0001282051282051282,0.010256410256410256,0.009102564102564102,0.03012820512820513,0.015769230769230768,0.03858974358974359,0.0,0.0,0.001153846153846154,0.005128205128205128
United_States_003996.jpg,longitudinal crack,damage,0.018863131152746904,0.020832010161956176,0.014925373134328358,0.016005080978088282,0.018990155604953953,0.02102254684026675,0.01918069228326453,0.0211495712924738,0.00450936805335027,0.024134645919339472,0.018736106700539854,0.020641473483645603,0.01765639885677993,0.018672594474436328,0.001651317878691648,0.0031756113051762463,0.003302635757383296,0.006351222610352493
United_States_003996.jpg,longitudinal crack,control,0.004445855827246745,0.009971419498253413,0.0029850746268656717,0.0067958081930771675,0.00450936805335027,0.010352492854874563,0.004699904731660844,0.009717370593839314,0.006541759288663068,0.012892981899015561,0.0046363925055573196,0.009590346141632265,0.0037472213401079707,0.006859320419180692,0.0,0.0,0.0,0.000952683391552874
United_States_004011.jpg,longitudinal crack,damage,0.02894230769230769,0.046057692307692306,0.03048076923076923,0.040096153846153844,0.029326923076923077,0.04326923076923077,0.028846153846153848,0.07528846153846154,0.0225,0.09942307692307692,0.028846153846153848,0.07528846153846154,0.028076923076923076,0.043173076923076925,0.008173076923076924,0.03528846153846154,0.01548076923076923,0.08182692307692307
United_States_004011.jpg,longitudinal crack,control,0.007884615384615384,0.011923076923076923,0.007596153846153846,0.011634615384615384,0.00826923076923077,0.012211538461538461,0.008076923076923077,0.012211538461538461,0.006153846153846154,0.008653846153846154,0.008076923076923077,0.012115384615384615,0.007019230769230769,0.009615384615384616,0.0007692307692307692,0.0007692307692307692,0.0,0.004519230769230769
United_States_004011.jpg,longitudinal crack,damage,0.011443661971830986,0.01619718309859155,0.011355633802816902,0.01619718309859155,0.011619718309859155,0.016285211267605633,0.01153169014084507,0.015933098591549295,0.0,0.0029049295774647888,0.01153169014084507,0.015933098591549295,0.011003521126760563,0.013732394366197184,0.0,0.0,0.00044014084507042255,0.00044014084507042255
United_States_004011.jpg,longitudinal crack,control,0.01795774647887324,0.028961267605633802,0.017429577464788733,0.02869718309859155,0.01778169014084507,0.028609154929577465,0.018309859154929577,0.029225352112676056,0.0,0.003345070422535211,0.018309859154929577,0.02931338028169014,0.016373239436619717,0.02464788732394366,0.0,0.0,0.0,0.0
United_States_004028.jpg,transverse crack,damage,0.0052125100240577385,0.007217321571772253,0.006014434643143544,0.00801924619085806,0.006014434643143544,0.007618283881315156,0.0048115477145148355,0.00681635926222935,0.017241379310344827,0.020048115477145148,0.0048115477145148355,0.00681635926222935,0.007618283881315156,0.009623095429029671,0.0,0.0,0.0,0.0
United_States_004028.jpg,transverse crack,control,0.00040096230954290296,0.00040096230954290296,0.00040096230954290296,0.00040096230954290296,0.00040096230954290296,0.00040096230954290296,0.00040096230954290296,0.00040096230954290296,0.0028067361668003207,0.009623095429029671,0.00040096230954290296,0.00040096230954290296,0.0012028869286287089,0.0012028869286287089,0.0,0.0,0.0,0.0
United_States_004028.jpg,longitudinal crack,damage,0.04174573055028463,0.058823529411764705,0.04174573055028463,0.058823529411764705,0.04364326375711575,0.061669829222011384,0.04174573055028463,0.05787476280834915,0.0,0.0028462998102466793,0.04269449715370019,0.05977229601518026,0.05218216318785579,0.07115749525616698,0.0,0.0,0.0,0.0
United_States_004028.jpg,longitudinal crack,control,0.029411764705882353,0.04079696394686907,0.03320683111954459,0.046489563567362426,0.028462998102466792,0.03889943074003795,0.027514231499051234,0.03795066413662239,0.0,0.0635673624288425,0.029411764705882353,0.03889943074003795,0.03984819734345351,0.05218216318785579,0.0,0.0,0.0,0.023719165085388995
United_States_004028.jpg,longitudinal crack,damage,0.03775757575757576,0.051737373737373735,0.04147474747474748,0.05604040404040404,0.03892929292929293,0.05292929292929293,0.0363030303030303,0.0503030303030303,0.004929292929292929,0.04773737373737374,0.0363030303030303,0.05034343434343434,0.04206060606060606,0.056606060606060604,0.0017373737373737373,0.005555555555555556,0.0038585858585858585,0.01690909090909091
United_States_004028.jpg,longitudinal crack,control,0.14587878787878789,0.24545454545454545,0.13484848484848486,0.2252929292929293,0.14426262626262626,0.24335353535353535,0.15446464646464647,0.26151515151515153,0.0834949494949495,0.2509494949494949,0.13830303030303032,0.22963636363636364,0.1485858585858586,0.24686868686868688,0.016262626262626263,0.03806060606060606,0.09876767676767677,0.17317171717171717
United_States_004028.jpg,longitudinal crack,damage,0.04425087108013937,0.04912891986062718,0.045644599303135885,0.050522648083623695,0.04390243902439024,0.04895470383275261,0.04425087108013937,0.049477351916376304,0.008362369337979094,0.040940766550522645,0.0445993031358885,0.049477351916376304,0.04912891986062718,0.05435540069686411,0.00017421602787456446,0.00017421602787456446,0.007491289198606272,0.01445993031358885
United_States_004028.jpg,longitudinal crack,control,0.13710801393728222,0.21393728222996516,0.14425087108013937,0.21202090592334494,0.13850174216027875,0.21480836236933798,0.1445993031358885,0.23362369337979094,0.09668989547038327,0.2426829268292683,0.14146341463414633,0.2088850174216028,0.14790940766550523,0.2240418118466899,0.012195121951219513,0.012369337979094076,0.07770034843205575,0.17421602787456447
United_States_004097.jpg,longitudinal crack,damage,0.06610664718772827,0.11723886048210373,0.0606281957633309,0.10555149744338933,0.06464572680788896,0.11577794010226443,0.05880204528853177,0.10774287801314829,0.08582907231555881,0.18699780861943024,0.05989773557341125,0.10080350620891161,0.06391526661796933,0.11322132943754565,0.0007304601899196494,0.009495982468955442,0.032505478451424395,0.1585098612125639
United_States_004097.jpg,longitudinal crack,control,0.04419284149013879,0.06464572680788896,0.04309715120525932,0.06902848794740686,0.04382761139517896,0.06501095690284879,0.04455807158509861,0.06501095690284879,0.06391526661796933,0.17275383491599708,0.04382761139517896,0.0635500365230095,0.04455807158509861,0.06501095690284879,0.0014609203798392988,0.004747991234477721,0.06720233747260775,0.15157048940832724
United_States_004097.jpg,transverse crack,damage,0.03498542274052478,0.04081632653061224,0.037900874635568516,0.04227405247813411,0.03498542274052478,0.03935860058309038,0.029154518950437316,0.030612244897959183,0.0,0.0058309037900874635,0.029154518950437316,0.030612244897959183,0.030612244897959183,0.03206997084548105,0.0,0.0,0.0,0.0
United_States_004097.jpg,transverse crack,control,0.0029154518950437317,0.008746355685131196,0.0029154518950437317,0.01020408163265306,0.0029154518950437317,0.008746355685131196,0.0,0.0058309037900874635,0.0,0.0,0.0,0.0058309037900874635,0.0029154518950437317,0.008746355685131196,0.0,0.0,0.0,0.0
United_States_004097.jpg,longitudinal crack,damage,0.05392156862745098,0.18872549019607843,0.05759803921568627,0.17892156862745098,0.05514705882352941,0.1948529411764706,0.04534313725490196,0.13725490196078433,0.0,0.0196078431372549,0.04534313725490196,0.13725490196078433,0.049019607843137254,0.1556372549019608,0.0,0.0,0.0,0.0
United_States_004097.jpg,longitudinal crack,control,0.0,0.0,0.0,0.0,0.0,0.0,0.0,0.0,0.0,0.0,0.0,0.0,0.0,0.0,0.0,0.0,0.0012254901960784314,0.0012254901960784314
United_States_004097.jpg,longitudinal crack,damage,0.05846153846153846,0.16615384615384615,0.05846153846153846,0.16,0.05846153846153846,0.16923076923076924,0.046153846153846156,0.12307692307692308,0.0,0.021538461538461538,0.046153846153846156,0.12307692307692308,0.055384615384615386,0.14153846153846153,0.0,0.0,0.0,0.0
United_States_004097.jpg,longitudinal crack,control,0.0,0.0,0.0,0.0,0.0,0.0,0.0,0.0,0.0,0.0,0.0,0.0,0.0,0.0,0.0,0.0,0.0,0.0
United_States_004097.jpg,transverse crack,damage,0.05114285714285714,0.07057142857142858,0.05028571428571429,0.07028571428571428,0.05228571428571428,0.07228571428571429,0.037142857142857144,0.048,0.0014285714285714286,0.013714285714285714,0.037142857142857144,0.048,0.04657142857142857,0.06085714285714286,0.0,0.0005714285714285715,0.0,0.0
United_States_004097.jpg,transverse crack,control,0.030285714285714287,0.062285714285714285,0.028,0.06314285714285714,0.030285714285714287,0.06428571428571428,0.019428571428571427,0.04,0.0008571428571428571,0.004,0.019428571428571427,0.04,0.026285714285714287,0.05228571428571428,0.0,0.0,0.0017142857142857142,0.0017142857142857142
United_States_004097.jpg,pothole,damage,0.04929577464788732,0.05097250167672703,0.042924211938296444,0.047283702213279676,0.04963112005365526,0.051978537894030855,0.046613011401743794,0.046948356807511735,0.029845741113346747,0.03856472166331321,0.046613011401743794,0.046948356807511735,0.04627766599597585,0.046948356807511735,0.001676727028839705,0.004024144869215292,0.04862508383635144,0.05835010060362173
United_States_004097.jpg,pothole,control,0.005030181086519115,0.012072434607645875,0.0053655264922870555,0.011401743796109993,0.005030181086519115,0.012072434607645875,0.004024144869215292,0.008718980549966466,0.001006036217303823,0.001006036217303823,0.004024144869215292,0.008718980549966466,0.004694835680751174,0.009389671361502348,0.0,0.0,0.0,0.0
United_States_004292.jpg,transverse crack,damage,0.012701311638718247,0.10393491615474017,0.01643699153245891,0.10393491615474017,0.013365432508716586,0.1046820521334883,0.012037190768719907,0.10376888593724058,0.025485638386186286,0.03494936078366263,0.016021915988709945,0.10376888593724058,0.014859704466212851,0.10576124854723559,0.0002490453262493774,0.0030715590237423212,0.005811057612485473,0.018180308816204548
United_States_004292.jpg,transverse crack,control,0.012867341856217832,0.08691681886103271,0.013282417399966794,0.08807903038352981,0.012950356964967625,0.08733189440478167,0.013614477834965964,0.08658475842603354,0.013282417399966794,0.026481819691183794,0.013282417399966794,0.08807903038352981,0.01386352316121534,0.08774696994853064,0.0005811057612485472,0.0009961813049975095,0.001992362609995019,0.003237589241241906
United_States_004353.jpg,longitudinal crack,damage,0.014450525652636138,0.040044099696814585,0.014489900381934874,0.041067842658581724,0.014489900381934874,0.04024097334330826,0.014765523487026026,0.03996535023821711,0.008583690987124463,0.012284915541205654,0.014844272945623498,0.04020159861400953,0.017679253455132497,0.04394219789738946,0.0004331220222860968,0.0009843682324684017,0.001693113359845651,0.005906209394810411
United_States_004353.jpg,longitudinal crack,control,0.0014568649840532347,0.002165610111430484,0.0019293617356380675,0.0029531046974052054,0.0014568649840532347,0.002126235382131748,0.0013781155254557625,0.022522345158877032,0.008583690987124463,0.05583336614560775,0.0013781155254557625,0.022482970429578298,0.002047485923534276,0.002874355238807733,0.003898098200574871,0.023624837579241643,0.01070992636925621,0.05799897625703823
United_States_004444.jpg,alligator crack,damage,0.03156108597285068,0.041531997414350354,0.03028442146089205,0.04048157724628313,0.031577246283128635,0.04172592113768584,0.032223658694246926,0.04246929541047188,0.029395604395604395,0.07453135100193924,0.032110536522301225,0.04224305106658048,0.03259534583063995,0.04208144796380091,0.0004848093083387201,0.0012605042016806723,0.014996767937944409,0.021380090497737557
United_States_004444.jpg,alligator crack,control,0.012879767291531997,0.021024563671622497,0.008468002585649644,0.015319974143503555,0.012895927601809954,0.020717517776341305,0.01376858435681965,0.023270846800258566,0.031334841628959276,0.08597285067873303,0.011764705882352941,0.02063671622495152,0.013978668390433097,0.022107304460245638,0.0009534583063994828,0.003248222365869425,0.01911764705882353,0.03127020038784745
United_States_004463.jpg,transverse crack,damage,0.03202479338842975,0.04511019283746556,0.0203168044077135,0.030532598714416895,0.03179522497704316,0.04591368227731864,0.013200183654729108,0.020546372819100094,0.004591368227731864,0.013659320477502295,0.0203168044077135,0.028925619834710745,0.021464646464646464,0.03168044077134986,0.0001147842056932966,0.0001147842056932966,0.0010330578512396695,0.0014921946740128558
United_States_004463.jpg,transverse crack,control,0.002066115702479339,0.002640036730945822,0.0008034894398530762,0.0010330578512396695,0.0018365472910927456,0.0027548209366391185,0.0004591368227731864,0.0006887052341597796,0.0006887052341597796,0.0018365472910927456,0.0008034894398530762,0.0010330578512396695,0.0010330578512396695,0.0012626262626262627,0.0016069788797061523,0.0032139577594123047,0.0008034894398530762,0.00539485766758494
United_States_004463.jpg,alligator crack,damage,0.07387387387387387,0.1660472972972973,0.0509009009009009,0.10990990990990991,0.07494369369369369,0.16756756756756758,0.04617117117117117,0.11813063063063063,0.065990990990991,0.12792792792792793,0.05242117117117117,0.1134009009009009,0.05760135135135135,0.12984234234234235,0.0019144144144144144,0.0038288288288288288,0.01818693693693694,0.05377252252252252
United_States_004463.jpg,alligator crack,control,0.00028153153153153153,0.011655405405405406,0.00011261261261261261,0.009684684684684685,0.00028153153153153153,0.011486486486486487,0.00011261261261261261,0.009234234234234234,0.006137387387387387,0.006644144144144144,0.00011261261261261261,0.010022522522522523,0.00011261261261261261,0.009009009009009009,0.0006193693693693693,0.0012387387387387387,0.0012387387387387387,0.007713963963963964
United_States_004538.jpg,alligator crack,damage,0.0936375603334796,0.14406903612695626,0.09138511042855053,0.13908146848032762,0.0945151382185169,0.14452245136755887,0.0954219686997221,0.147725610647945,0.05015357612988153,0.11718590024864707,0.09637267807517917,0.14810589439812782,0.09697235629662132,0.14557554482960364,0.009302325581395349,0.029940032177855784,0.0719467602749744,0.09777680269123885
United_States_004538.jpg,alligator crack,control,0.10078982009653356,0.1397103992979377,0.104870557261957,0.14752084247476963,0.10059967822144215,0.13935936814392277,0.09953195846131344,0.14042708790405148,0.06771976012871142,0.15812490858563696,0.10491443615620887,0.1446394617522305,0.10299839110721076,0.14073424016381453,0.025800789820096533,0.043966652040368585,0.04904197747550095,0.13852566915313735
United_States_004538.jpg,longitudinal crack,damage,0.012131147540983607,0.014207650273224045,0.0126775956284153,0.01453551912568306,0.01180327868852459,0.013989071038251366,0.012021857923497269,0.014098360655737704,0.0,0.003278688524590164,0.012021857923497269,0.014098360655737704,0.013989071038251366,0.015737704918032787,0.0,0.0,0.0,0.0
United_States_004538.jpg,longitudinal crack,control,0.0292896174863388,0.06808743169398906,0.0273224043715847,0.0684153005464481,0.029508196721311476,0.06786885245901639,0.030491803278688525,0.06874316939890711,0.013442622950819673,0.022295081967213116,0.030491803278688525,0.06874316939890711,0.030382513661202187,0.0684153005464481,0.0,0.0004371584699453552,0.010382513661202186,0.012568306010928962
United_States_004555.jpg,longitudinal crack,damage,0.043560606060606064,0.043560606060606064,0.03977272727272727,0.03977272727272727,0.03787878787878788,0.03787878787878788,0.04734848484848485,0.04734848484848485,0.0,0.017045454545454544,0.04734848484848485,0.04734848484848485,0.054924242424242424,0.054924242424242424,0.0,0.0,0.0,0.0
United_States_004555.jpg,longitudinal crack,control,0.0,0.0,0.0,0.0,0.0,0.0,0.0,0.0,0.0,0.0,0.0,0.0,0.0,0.0,0.0,0.0,0.0,0.0
United_States_004555.jpg,longitudinal crack,damage,0.024516952242070726,0.027342325920524973,0.024061246810061977,0.027433467006926723,0.024699234414874226,0.027706890266131972,0.024881516587677725,0.027615749179730222,0.0036456434560699965,0.01831935836675173,0.024881516587677725,0.027615749179730222,0.029256288734961722,0.03363106088224572,0.0001822821728034998,0.0002734232592052497,0.002096244987240248,0.0074735690849434926
United_States_004555.jpg,longitudinal crack,control,0.006653299307327744,0.02989427633977397,0.006471017134524243,0.03299307327743347,0.006562158220925993,0.02980313525337222,0.0067444403937294934,0.02870944221655122,0.02788917243893547,0.03654757564710171,0.0067444403937294934,0.028891724389354723,0.00893182646737149,0.03390448414145097,0.0002734232592052497,0.0009114108640174991,0.026704338315712724,0.028982865475756472
United_States_004555.jpg,longitudinal crack,damage,0.019773706896551724,0.02252155172413793,0.02060883620689655,0.024380387931034482,0.020204741379310345,0.023141163793103447,0.01974676724137931,0.03658405172413793,0.013873922413793104,0.09490840517241379,0.01974676724137931,0.03658405172413793,0.02384159482758621,0.028098060344827588,0.0042025862068965514,0.02052801724137931,0.013550646551724138,0.08383620689655172
United_States_004555.jpg,longitudinal crack,control,0.02720905172413793,0.05099676724137931,0.028717672413793104,0.0525323275862069,0.027289870689655174,0.050619612068965515,0.028879310344827585,0.0660021551724138,0.07825969827586207,0.19903017241379312,0.029094827586206896,0.06357758620689655,0.03741918103448276,0.06567887931034483,0.008782327586206897,0.025969827586206896,0.06826508620689656,0.13782327586206897
United_States_004573.jpg,longitudinal crack,damage,0.04293079516161015,0.06702359706523894,0.042038469165179455,0.06662700773349196,0.044318857822724565,0.06751933372992266,0.041939321832242714,0.06851080705929011,0.0,0.01754907792980369,0.04233591116398969,0.06742018639698592,0.045211183819155266,0.06851080705929011,0.000793178663493952,0.002379535990481856,0.0040650406504065045,0.00694031330557208
United_States_004573.jpg,longitudinal crack,control,0.07267499504263335,0.11511005353955979,0.06950228038865755,0.11441602220900257,0.07148522704739242,0.11362284354550863,0.07485623636724172,0.11748958953004164,0.016954193932183226,0.07664088836010312,0.06870910172516359,0.11163989688677374,0.07138607971445568,0.11134245488796352,0.002379535990481856,0.022010707911957167,0.05562165377751339,0.10539361491175887
United_States_004573.jpg,longitudinal crack,damage,0.018259935553168637,0.02591299677765843,0.018259935553168637,0.02685284640171858,0.018125671321160042,0.02577873254564984,0.019602577873254565,0.026987110633727177,0.0,0.0053705692803437165,0.019602577873254565,0.026987110633727177,0.022556390977443608,0.030612244897959183,0.0,0.0,0.0,0.0001342642320085929
United_States_004573.jpg,longitudinal crack,control,0.026987110633727177,0.04054779806659506,0.02671858216970999,0.040413533834586464,0.026987110633727177,0.040682062298603654,0.02765843179377014,0.041353383458646614,0.0,0.005639097744360902,0.027389903329752954,0.04108485499462943,0.029269602577873255,0.04377013963480129,0.0,0.0,0.0,0.0
United_States_004573.jpg,longitudinal crack,damage,0.014844804318488529,0.018443544759334234,0.013945119208277103,0.017543859649122806,0.015294646873594242,0.018893387314439947,0.015294646873594242,0.018893387314439947,0.0,0.007197480881691408,0.015294646873594242,0.018893387314439947,0.017543859649122806,0.02114260008996851,0.0,0.0,0.0,0.0
United_States_004573.jpg,longitudinal crack,control,0.00899685110211426,0.0620782726045884,0.007647323436797121,0.06072874493927125,0.010796221322537112,0.06522717049032839,0.023391812865497075,0.07692307692307693,0.002249212775528565,0.024291497975708502,0.012145748987854251,0.06522717049032839,0.017094017094017096,0.06972559604138552,0.0,0.0,0.006747638326585695,0.012595591542959963
United_States_004725.jpg,longitudinal crack,damage,0.04256410256410256,0.11042735042735043,0.02358974358974359,0.0558974358974359,0.029914529914529916,0.08256410256410257,0.03504273504273504,0.09572649572649573,0.04495726495726496,0.1695726495726496,0.02358974358974359,0.05880341880341881,0.03777777777777778,0.09384615384615384,0.0003418803418803419,0.017948717948717947,0.10341880341880341,0.17264957264957265
United_States_004725.jpg,longitudinal crack,control,0.008547008547008548,0.09042735042735042,0.007350427350427351,0.031452991452991456,0.003076923076923077,0.07196581196581196,0.002393162393162393,0.08495726495726495,0.08615384615384615,0.15623931623931625,0.0071794871794871795,0.04358974358974359,0.007521367521367521,0.07863247863247863,0.019487179487179488,0.025128205128205128,0.04632478632478632,0.18564102564102564
United_States_004725.jpg,transverse crack,damage,0.009615384615384616,0.01971153846153846,0.00625,0.015384615384615385,0.007692307692307693,0.016346153846153847,0.007211538461538462,0.016346153846153847,0.0,0.0004807692307692308,0.00625,0.014903846153846155,0.007692307692307693,0.015384615384615385,0.0,0.0,0.0,0.0
United_States_004725.jpg,transverse crack,control,0.058173076923076925,0.07115384615384615,0.03894230769230769,0.051923076923076926,0.046634615384615385,0.058653846153846154,0.052403846153846155,0.061057692307692306,0.0,0.0009615384615384616,0.051923076923076926,0.06057692307692308,0.04375,0.052884615384615384,0.0,0.0,0.0,0.0
United_States_004725.jpg,transverse crack,damage,0.05,0.1388888888888889,0.035416666666666666,0.11041666666666666,0.034027777777777775,0.11180555555555556,0.03449074074074074,0.11319444444444444,0.0,0.0,0.03634259259259259,0.11412037037037037,0.035416666666666666,0.1111111111111111,0.0,0.0,0.005324074074074074,0.019444444444444445
United_States_004725.jpg,transverse crack,control,0.003703703703703704,0.004398148148148148,0.0023148148148148147,0.002777777777777778,0.0023148148148148147,0.0025462962962962965,0.0025462962962962965,0.002777777777777778,0.0,0.000462962962962963,0.0023148148148148147,0.002777777777777778,0.002777777777777778,0.0030092592592592593,0.0025462962962962965,0.003472222222222222,0.0016203703703703703,0.009722222222222222
United_States_004780.jpg,longitudinal crack,damage,0.011475409836065573,0.08647540983606557,0.01133879781420765,0.08538251366120218,0.011065573770491803,0.08620218579234973,0.008469945355191256,0.08183060109289618,0.0,0.004098360655737705,0.012021857923497269,0.08715846994535519,0.011475409836065573,0.0860655737704918,0.0001366120218579235,0.0012295081967213116,0.000273224043715847,0.0226775956284153
United_States_004780.jpg,longitudinal crack,control,0.10013661202185792,0.19453551912568307,0.10901639344262296,0.19822404371584698,0.10259562841530055,0.1987704918032787,0.08989071038251366,0.17295081967213113,0.05505464480874317,0.16489071038251366,0.1105191256830601,0.20765027322404372,0.11174863387978141,0.19986338797814207,0.011612021857923498,0.07622950819672131,0.04426229508196721,0.10710382513661203
United_States_004780.jpg,longitudinal crack,damage,0.01396735718769617,0.016792215944758316,0.013810420590081607,0.016792215944758316,0.014124293785310734,0.01694915254237288,0.011142498430634024,0.013025737602008789,0.0018832391713747645,0.003452605147520402,0.014595103578154425,0.01726302573760201,0.01396735718769617,0.01647834274952919,0.0,0.0,0.003452605147520402,0.004394224733207784
United_States_004780.jpg,longitudinal crack,control,0.0014124293785310734,0.03123038292529818,0.001726302573760201,0.028562460765850596,0.001098556183301946,0.030916509730069052,0.0006277463904582549,0.02997489014438167,0.0036095417451349654,0.008160703075957313,0.0020401757689893284,0.03248587570621469,0.0014124293785310734,0.030759573132454487,0.001098556183301946,0.001098556183301946,0.005021971123666039,0.026679221594475833
